"Nome comercial","Nome da oportunidade","Telefone principal","Instagram","Segmento","Fonte","Tags","Dor provavel","Gancho - Abordagem","Observacoes"
"EBLUSH MAQUIAGEM","NUC TikTok Shop x EBLUSH MAQUIAGEM","+55 24 99858-1164","https://instagram.com/eblushcosmeticos?igshid=MzRlODBiNWFlZA==","Beleza e Cosmeticos","Prospeccao Ativa - TikTok Shop","Barra Mansa","Vendas limitadas ao fluxo da loja fisica e Instagram organico; clientes compram uma vez e nao voltam; dificuldade em competir com e-commerces grandes; estoque parado de produtos que nao giram.","O TikTok Shop ja movimenta 22.5% do GMV global so em beleza e cosmeticos. A EBLUSH MAQUIAGEM vende exatamente o tipo de produto que mais converte em lives - perfumes, skincare, maquiagem. Quero mostrar como colocar seus produtos vendendo 24h no TikTok com uma apresentadora dedicada.","Empresa: EBLUSH MAQUIAGEM | Local: Barra Mansa | Nota Google: 5.0 (43 avaliacoes) | Categorias: Loja de cosmético, Loja de produtos de beleza, Estúdio de maquiagem | RANKING TIKTOK SHOP: Beleza, Perfumaria e Cosmeticos - Categoria #1 global (22.5% do GMV) | POR QUE ESSE NEGOCIO: Categoria #1 do TikTok Shop globalmente (22.5% do GMV). Demos de antes/depois, reviews de produtos e tutoriais de maquiagem viralizam naturalmente. Perfumes e skincare tem ticket medio alto (R$40-180) e alta margem. | PROPOSTA: Implementacao completa de TikTok Shop + apresentadora dedicada que vende os produtos em lives. O negocio so precisa fornecer os produtos - NUC cuida de toda a operacao digital."
"Pimentinha Utilidades","NUC TikTok Shop x Pimentinha Utilidades","+55 24 99288-7266","https://www.google.com/search?q=Pimentinha+Utilidades+Barra+Mansa+instagram","Beleza e Cosmeticos","Prospeccao Ativa - TikTok Shop","Barra Mansa","Vendas limitadas ao fluxo da loja fisica e Instagram organico; clientes compram uma vez e nao voltam; dificuldade em competir com e-commerces grandes; estoque parado de produtos que nao giram.","Beleza e a categoria numero 1 do TikTok Shop no mundo. A Pimentinha Utilidades tem 37 avaliacoes e ja e referencia local - imagine adicionar um canal de vendas onde uma apresentadora faz demos dos seus produtos ao vivo pra milhares de pessoas.","Empresa: Pimentinha Utilidades | Local: Barra Mansa | Nota Google: 4.9 (37 avaliacoes) | Categorias: Papelaria, Loja de produtos de beleza | RANKING TIKTOK SHOP: Beleza, Perfumaria e Cosmeticos - Categoria #1 global (22.5% do GMV) | POR QUE ESSE NEGOCIO: Categoria #1 do TikTok Shop globalmente (22.5% do GMV). Demos de antes/depois, reviews de produtos e tutoriais de maquiagem viralizam naturalmente. Perfumes e skincare tem ticket medio alto (R$40-180) e alta margem. | PROPOSTA: Implementacao completa de TikTok Shop + apresentadora dedicada que vende os produtos em lives. O negocio so precisa fornecer os produtos - NUC cuida de toda a operacao digital."
"Hello Makeup - Loja de Maquiagem","NUC TikTok Shop x Hello Makeup - Loja de Maquiagem","+55 24 99871-5838","https://www.instagram.com/hellomakeupoficial/","Beleza e Cosmeticos","Prospeccao Ativa - TikTok Shop","Barra Mansa","Vendas limitadas ao fluxo da loja fisica e Instagram organico; clientes compram uma vez e nao voltam; dificuldade em competir com e-commerces grandes; estoque parado de produtos que nao giram.","Beleza e a categoria numero 1 do TikTok Shop no mundo. A Hello Makeup - Loja de Maquiagem tem 36 avaliacoes e ja e referencia local - imagine adicionar um canal de vendas onde uma apresentadora faz demos dos seus produtos ao vivo pra milhares de pessoas.","Empresa: Hello Makeup - Loja de Maquiagem | Local: Barra Mansa | Nota Google: 5.0 (36 avaliacoes) | Categorias: Loja de cosmético | RANKING TIKTOK SHOP: Beleza, Perfumaria e Cosmeticos - Categoria #1 global (22.5% do GMV) | POR QUE ESSE NEGOCIO: Categoria #1 do TikTok Shop globalmente (22.5% do GMV). Demos de antes/depois, reviews de produtos e tutoriais de maquiagem viralizam naturalmente. Perfumes e skincare tem ticket medio alto (R$40-180) e alta margem. | PROPOSTA: Implementacao completa de TikTok Shop + apresentadora dedicada que vende os produtos em lives. O negocio so precisa fornecer os produtos - NUC cuida de toda a operacao digital."
"Fashion Hair Perfumaria","NUC TikTok Shop x Fashion Hair Perfumaria","+55 24 3322-8294","https://www.google.com/search?q=Fashion+Hair+Perfumaria+Barra+Mansa+instagram","Beleza e Cosmeticos","Prospeccao Ativa - TikTok Shop","Barra Mansa","Vendas limitadas ao fluxo da loja fisica e Instagram organico; clientes compram uma vez e nao voltam; dificuldade em competir com e-commerces grandes; estoque parado de produtos que nao giram.","O TikTok Shop ja movimenta 22.5% do GMV global so em beleza e cosmeticos. A Fashion Hair Perfumaria vende exatamente o tipo de produto que mais converte em lives - perfumes, skincare, maquiagem. Quero mostrar como colocar seus produtos vendendo 24h no TikTok com uma apresentadora dedicada.","Empresa: Fashion Hair Perfumaria | Local: Barra Mansa | Nota Google: 4.3 (30 avaliacoes) | Categorias: Salão de Beleza | RANKING TIKTOK SHOP: Beleza, Perfumaria e Cosmeticos - Categoria #1 global (22.5% do GMV) | POR QUE ESSE NEGOCIO: Categoria #1 do TikTok Shop globalmente (22.5% do GMV). Demos de antes/depois, reviews de produtos e tutoriais de maquiagem viralizam naturalmente. Perfumes e skincare tem ticket medio alto (R$40-180) e alta margem. | PROPOSTA: Implementacao completa de TikTok Shop + apresentadora dedicada que vende os produtos em lives. O negocio so precisa fornecer os produtos - NUC cuida de toda a operacao digital."
"Loja da Elvira Perfumaria","NUC TikTok Shop x Loja da Elvira Perfumaria","+55 24 3028-4315","https://www.google.com/search?q=Loja+da+Elvira+Perfumaria+Barra+Mansa+instagram","Beleza e Cosmeticos","Prospeccao Ativa - TikTok Shop","Barra Mansa","Vendas limitadas ao fluxo da loja fisica e Instagram organico; clientes compram uma vez e nao voltam; dificuldade em competir com e-commerces grandes; estoque parado de produtos que nao giram.","O TikTok Shop ja movimenta 22.5% do GMV global so em beleza e cosmeticos. A Loja da Elvira Perfumaria vende exatamente o tipo de produto que mais converte em lives - perfumes, skincare, maquiagem. Quero mostrar como colocar seus produtos vendendo 24h no TikTok com uma apresentadora dedicada.","Empresa: Loja da Elvira Perfumaria | Local: Barra Mansa | Nota Google: 4.2 (25 avaliacoes) | Categorias: Perfumaria | RANKING TIKTOK SHOP: Beleza, Perfumaria e Cosmeticos - Categoria #1 global (22.5% do GMV) | POR QUE ESSE NEGOCIO: Categoria #1 do TikTok Shop globalmente (22.5% do GMV). Demos de antes/depois, reviews de produtos e tutoriais de maquiagem viralizam naturalmente. Perfumes e skincare tem ticket medio alto (R$40-180) e alta margem. | PROPOSTA: Implementacao completa de TikTok Shop + apresentadora dedicada que vende os produtos em lives. O negocio so precisa fornecer os produtos - NUC cuida de toda a operacao digital."
"Amakha Paris- Centro de distribuição Exclusivo Barra Mansa-RJ","NUC TikTok Shop x Amakha Paris- Centro de distribuição Exclusivo Barra Mansa-RJ","+55 24 99991-0028","https://www.google.com/search?q=Amakha+Paris-+Centro+de+distribui%C3%A7%C3%A3o+Exclusivo+Barra+Mansa-RJ+Barra+Mansa+instagram","Beleza e Cosmeticos","Prospeccao Ativa - TikTok Shop","Barra Mansa","Vendas limitadas ao fluxo da loja fisica e Instagram organico; clientes compram uma vez e nao voltam; dificuldade em competir com e-commerces grandes; estoque parado de produtos que nao giram.","Beleza e a categoria numero 1 do TikTok Shop no mundo. A Amakha Paris- Centro de distribuição Exclusivo Barra Mansa-RJ tem 18 avaliacoes e ja e referencia local - imagine adicionar um canal de vendas onde uma apresentadora faz demos dos seus produtos ao vivo pra milhares de pessoas.","Empresa: Amakha Paris- Centro de distribuição Exclusivo Barra Mansa-RJ | Local: Barra Mansa | Nota Google: 5.0 (18 avaliacoes) | Categorias: Perfumaria | RANKING TIKTOK SHOP: Beleza, Perfumaria e Cosmeticos - Categoria #1 global (22.5% do GMV) | POR QUE ESSE NEGOCIO: Categoria #1 do TikTok Shop globalmente (22.5% do GMV). Demos de antes/depois, reviews de produtos e tutoriais de maquiagem viralizam naturalmente. Perfumes e skincare tem ticket medio alto (R$40-180) e alta margem. | PROPOSTA: Implementacao completa de TikTok Shop + apresentadora dedicada que vende os produtos em lives. O negocio so precisa fornecer os produtos - NUC cuida de toda a operacao digital."
"Le Parfum","NUC TikTok Shop x Le Parfum","+55 24 98126-4093","https://instagram.com/leparfum.bm?igshid=MmVlMjlkMTBhMg==&utm_source=qr","Beleza e Cosmeticos","Prospeccao Ativa - TikTok Shop","Barra Mansa","Vendas limitadas ao fluxo da loja fisica e Instagram organico; clientes compram uma vez e nao voltam; dificuldade em competir com e-commerces grandes; estoque parado de produtos que nao giram.","Pesquisei os negocios de Barra Mansa com maior potencial no TikTok Shop e a Le Parfum se destacou. Cosmeticos e perfumaria lideram as vendas na plataforma globalmente - quero apresentar como implementar isso no seu negocio com zero esforco da sua parte.","Empresa: Le Parfum | Local: Barra Mansa | Nota Google: 5.0 (17 avaliacoes) | Categorias: Loja de cosmético | RANKING TIKTOK SHOP: Beleza, Perfumaria e Cosmeticos - Categoria #1 global (22.5% do GMV) | POR QUE ESSE NEGOCIO: Categoria #1 do TikTok Shop globalmente (22.5% do GMV). Demos de antes/depois, reviews de produtos e tutoriais de maquiagem viralizam naturalmente. Perfumes e skincare tem ticket medio alto (R$40-180) e alta margem. | PROPOSTA: Implementacao completa de TikTok Shop + apresentadora dedicada que vende os produtos em lives. O negocio so precisa fornecer os produtos - NUC cuida de toda a operacao digital."
"Studio TR Beauty","NUC TikTok Shop x Studio TR Beauty","+55 24 99999-2266","https://www.google.com/search?q=Studio+TR+Beauty+Barra+Mansa+instagram","Beleza e Cosmeticos","Prospeccao Ativa - TikTok Shop","Barra Mansa","Vendas limitadas ao fluxo da loja fisica e Instagram organico; clientes compram uma vez e nao voltam; dificuldade em competir com e-commerces grandes; estoque parado de produtos que nao giram.","Pesquisei os negocios de Barra Mansa com maior potencial no TikTok Shop e a Studio TR Beauty se destacou. Cosmeticos e perfumaria lideram as vendas na plataforma globalmente - quero apresentar como implementar isso no seu negocio com zero esforco da sua parte.","Empresa: Studio TR Beauty | Local: Barra Mansa | Nota Google: 5.0 (15 avaliacoes) | Categorias: Estúdio de maquiagem | RANKING TIKTOK SHOP: Beleza, Perfumaria e Cosmeticos - Categoria #1 global (22.5% do GMV) | POR QUE ESSE NEGOCIO: Categoria #1 do TikTok Shop globalmente (22.5% do GMV). Demos de antes/depois, reviews de produtos e tutoriais de maquiagem viralizam naturalmente. Perfumes e skincare tem ticket medio alto (R$40-180) e alta margem. | PROPOSTA: Implementacao completa de TikTok Shop + apresentadora dedicada que vende os produtos em lives. O negocio so precisa fornecer os produtos - NUC cuida de toda a operacao digital."
"Makeup Paula Gonçalves","NUC TikTok Shop x Makeup Paula Gonçalves","+55 24 98812-8909","https://www.instagram.com/makeuppaulagoncalves/","Beleza e Cosmeticos","Prospeccao Ativa - TikTok Shop","Barra Mansa","Vendas limitadas ao fluxo da loja fisica e Instagram organico; clientes compram uma vez e nao voltam; dificuldade em competir com e-commerces grandes; estoque parado de produtos que nao giram.","O TikTok Shop ja movimenta 22.5% do GMV global so em beleza e cosmeticos. A Makeup Paula Gonçalves vende exatamente o tipo de produto que mais converte em lives - perfumes, skincare, maquiagem. Quero mostrar como colocar seus produtos vendendo 24h no TikTok com uma apresentadora dedicada.","Empresa: Makeup Paula Gonçalves | Local: Barra Mansa | Nota Google: 5.0 (15 avaliacoes) | Categorias: Estúdio de maquiagem | RANKING TIKTOK SHOP: Beleza, Perfumaria e Cosmeticos - Categoria #1 global (22.5% do GMV) | POR QUE ESSE NEGOCIO: Categoria #1 do TikTok Shop globalmente (22.5% do GMV). Demos de antes/depois, reviews de produtos e tutoriais de maquiagem viralizam naturalmente. Perfumes e skincare tem ticket medio alto (R$40-180) e alta margem. | PROPOSTA: Implementacao completa de TikTok Shop + apresentadora dedicada que vende os produtos em lives. O negocio so precisa fornecer os produtos - NUC cuida de toda a operacao digital."
"Fashion Nail","NUC TikTok Shop x Fashion Nail","+55 24 99916-5494","https://www.instagram.com/fashionnailbm/","Beleza e Cosmeticos","Prospeccao Ativa - TikTok Shop","Barra Mansa","Vendas limitadas ao fluxo da loja fisica e Instagram organico; clientes compram uma vez e nao voltam; dificuldade em competir com e-commerces grandes; estoque parado de produtos que nao giram.","O TikTok Shop ja movimenta 22.5% do GMV global so em beleza e cosmeticos. A Fashion Nail vende exatamente o tipo de produto que mais converte em lives - perfumes, skincare, maquiagem. Quero mostrar como colocar seus produtos vendendo 24h no TikTok com uma apresentadora dedicada.","Empresa: Fashion Nail | Local: Barra Mansa | Nota Google: 4.1 (14 avaliacoes) | Categorias: Loja de cosmético | RANKING TIKTOK SHOP: Beleza, Perfumaria e Cosmeticos - Categoria #1 global (22.5% do GMV) | POR QUE ESSE NEGOCIO: Categoria #1 do TikTok Shop globalmente (22.5% do GMV). Demos de antes/depois, reviews de produtos e tutoriais de maquiagem viralizam naturalmente. Perfumes e skincare tem ticket medio alto (R$40-180) e alta margem. | PROPOSTA: Implementacao completa de TikTok Shop + apresentadora dedicada que vende os produtos em lives. O negocio so precisa fornecer os produtos - NUC cuida de toda a operacao digital."
"Le Blonde Cosmeticos","NUC TikTok Shop x Le Blonde Cosmeticos","+55 24 99859-7698","https://www.google.com/search?q=Le+Blonde+Cosmeticos+Barra+Mansa+instagram","Beleza e Cosmeticos","Prospeccao Ativa - TikTok Shop","Barra Mansa","Vendas limitadas ao fluxo da loja fisica e Instagram organico; clientes compram uma vez e nao voltam; dificuldade em competir com e-commerces grandes; estoque parado de produtos que nao giram.","Pesquisei os negocios de Barra Mansa com maior potencial no TikTok Shop e a Le Blonde Cosmeticos se destacou. Cosmeticos e perfumaria lideram as vendas na plataforma globalmente - quero apresentar como implementar isso no seu negocio com zero esforco da sua parte.","Empresa: Le Blonde Cosmeticos | Local: Barra Mansa | Nota Google: 5.0 (11 avaliacoes) | Categorias: Loja de cosmético | RANKING TIKTOK SHOP: Beleza, Perfumaria e Cosmeticos - Categoria #1 global (22.5% do GMV) | POR QUE ESSE NEGOCIO: Categoria #1 do TikTok Shop globalmente (22.5% do GMV). Demos de antes/depois, reviews de produtos e tutoriais de maquiagem viralizam naturalmente. Perfumes e skincare tem ticket medio alto (R$40-180) e alta margem. | PROPOSTA: Implementacao completa de TikTok Shop + apresentadora dedicada que vende os produtos em lives. O negocio so precisa fornecer os produtos - NUC cuida de toda a operacao digital."
"Fashion Hair Perfumaria","NUC TikTok Shop x Fashion Hair Perfumaria","+55 24 3323-8002","https://www.google.com/search?q=Fashion+Hair+Perfumaria+Barra+Mansa+instagram","Beleza e Cosmeticos","Prospeccao Ativa - TikTok Shop","Barra Mansa","Vendas limitadas ao fluxo da loja fisica e Instagram organico; clientes compram uma vez e nao voltam; dificuldade em competir com e-commerces grandes; estoque parado de produtos que nao giram.","O TikTok Shop ja movimenta 22.5% do GMV global so em beleza e cosmeticos. A Fashion Hair Perfumaria vende exatamente o tipo de produto que mais converte em lives - perfumes, skincare, maquiagem. Quero mostrar como colocar seus produtos vendendo 24h no TikTok com uma apresentadora dedicada.","Empresa: Fashion Hair Perfumaria | Local: Barra Mansa | Nota Google: 4.4 (9 avaliacoes) | Categorias: Perfumaria | RANKING TIKTOK SHOP: Beleza, Perfumaria e Cosmeticos - Categoria #1 global (22.5% do GMV) | POR QUE ESSE NEGOCIO: Categoria #1 do TikTok Shop globalmente (22.5% do GMV). Demos de antes/depois, reviews de produtos e tutoriais de maquiagem viralizam naturalmente. Perfumes e skincare tem ticket medio alto (R$40-180) e alta margem. | PROPOSTA: Implementacao completa de TikTok Shop + apresentadora dedicada que vende os produtos em lives. O negocio so precisa fornecer os produtos - NUC cuida de toda a operacao digital."
"Jeniffer Brasil Maquiadora EXPERT em NOIVAS - BARRA MANSA,Volta redonda, Angra dos Reis,Bananal, Resende","NUC TikTok Shop x Jeniffer Brasil Maquiadora EXPERT em NOIVAS - BARRA MANSA,Volta redonda, Angra dos Reis,Bananal, Resende","+55 24 97402-3090","https://www.instagram.com/jenifferbrasil/","Beleza e Cosmeticos","Prospeccao Ativa - TikTok Shop","Barra Mansa","Vendas limitadas ao fluxo da loja fisica e Instagram organico; clientes compram uma vez e nao voltam; dificuldade em competir com e-commerces grandes; estoque parado de produtos que nao giram.","Pesquisei os negocios de Barra Mansa com maior potencial no TikTok Shop e a Jeniffer Brasil Maquiadora EXPERT em NOIVAS - BARRA MANSA,Volta redonda, Angra dos Reis,Bananal, Resende se destacou. Cosmeticos e perfumaria lideram as vendas na plataforma globalmente - quero apresentar como implementar isso no seu negocio com zero esforco da sua parte.","Empresa: Jeniffer Brasil Maquiadora EXPERT em NOIVAS - BARRA MANSA,Volta redonda, Angra dos Reis,Bananal, Resende | Local: Barra Mansa | Nota Google: 5.0 (9 avaliacoes) | Categorias: Estúdio de maquiagem | RANKING TIKTOK SHOP: Beleza, Perfumaria e Cosmeticos - Categoria #1 global (22.5% do GMV) | POR QUE ESSE NEGOCIO: Categoria #1 do TikTok Shop globalmente (22.5% do GMV). Demos de antes/depois, reviews de produtos e tutoriais de maquiagem viralizam naturalmente. Perfumes e skincare tem ticket medio alto (R$40-180) e alta margem. | PROPOSTA: Implementacao completa de TikTok Shop + apresentadora dedicada que vende os produtos em lives. O negocio so precisa fornecer os produtos - NUC cuida de toda a operacao digital."
"Sillpresentes Variedades","NUC TikTok Shop x Sillpresentes Variedades","+55 24 99891-8116","https://www.google.com/search?q=Sillpresentes+Variedades+Barra+Mansa+instagram","Beleza e Cosmeticos","Prospeccao Ativa - TikTok Shop","Barra Mansa","Vendas limitadas ao fluxo da loja fisica e Instagram organico; clientes compram uma vez e nao voltam; dificuldade em competir com e-commerces grandes; estoque parado de produtos que nao giram.","Beleza e a categoria numero 1 do TikTok Shop no mundo. A Sillpresentes Variedades tem 7 avaliacoes e ja e referencia local - imagine adicionar um canal de vendas onde uma apresentadora faz demos dos seus produtos ao vivo pra milhares de pessoas.","Empresa: Sillpresentes Variedades | Local: Barra Mansa | Nota Google: 5.0 (7 avaliacoes) | Categorias: Loja de presentes, Loja de produtos de beleza, Loja de cestas de presente, Loja de variedades | RANKING TIKTOK SHOP: Beleza, Perfumaria e Cosmeticos - Categoria #1 global (22.5% do GMV) | POR QUE ESSE NEGOCIO: Categoria #1 do TikTok Shop globalmente (22.5% do GMV). Demos de antes/depois, reviews de produtos e tutoriais de maquiagem viralizam naturalmente. Perfumes e skincare tem ticket medio alto (R$40-180) e alta margem. | PROPOSTA: Implementacao completa de TikTok Shop + apresentadora dedicada que vende os produtos em lives. O negocio so precisa fornecer os produtos - NUC cuida de toda a operacao digital."
"La Belle perfumaria","NUC TikTok Shop x La Belle perfumaria","+55 24 3323-0223","https://www.google.com/search?q=La+Belle+perfumaria+Barra+Mansa+instagram","Beleza e Cosmeticos","Prospeccao Ativa - TikTok Shop","Barra Mansa","Vendas limitadas ao fluxo da loja fisica e Instagram organico; clientes compram uma vez e nao voltam; dificuldade em competir com e-commerces grandes; estoque parado de produtos que nao giram.","Pesquisei os negocios de Barra Mansa com maior potencial no TikTok Shop e a La Belle perfumaria se destacou. Cosmeticos e perfumaria lideram as vendas na plataforma globalmente - quero apresentar como implementar isso no seu negocio com zero esforco da sua parte.","Empresa: La Belle perfumaria | Local: Barra Mansa | Nota Google: 3.7 (6 avaliacoes) | Categorias: Perfumaria | RANKING TIKTOK SHOP: Beleza, Perfumaria e Cosmeticos - Categoria #1 global (22.5% do GMV) | POR QUE ESSE NEGOCIO: Categoria #1 do TikTok Shop globalmente (22.5% do GMV). Demos de antes/depois, reviews de produtos e tutoriais de maquiagem viralizam naturalmente. Perfumes e skincare tem ticket medio alto (R$40-180) e alta margem. | PROPOSTA: Implementacao completa de TikTok Shop + apresentadora dedicada que vende os produtos em lives. O negocio so precisa fornecer os produtos - NUC cuida de toda a operacao digital."
"Perfumaria 16","NUC TikTok Shop x Perfumaria 16","+55 24 99842-1966","https://www.google.com/search?q=Perfumaria+16+Barra+Mansa+instagram","Beleza e Cosmeticos","Prospeccao Ativa - TikTok Shop","Barra Mansa","Vendas limitadas ao fluxo da loja fisica e Instagram organico; clientes compram uma vez e nao voltam; dificuldade em competir com e-commerces grandes; estoque parado de produtos que nao giram.","O TikTok Shop ja movimenta 22.5% do GMV global so em beleza e cosmeticos. A Perfumaria 16 vende exatamente o tipo de produto que mais converte em lives - perfumes, skincare, maquiagem. Quero mostrar como colocar seus produtos vendendo 24h no TikTok com uma apresentadora dedicada.","Empresa: Perfumaria 16 | Local: Barra Mansa | Nota Google: 4.6 (5 avaliacoes) | Categorias: Perfumaria, Fornecedor de produtos de beleza, Loja de presentes | RANKING TIKTOK SHOP: Beleza, Perfumaria e Cosmeticos - Categoria #1 global (22.5% do GMV) | POR QUE ESSE NEGOCIO: Categoria #1 do TikTok Shop globalmente (22.5% do GMV). Demos de antes/depois, reviews de produtos e tutoriais de maquiagem viralizam naturalmente. Perfumes e skincare tem ticket medio alto (R$40-180) e alta margem. | PROPOSTA: Implementacao completa de TikTok Shop + apresentadora dedicada que vende os produtos em lives. O negocio so precisa fornecer os produtos - NUC cuida de toda a operacao digital."
"Anju Cosméticos - Maquiagem","NUC TikTok Shop x Anju Cosméticos - Maquiagem","+55 24 99313-6537","https://www.google.com/search?q=Anju+Cosm%C3%A9ticos+-+Maquiagem+Barra+Mansa+instagram","Beleza e Cosmeticos","Prospeccao Ativa - TikTok Shop","Barra Mansa","Vendas limitadas ao fluxo da loja fisica e Instagram organico; clientes compram uma vez e nao voltam; dificuldade em competir com e-commerces grandes; estoque parado de produtos que nao giram.","Pesquisei os negocios de Barra Mansa com maior potencial no TikTok Shop e a Anju Cosméticos - Maquiagem se destacou. Cosmeticos e perfumaria lideram as vendas na plataforma globalmente - quero apresentar como implementar isso no seu negocio com zero esforco da sua parte.","Empresa: Anju Cosméticos - Maquiagem | Local: Barra Mansa | Nota Google: 5.0 (3 avaliacoes) | Categorias: Loja de cosmético | RANKING TIKTOK SHOP: Beleza, Perfumaria e Cosmeticos - Categoria #1 global (22.5% do GMV) | POR QUE ESSE NEGOCIO: Categoria #1 do TikTok Shop globalmente (22.5% do GMV). Demos de antes/depois, reviews de produtos e tutoriais de maquiagem viralizam naturalmente. Perfumes e skincare tem ticket medio alto (R$40-180) e alta margem. | PROPOSTA: Implementacao completa de TikTok Shop + apresentadora dedicada que vende os produtos em lives. O negocio so precisa fornecer os produtos - NUC cuida de toda a operacao digital."
"Fashion Hair Perfumaria Barão de Guapi.","NUC TikTok Shop x Fashion Hair Perfumaria Barão de Guapi.","+55 24 99996-3794","https://www.instagram.com/fashionhairperfumaria/","Beleza e Cosmeticos","Prospeccao Ativa - TikTok Shop","Barra Mansa","Vendas limitadas ao fluxo da loja fisica e Instagram organico; clientes compram uma vez e nao voltam; dificuldade em competir com e-commerces grandes; estoque parado de produtos que nao giram.","Pesquisei os negocios de Barra Mansa com maior potencial no TikTok Shop e a Fashion Hair Perfumaria Barão de Guapi. se destacou. Cosmeticos e perfumaria lideram as vendas na plataforma globalmente - quero apresentar como implementar isso no seu negocio com zero esforco da sua parte.","Empresa: Fashion Hair Perfumaria Barão de Guapi. | Local: Barra Mansa | Nota Google: 5.0 (3 avaliacoes) | Categorias: Perfumaria | RANKING TIKTOK SHOP: Beleza, Perfumaria e Cosmeticos - Categoria #1 global (22.5% do GMV) | POR QUE ESSE NEGOCIO: Categoria #1 do TikTok Shop globalmente (22.5% do GMV). Demos de antes/depois, reviews de produtos e tutoriais de maquiagem viralizam naturalmente. Perfumes e skincare tem ticket medio alto (R$40-180) e alta margem. | PROPOSTA: Implementacao completa de TikTok Shop + apresentadora dedicada que vende os produtos em lives. O negocio so precisa fornecer os produtos - NUC cuida de toda a operacao digital."
"Bella Cosméticos","NUC TikTok Shop x Bella Cosméticos","Prospectar presencialmente","https://www.google.com/search?q=Bella+Cosm%C3%A9ticos+Barra+Mansa+instagram","Beleza e Cosmeticos","Prospeccao Ativa - TikTok Shop","Barra Mansa","Vendas limitadas ao fluxo da loja fisica e Instagram organico; clientes compram uma vez e nao voltam; dificuldade em competir com e-commerces grandes; estoque parado de produtos que nao giram.","O TikTok Shop ja movimenta 22.5% do GMV global so em beleza e cosmeticos. A Bella Cosméticos vende exatamente o tipo de produto que mais converte em lives - perfumes, skincare, maquiagem. Quero mostrar como colocar seus produtos vendendo 24h no TikTok com uma apresentadora dedicada.","Empresa: Bella Cosméticos | Local: Barra Mansa | Nota Google: 4.7 (3 avaliacoes) | Categorias: Loja de cosmético | RANKING TIKTOK SHOP: Beleza, Perfumaria e Cosmeticos - Categoria #1 global (22.5% do GMV) | POR QUE ESSE NEGOCIO: Categoria #1 do TikTok Shop globalmente (22.5% do GMV). Demos de antes/depois, reviews de produtos e tutoriais de maquiagem viralizam naturalmente. Perfumes e skincare tem ticket medio alto (R$40-180) e alta margem. | PROPOSTA: Implementacao completa de TikTok Shop + apresentadora dedicada que vende os produtos em lives. O negocio so precisa fornecer os produtos - NUC cuida de toda a operacao digital."
"Perfumaria Fashion Hair","NUC TikTok Shop x Perfumaria Fashion Hair","+55 24 3323-4140","https://www.google.com/search?q=Perfumaria+Fashion+Hair+Barra+Mansa+instagram","Beleza e Cosmeticos","Prospeccao Ativa - TikTok Shop","Barra Mansa","Vendas limitadas ao fluxo da loja fisica e Instagram organico; clientes compram uma vez e nao voltam; dificuldade em competir com e-commerces grandes; estoque parado de produtos que nao giram.","Beleza e a categoria numero 1 do TikTok Shop no mundo. A Perfumaria Fashion Hair tem 2 avaliacoes e ja e referencia local - imagine adicionar um canal de vendas onde uma apresentadora faz demos dos seus produtos ao vivo pra milhares de pessoas.","Empresa: Perfumaria Fashion Hair | Local: Barra Mansa | Nota Google: 4.0 (2 avaliacoes) | Categorias: Loja de cosmético | RANKING TIKTOK SHOP: Beleza, Perfumaria e Cosmeticos - Categoria #1 global (22.5% do GMV) | POR QUE ESSE NEGOCIO: Categoria #1 do TikTok Shop globalmente (22.5% do GMV). Demos de antes/depois, reviews de produtos e tutoriais de maquiagem viralizam naturalmente. Perfumes e skincare tem ticket medio alto (R$40-180) e alta margem. | PROPOSTA: Implementacao completa de TikTok Shop + apresentadora dedicada que vende os produtos em lives. O negocio so precisa fornecer os produtos - NUC cuida de toda a operacao digital."
"DJD Essence & Imports I Perfumaria em Barra Mansa","NUC TikTok Shop x DJD Essence & Imports I Perfumaria em Barra Mansa","Prospectar presencialmente","https://www.google.com/search?q=DJD+Essence+%26+Imports+I+Perfumaria+em+Barra+Mansa+Barra+Mansa+instagram","Beleza e Cosmeticos","Prospeccao Ativa - TikTok Shop","Barra Mansa","Vendas limitadas ao fluxo da loja fisica e Instagram organico; clientes compram uma vez e nao voltam; dificuldade em competir com e-commerces grandes; estoque parado de produtos que nao giram.","Pesquisei os negocios de Barra Mansa com maior potencial no TikTok Shop e a DJD Essence & Imports I Perfumaria em Barra Mansa se destacou. Cosmeticos e perfumaria lideram as vendas na plataforma globalmente - quero apresentar como implementar isso no seu negocio com zero esforco da sua parte.","Empresa: DJD Essence & Imports I Perfumaria em Barra Mansa | Local: Barra Mansa | Nota Google: 5.0 (2 avaliacoes) | Categorias: Perfumaria, Fornecedor de produtos de beleza, Loja de cosmético | RANKING TIKTOK SHOP: Beleza, Perfumaria e Cosmeticos - Categoria #1 global (22.5% do GMV) | POR QUE ESSE NEGOCIO: Categoria #1 do TikTok Shop globalmente (22.5% do GMV). Demos de antes/depois, reviews de produtos e tutoriais de maquiagem viralizam naturalmente. Perfumes e skincare tem ticket medio alto (R$40-180) e alta margem. | PROPOSTA: Implementacao completa de TikTok Shop + apresentadora dedicada que vende os produtos em lives. O negocio so precisa fornecer os produtos - NUC cuida de toda a operacao digital."
"Mais Essências","NUC TikTok Shop x Mais Essências","+55 24 3028-0012","https://www.google.com/search?q=Mais+Ess%C3%AAncias+Barra+Mansa+instagram","Beleza e Cosmeticos","Prospeccao Ativa - TikTok Shop","Barra Mansa","Vendas limitadas ao fluxo da loja fisica e Instagram organico; clientes compram uma vez e nao voltam; dificuldade em competir com e-commerces grandes; estoque parado de produtos que nao giram.","Beleza e a categoria numero 1 do TikTok Shop no mundo. A Mais Essências tem 2 avaliacoes e ja e referencia local - imagine adicionar um canal de vendas onde uma apresentadora faz demos dos seus produtos ao vivo pra milhares de pessoas.","Empresa: Mais Essências | Local: Barra Mansa | Nota Google: 3.0 (2 avaliacoes) | Categorias: Perfumaria | RANKING TIKTOK SHOP: Beleza, Perfumaria e Cosmeticos - Categoria #1 global (22.5% do GMV) | POR QUE ESSE NEGOCIO: Categoria #1 do TikTok Shop globalmente (22.5% do GMV). Demos de antes/depois, reviews de produtos e tutoriais de maquiagem viralizam naturalmente. Perfumes e skincare tem ticket medio alto (R$40-180) e alta margem. | PROPOSTA: Implementacao completa de TikTok Shop + apresentadora dedicada que vende os produtos em lives. O negocio so precisa fornecer os produtos - NUC cuida de toda a operacao digital."
"Belle Essence Perfumaria","NUC TikTok Shop x Belle Essence Perfumaria","+55 24 99916-5090","https://www.google.com/search?q=Belle+Essence+Perfumaria+Barra+Mansa+instagram","Beleza e Cosmeticos","Prospeccao Ativa - TikTok Shop","Barra Mansa","Vendas limitadas ao fluxo da loja fisica e Instagram organico; clientes compram uma vez e nao voltam; dificuldade em competir com e-commerces grandes; estoque parado de produtos que nao giram.","Beleza e a categoria numero 1 do TikTok Shop no mundo. A Belle Essence Perfumaria tem 1 avaliacoes e ja e referencia local - imagine adicionar um canal de vendas onde uma apresentadora faz demos dos seus produtos ao vivo pra milhares de pessoas.","Empresa: Belle Essence Perfumaria | Local: Barra Mansa | Nota Google: 5.0 (1 avaliacoes) | Categorias: Loja de cosmético | RANKING TIKTOK SHOP: Beleza, Perfumaria e Cosmeticos - Categoria #1 global (22.5% do GMV) | POR QUE ESSE NEGOCIO: Categoria #1 do TikTok Shop globalmente (22.5% do GMV). Demos de antes/depois, reviews de produtos e tutoriais de maquiagem viralizam naturalmente. Perfumes e skincare tem ticket medio alto (R$40-180) e alta margem. | PROPOSTA: Implementacao completa de TikTok Shop + apresentadora dedicada que vende os produtos em lives. O negocio so precisa fornecer os produtos - NUC cuida de toda a operacao digital."
"Mundo da Beleza BM","NUC TikTok Shop x Mundo da Beleza BM","+55 24 98857-8063","https://www.google.com/search?q=Mundo+da+Beleza+BM+Barra+Mansa+instagram","Beleza e Cosmeticos","Prospeccao Ativa - TikTok Shop","Barra Mansa","Vendas limitadas ao fluxo da loja fisica e Instagram organico; clientes compram uma vez e nao voltam; dificuldade em competir com e-commerces grandes; estoque parado de produtos que nao giram.","Pesquisei os negocios de Barra Mansa com maior potencial no TikTok Shop e a Mundo da Beleza BM se destacou. Cosmeticos e perfumaria lideram as vendas na plataforma globalmente - quero apresentar como implementar isso no seu negocio com zero esforco da sua parte.","Empresa: Mundo da Beleza BM | Local: Barra Mansa | Nota Google: 5.0 (1 avaliacoes) | Categorias: Loja de cosmético, Perfumaria | RANKING TIKTOK SHOP: Beleza, Perfumaria e Cosmeticos - Categoria #1 global (22.5% do GMV) | POR QUE ESSE NEGOCIO: Categoria #1 do TikTok Shop globalmente (22.5% do GMV). Demos de antes/depois, reviews de produtos e tutoriais de maquiagem viralizam naturalmente. Perfumes e skincare tem ticket medio alto (R$40-180) e alta margem. | PROPOSTA: Implementacao completa de TikTok Shop + apresentadora dedicada que vende os produtos em lives. O negocio so precisa fornecer os produtos - NUC cuida de toda a operacao digital."
"Bellas Fashion Cosméticos","NUC TikTok Shop x Bellas Fashion Cosméticos","+55 24 3322-7006","https://www.google.com/search?q=Bellas+Fashion+Cosm%C3%A9ticos+Barra+Mansa+instagram","Beleza e Cosmeticos","Prospeccao Ativa - TikTok Shop","Barra Mansa","Vendas limitadas ao fluxo da loja fisica e Instagram organico; clientes compram uma vez e nao voltam; dificuldade em competir com e-commerces grandes; estoque parado de produtos que nao giram.","O TikTok Shop ja movimenta 22.5% do GMV global so em beleza e cosmeticos. A Bellas Fashion Cosméticos vende exatamente o tipo de produto que mais converte em lives - perfumes, skincare, maquiagem. Quero mostrar como colocar seus produtos vendendo 24h no TikTok com uma apresentadora dedicada.","Empresa: Bellas Fashion Cosméticos | Local: Barra Mansa | Nota Google: 5.0 (1 avaliacoes) | Categorias: Loja de cosmético | RANKING TIKTOK SHOP: Beleza, Perfumaria e Cosmeticos - Categoria #1 global (22.5% do GMV) | POR QUE ESSE NEGOCIO: Categoria #1 do TikTok Shop globalmente (22.5% do GMV). Demos de antes/depois, reviews de produtos e tutoriais de maquiagem viralizam naturalmente. Perfumes e skincare tem ticket medio alto (R$40-180) e alta margem. | PROPOSTA: Implementacao completa de TikTok Shop + apresentadora dedicada que vende os produtos em lives. O negocio so precisa fornecer os produtos - NUC cuida de toda a operacao digital."
"Liz Perfumaria Boa Vista","NUC TikTok Shop x Liz Perfumaria Boa Vista","Prospectar presencialmente","https://www.google.com/search?q=Liz+Perfumaria+Boa+Vista+Barra+Mansa+instagram","Beleza e Cosmeticos","Prospeccao Ativa - TikTok Shop","Barra Mansa","Vendas limitadas ao fluxo da loja fisica e Instagram organico; clientes compram uma vez e nao voltam; dificuldade em competir com e-commerces grandes; estoque parado de produtos que nao giram.","O TikTok Shop ja movimenta 22.5% do GMV global so em beleza e cosmeticos. A Liz Perfumaria Boa Vista vende exatamente o tipo de produto que mais converte em lives - perfumes, skincare, maquiagem. Quero mostrar como colocar seus produtos vendendo 24h no TikTok com uma apresentadora dedicada.","Empresa: Liz Perfumaria Boa Vista | Local: Barra Mansa | Nota Google: 5.0 (1 avaliacoes) | Categorias: Perfumaria | RANKING TIKTOK SHOP: Beleza, Perfumaria e Cosmeticos - Categoria #1 global (22.5% do GMV) | POR QUE ESSE NEGOCIO: Categoria #1 do TikTok Shop globalmente (22.5% do GMV). Demos de antes/depois, reviews de produtos e tutoriais de maquiagem viralizam naturalmente. Perfumes e skincare tem ticket medio alto (R$40-180) e alta margem. | PROPOSTA: Implementacao completa de TikTok Shop + apresentadora dedicada que vende os produtos em lives. O negocio so precisa fornecer os produtos - NUC cuida de toda a operacao digital."
"Raul Correa | Perfumes Importados","NUC TikTok Shop x Raul Correa | Perfumes Importados","+55 24 97401-1624","https://www.google.com/search?q=Raul+Correa+%7C+Perfumes+Importados+Barra+Mansa+instagram","Beleza e Cosmeticos","Prospeccao Ativa - TikTok Shop","Barra Mansa","Vendas limitadas ao fluxo da loja fisica e Instagram organico; clientes compram uma vez e nao voltam; dificuldade em competir com e-commerces grandes; estoque parado de produtos que nao giram.","O TikTok Shop ja movimenta 22.5% do GMV global so em beleza e cosmeticos. A Raul Correa | Perfumes Importados vende exatamente o tipo de produto que mais converte em lives - perfumes, skincare, maquiagem. Quero mostrar como colocar seus produtos vendendo 24h no TikTok com uma apresentadora dedicada.","Empresa: Raul Correa | Perfumes Importados | Local: Barra Mansa | Nota Google: 5.0 (1 avaliacoes) | Categorias: Perfumaria | RANKING TIKTOK SHOP: Beleza, Perfumaria e Cosmeticos - Categoria #1 global (22.5% do GMV) | POR QUE ESSE NEGOCIO: Categoria #1 do TikTok Shop globalmente (22.5% do GMV). Demos de antes/depois, reviews de produtos e tutoriais de maquiagem viralizam naturalmente. Perfumes e skincare tem ticket medio alto (R$40-180) e alta margem. | PROPOSTA: Implementacao completa de TikTok Shop + apresentadora dedicada que vende os produtos em lives. O negocio so precisa fornecer os produtos - NUC cuida de toda a operacao digital."
"Perfumes Paris souza","NUC TikTok Shop x Perfumes Paris souza","+55 24 98836-7364","https://www.google.com/search?q=Perfumes+Paris+souza+Barra+Mansa+instagram","Beleza e Cosmeticos","Prospeccao Ativa - TikTok Shop","Barra Mansa","Vendas limitadas ao fluxo da loja fisica e Instagram organico; clientes compram uma vez e nao voltam; dificuldade em competir com e-commerces grandes; estoque parado de produtos que nao giram.","Pesquisei os negocios de Barra Mansa com maior potencial no TikTok Shop e a Perfumes Paris souza se destacou. Cosmeticos e perfumaria lideram as vendas na plataforma globalmente - quero apresentar como implementar isso no seu negocio com zero esforco da sua parte.","Empresa: Perfumes Paris souza | Local: Barra Mansa | Nota Google: 5.0 (1 avaliacoes) | Categorias: Perfumaria | RANKING TIKTOK SHOP: Beleza, Perfumaria e Cosmeticos - Categoria #1 global (22.5% do GMV) | POR QUE ESSE NEGOCIO: Categoria #1 do TikTok Shop globalmente (22.5% do GMV). Demos de antes/depois, reviews de produtos e tutoriais de maquiagem viralizam naturalmente. Perfumes e skincare tem ticket medio alto (R$40-180) e alta margem. | PROPOSTA: Implementacao completa de TikTok Shop + apresentadora dedicada que vende os produtos em lives. O negocio so precisa fornecer os produtos - NUC cuida de toda a operacao digital."
"Cantinho dos Cosméticos","NUC TikTok Shop x Cantinho dos Cosméticos","+55 24 99927-2986","https://instagram.com/cantinhodoscosmeticos.bm?igshid=OGQ5ZDc2ODk2ZA==","Beleza e Cosmeticos","Prospeccao Ativa - TikTok Shop","Barra Mansa","Vendas limitadas ao fluxo da loja fisica e Instagram organico; clientes compram uma vez e nao voltam; dificuldade em competir com e-commerces grandes; estoque parado de produtos que nao giram.","Pesquisei os negocios de Barra Mansa com maior potencial no TikTok Shop e a Cantinho dos Cosméticos se destacou. Cosmeticos e perfumaria lideram as vendas na plataforma globalmente - quero apresentar como implementar isso no seu negocio com zero esforco da sua parte.","Empresa: Cantinho dos Cosméticos | Local: Barra Mansa | Categorias: Perfumaria | RANKING TIKTOK SHOP: Beleza, Perfumaria e Cosmeticos - Categoria #1 global (22.5% do GMV) | POR QUE ESSE NEGOCIO: Categoria #1 do TikTok Shop globalmente (22.5% do GMV). Demos de antes/depois, reviews de produtos e tutoriais de maquiagem viralizam naturalmente. Perfumes e skincare tem ticket medio alto (R$40-180) e alta margem. | PROPOSTA: Implementacao completa de TikTok Shop + apresentadora dedicada que vende os produtos em lives. O negocio so precisa fornecer os produtos - NUC cuida de toda a operacao digital."
"Perfumaria Barra Mansa","NUC TikTok Shop x Perfumaria Barra Mansa","+55 24 98827-0403","https://www.google.com/search?q=Perfumaria+Barra+Mansa+Barra+Mansa+instagram","Beleza e Cosmeticos","Prospeccao Ativa - TikTok Shop","Barra Mansa","Vendas limitadas ao fluxo da loja fisica e Instagram organico; clientes compram uma vez e nao voltam; dificuldade em competir com e-commerces grandes; estoque parado de produtos que nao giram.","Beleza e a categoria numero 1 do TikTok Shop no mundo. A Perfumaria Barra Mansa tem 0 avaliacoes e ja e referencia local - imagine adicionar um canal de vendas onde uma apresentadora faz demos dos seus produtos ao vivo pra milhares de pessoas.","Empresa: Perfumaria Barra Mansa | Local: Barra Mansa | Categorias: Perfumaria | RANKING TIKTOK SHOP: Beleza, Perfumaria e Cosmeticos - Categoria #1 global (22.5% do GMV) | POR QUE ESSE NEGOCIO: Categoria #1 do TikTok Shop globalmente (22.5% do GMV). Demos de antes/depois, reviews de produtos e tutoriais de maquiagem viralizam naturalmente. Perfumes e skincare tem ticket medio alto (R$40-180) e alta margem. | PROPOSTA: Implementacao completa de TikTok Shop + apresentadora dedicada que vende os produtos em lives. O negocio so precisa fornecer os produtos - NUC cuida de toda a operacao digital."
"Lena Beauty Make","NUC TikTok Shop x Lena Beauty Make","+55 24 99323-4345","https://www.google.com/search?q=Lena+Beauty+Make+Barra+Mansa+instagram","Beleza e Cosmeticos","Prospeccao Ativa - TikTok Shop","Barra Mansa","Vendas limitadas ao fluxo da loja fisica e Instagram organico; clientes compram uma vez e nao voltam; dificuldade em competir com e-commerces grandes; estoque parado de produtos que nao giram.","Beleza e a categoria numero 1 do TikTok Shop no mundo. A Lena Beauty Make tem 0 avaliacoes e ja e referencia local - imagine adicionar um canal de vendas onde uma apresentadora faz demos dos seus produtos ao vivo pra milhares de pessoas.","Empresa: Lena Beauty Make | Local: Barra Mansa | Categorias: Loja de produtos de beleza | RANKING TIKTOK SHOP: Beleza, Perfumaria e Cosmeticos - Categoria #1 global (22.5% do GMV) | POR QUE ESSE NEGOCIO: Categoria #1 do TikTok Shop globalmente (22.5% do GMV). Demos de antes/depois, reviews de produtos e tutoriais de maquiagem viralizam naturalmente. Perfumes e skincare tem ticket medio alto (R$40-180) e alta margem. | PROPOSTA: Implementacao completa de TikTok Shop + apresentadora dedicada que vende os produtos em lives. O negocio so precisa fornecer os produtos - NUC cuida de toda a operacao digital."
"AD Semijoias Barra Mansa | Adailton Semijoias","NUC TikTok Shop x AD Semijoias Barra Mansa | Adailton Semijoias","+55 24 3323-8963","https://www.google.com/search?q=AD+Semijoias+Barra+Mansa+%7C+Adailton+Semijoias+Barra+Mansa+instagram","Moda Feminina","Prospeccao Ativa - TikTok Shop","Barra Mansa","Vendas dependem 100% de quem entra na loja; Instagram alcanca cada vez menos gente; estoque encalhado de colecoes que nao saem; dificuldade em atingir publico jovem que compra online.","Vi que a AD Semijoias Barra Mansa | Adailton Semijoias tem 495 avaliacoes e boa reputacao em Barra Mansa. Lives de moda tipo 'provador ao vivo' convertem ate 3x mais que e-commerce tradicional no TikTok Shop - quero mostrar como funciona.","Empresa: AD Semijoias Barra Mansa | Adailton Semijoias | Local: Barra Mansa | Nota Google: 5.0 (495 avaliacoes) | Categorias: Joalheiro atacadista, Joalheria especializada em itens personalizados, Loja de acessórios de moda, Joalheria | RANKING TIKTOK SHOP: Moda Feminina - Categoria #2 global (14.8% do GMV) | POR QUE ESSE NEGOCIO: Categoria #2 global (14.8% GMV). Moda plus size e casual tem comunidades engajadas no TikTok. Lives de provador e 'get ready with me' geram conversao altissima. Ticket medio R$80-250. | PROPOSTA: Implementacao completa de TikTok Shop + apresentadora dedicada que vende os produtos em lives. O negocio so precisa fornecer os produtos - NUC cuida de toda a operacao digital."
"Lumii Dress","NUC TikTok Shop x Lumii Dress","+55 24 99235-1145","https://www.google.com/search?q=Lumii+Dress+Barra+Mansa+instagram","Moda Feminina","Prospeccao Ativa - TikTok Shop","Barra Mansa","Vendas dependem 100% de quem entra na loja; Instagram alcanca cada vez menos gente; estoque encalhado de colecoes que nao saem; dificuldade em atingir publico jovem que compra online.","O TikTok Shop ta revolucionando a venda de moda - e a Lumii Dress tem tudo pra aproveitar. Uma apresentadora mostrando suas pecas ao vivo, com link de compra direto, gera vendas que loja fisica sozinha nao alcanca.","Empresa: Lumii Dress | Local: Barra Mansa | Nota Google: 4.9 (128 avaliacoes) | Categorias: Loja de roupas para ocasiões formais, Loja de vestidos | RANKING TIKTOK SHOP: Moda Feminina - Categoria #2 global (14.8% do GMV) | POR QUE ESSE NEGOCIO: Categoria #2 global (14.8% GMV). Moda plus size e casual tem comunidades engajadas no TikTok. Lives de provador e 'get ready with me' geram conversao altissima. Ticket medio R$80-250. | PROPOSTA: Implementacao completa de TikTok Shop + apresentadora dedicada que vende os produtos em lives. O negocio so precisa fornecer os produtos - NUC cuida de toda a operacao digital."
"Objetiva - Barra Mansa","NUC TikTok Shop x Objetiva - Barra Mansa","Prospectar presencialmente","https://www.google.com/search?q=Objetiva+-+Barra+Mansa+Barra+Mansa+instagram","Moda Feminina","Prospeccao Ativa - TikTok Shop","Barra Mansa","Vendas dependem 100% de quem entra na loja; Instagram alcanca cada vez menos gente; estoque encalhado de colecoes que nao saem; dificuldade em atingir publico jovem que compra online.","Vi que a Objetiva - Barra Mansa tem 89 avaliacoes e boa reputacao em Barra Mansa. Lives de moda tipo 'provador ao vivo' convertem ate 3x mais que e-commerce tradicional no TikTok Shop - quero mostrar como funciona.","Empresa: Objetiva - Barra Mansa | Local: Barra Mansa | Nota Google: 4.4 (89 avaliacoes) | Categorias: Loja de Roupa | RANKING TIKTOK SHOP: Moda Feminina - Categoria #2 global (14.8% do GMV) | POR QUE ESSE NEGOCIO: Categoria #2 global (14.8% GMV). Moda plus size e casual tem comunidades engajadas no TikTok. Lives de provador e 'get ready with me' geram conversao altissima. Ticket medio R$80-250. | PROPOSTA: Implementacao completa de TikTok Shop + apresentadora dedicada que vende os produtos em lives. O negocio so precisa fornecer os produtos - NUC cuida de toda a operacao digital."
"Malhas Mil","NUC TikTok Shop x Malhas Mil","+55 24 2106-6018","https://www.google.com/search?q=Malhas+Mil+Barra+Mansa+instagram","Moda Feminina","Prospeccao Ativa - TikTok Shop","Barra Mansa","Vendas dependem 100% de quem entra na loja; Instagram alcanca cada vez menos gente; estoque encalhado de colecoes que nao saem; dificuldade em atingir publico jovem que compra online.","Moda feminina e a segunda categoria que mais vende no TikTok Shop (14.8% do GMV global). A Malhas Mil tem os produtos certos - quero mostrar como colocar uma apresentadora vendendo suas pecas em lives diarias sem voce precisar aparecer.","Empresa: Malhas Mil | Local: Barra Mansa | Nota Google: 4.1 (43 avaliacoes) | Categorias: Loja de Roupa | RANKING TIKTOK SHOP: Moda Feminina - Categoria #2 global (14.8% do GMV) | POR QUE ESSE NEGOCIO: Categoria #2 global (14.8% GMV). Moda plus size e casual tem comunidades engajadas no TikTok. Lives de provador e 'get ready with me' geram conversao altissima. Ticket medio R$80-250. | PROPOSTA: Implementacao completa de TikTok Shop + apresentadora dedicada que vende os produtos em lives. O negocio so precisa fornecer os produtos - NUC cuida de toda a operacao digital."
"Open Calçados - Sapatos, Tênis, Botas, Chinelos e Sandalias","NUC TikTok Shop x Open Calçados - Sapatos, Tênis, Botas, Chinelos e Sandalias","+55 24 99995-5398","https://www.google.com/search?q=Open+Cal%C3%A7ados+-+Sapatos%2C+T%C3%AAnis%2C+Botas%2C+Chinelos+e+Sandalias+Barra+Mansa+instagram","Moda Feminina","Prospeccao Ativa - TikTok Shop","Barra Mansa","Vendas dependem 100% de quem entra na loja; Instagram alcanca cada vez menos gente; estoque encalhado de colecoes que nao saem; dificuldade em atingir publico jovem que compra online.","Vi que a Open Calçados - Sapatos, Tênis, Botas, Chinelos e Sandalias tem 27 avaliacoes e boa reputacao em Barra Mansa. Lives de moda tipo 'provador ao vivo' convertem ate 3x mais que e-commerce tradicional no TikTok Shop - quero mostrar como funciona.","Empresa: Open Calçados - Sapatos, Tênis, Botas, Chinelos e Sandalias | Local: Barra Mansa | Nota Google: 4.4 (27 avaliacoes) | Categorias: Loja de calçado, Loja de botas, Loja de acessórios de moda, Loja de malas e bolsas, Loja de malas, Loja de moda masculina, Loja de moda feminina | RANKING TIKTOK SHOP: Moda Feminina - Categoria #2 global (14.8% do GMV) | POR QUE ESSE NEGOCIO: Categoria #2 global (14.8% GMV). Moda plus size e casual tem comunidades engajadas no TikTok. Lives de provador e 'get ready with me' geram conversao altissima. Ticket medio R$80-250. | PROPOSTA: Implementacao completa de TikTok Shop + apresentadora dedicada que vende os produtos em lives. O negocio so precisa fornecer os produtos - NUC cuida de toda a operacao digital."
"Tribo Moda Feminina","NUC TikTok Shop x Tribo Moda Feminina","+55 24 3323-1344","https://www.google.com/search?q=Tribo+Moda+Feminina+Barra+Mansa+instagram","Moda Feminina","Prospeccao Ativa - TikTok Shop","Barra Mansa","Vendas dependem 100% de quem entra na loja; Instagram alcanca cada vez menos gente; estoque encalhado de colecoes que nao saem; dificuldade em atingir publico jovem que compra online.","Vi que a Tribo Moda Feminina tem 24 avaliacoes e boa reputacao em Barra Mansa. Lives de moda tipo 'provador ao vivo' convertem ate 3x mais que e-commerce tradicional no TikTok Shop - quero mostrar como funciona.","Empresa: Tribo Moda Feminina | Local: Barra Mansa | Nota Google: 4.3 (24 avaliacoes) | Categorias: Loja de moda feminina, Loja de Roupa | RANKING TIKTOK SHOP: Moda Feminina - Categoria #2 global (14.8% do GMV) | POR QUE ESSE NEGOCIO: Categoria #2 global (14.8% GMV). Moda plus size e casual tem comunidades engajadas no TikTok. Lives de provador e 'get ready with me' geram conversao altissima. Ticket medio R$80-250. | PROPOSTA: Implementacao completa de TikTok Shop + apresentadora dedicada que vende os produtos em lives. O negocio so precisa fornecer os produtos - NUC cuida de toda a operacao digital."
"Stilo Moda Plus","NUC TikTok Shop x Stilo Moda Plus","+55 24 99291-6410","https://www.google.com/search?q=Stilo+Moda+Plus+Barra+Mansa+instagram","Moda Feminina","Prospeccao Ativa - TikTok Shop","Barra Mansa","Vendas dependem 100% de quem entra na loja; Instagram alcanca cada vez menos gente; estoque encalhado de colecoes que nao saem; dificuldade em atingir publico jovem que compra online.","Moda feminina e a segunda categoria que mais vende no TikTok Shop (14.8% do GMV global). A Stilo Moda Plus tem os produtos certos - quero mostrar como colocar uma apresentadora vendendo suas pecas em lives diarias sem voce precisar aparecer.","Empresa: Stilo Moda Plus | Local: Barra Mansa | Nota Google: 5.0 (23 avaliacoes) | Categorias: Loja de moda feminina | RANKING TIKTOK SHOP: Moda Feminina - Categoria #2 global (14.8% do GMV) | POR QUE ESSE NEGOCIO: Categoria #2 global (14.8% GMV). Moda plus size e casual tem comunidades engajadas no TikTok. Lives de provador e 'get ready with me' geram conversao altissima. Ticket medio R$80-250. | PROPOSTA: Implementacao completa de TikTok Shop + apresentadora dedicada que vende os produtos em lives. O negocio so precisa fornecer os produtos - NUC cuida de toda a operacao digital."
"Day Modas e Lingerie","NUC TikTok Shop x Day Modas e Lingerie","+55 24 99918-6917","https://www.google.com/search?q=Day+Modas+e+Lingerie+Barra+Mansa+instagram","Moda Feminina","Prospeccao Ativa - TikTok Shop","Barra Mansa","Vendas dependem 100% de quem entra na loja; Instagram alcanca cada vez menos gente; estoque encalhado de colecoes que nao saem; dificuldade em atingir publico jovem que compra online.","Moda feminina e a segunda categoria que mais vende no TikTok Shop (14.8% do GMV global). A Day Modas e Lingerie tem os produtos certos - quero mostrar como colocar uma apresentadora vendendo suas pecas em lives diarias sem voce precisar aparecer.","Empresa: Day Modas e Lingerie | Local: Barra Mansa | Nota Google: 5.0 (21 avaliacoes) | Categorias: Loja de lingerie | RANKING TIKTOK SHOP: Moda Feminina - Categoria #2 global (14.8% do GMV) | POR QUE ESSE NEGOCIO: Categoria #2 global (14.8% GMV). Moda plus size e casual tem comunidades engajadas no TikTok. Lives de provador e 'get ready with me' geram conversao altissima. Ticket medio R$80-250. | PROPOSTA: Implementacao completa de TikTok Shop + apresentadora dedicada que vende os produtos em lives. O negocio so precisa fornecer os produtos - NUC cuida de toda a operacao digital."
"Use Eloi","NUC TikTok Shop x Use Eloi","+55 24 99909-4901","https://www.google.com/search?q=Use+Eloi+Barra+Mansa+instagram","Moda Feminina","Prospeccao Ativa - TikTok Shop","Barra Mansa","Vendas dependem 100% de quem entra na loja; Instagram alcanca cada vez menos gente; estoque encalhado de colecoes que nao saem; dificuldade em atingir publico jovem que compra online.","O TikTok Shop ta revolucionando a venda de moda - e a Use Eloi tem tudo pra aproveitar. Uma apresentadora mostrando suas pecas ao vivo, com link de compra direto, gera vendas que loja fisica sozinha nao alcanca.","Empresa: Use Eloi | Local: Barra Mansa | Nota Google: 5.0 (19 avaliacoes) | Categorias: Loja de acessórios de moda | RANKING TIKTOK SHOP: Moda Feminina - Categoria #2 global (14.8% do GMV) | POR QUE ESSE NEGOCIO: Categoria #2 global (14.8% GMV). Moda plus size e casual tem comunidades engajadas no TikTok. Lives de provador e 'get ready with me' geram conversao altissima. Ticket medio R$80-250. | PROPOSTA: Implementacao completa de TikTok Shop + apresentadora dedicada que vende os produtos em lives. O negocio so precisa fornecer os produtos - NUC cuida de toda a operacao digital."
"Open Modas Feminina","NUC TikTok Shop x Open Modas Feminina","+55 24 3323-0248","https://www.google.com/search?q=Open+Modas+Feminina+Barra+Mansa+instagram","Moda Feminina","Prospeccao Ativa - TikTok Shop","Barra Mansa","Vendas dependem 100% de quem entra na loja; Instagram alcanca cada vez menos gente; estoque encalhado de colecoes que nao saem; dificuldade em atingir publico jovem que compra online.","Moda feminina e a segunda categoria que mais vende no TikTok Shop (14.8% do GMV global). A Open Modas Feminina tem os produtos certos - quero mostrar como colocar uma apresentadora vendendo suas pecas em lives diarias sem voce precisar aparecer.","Empresa: Open Modas Feminina | Local: Barra Mansa | Nota Google: 5.0 (18 avaliacoes) | Categorias: Loja de moda feminina, Loja de Roupa, Loja de roupas de designer, Loja de roupas para jovens | RANKING TIKTOK SHOP: Moda Feminina - Categoria #2 global (14.8% do GMV) | POR QUE ESSE NEGOCIO: Categoria #2 global (14.8% GMV). Moda plus size e casual tem comunidades engajadas no TikTok. Lives de provador e 'get ready with me' geram conversao altissima. Ticket medio R$80-250. | PROPOSTA: Implementacao completa de TikTok Shop + apresentadora dedicada que vende os produtos em lives. O negocio so precisa fornecer os produtos - NUC cuida de toda a operacao digital."
"Kell Modas","NUC TikTok Shop x Kell Modas","+55 24 99812-9405","https://www.google.com/search?q=Kell+Modas+Barra+Mansa+instagram","Moda Feminina","Prospeccao Ativa - TikTok Shop","Barra Mansa","Vendas dependem 100% de quem entra na loja; Instagram alcanca cada vez menos gente; estoque encalhado de colecoes que nao saem; dificuldade em atingir publico jovem que compra online.","O TikTok Shop ta revolucionando a venda de moda - e a Kell Modas tem tudo pra aproveitar. Uma apresentadora mostrando suas pecas ao vivo, com link de compra direto, gera vendas que loja fisica sozinha nao alcanca.","Empresa: Kell Modas | Local: Barra Mansa | Nota Google: 4.9 (18 avaliacoes) | Categorias: Loja de moda feminina | RANKING TIKTOK SHOP: Moda Feminina - Categoria #2 global (14.8% do GMV) | POR QUE ESSE NEGOCIO: Categoria #2 global (14.8% GMV). Moda plus size e casual tem comunidades engajadas no TikTok. Lives de provador e 'get ready with me' geram conversao altissima. Ticket medio R$80-250. | PROPOSTA: Implementacao completa de TikTok Shop + apresentadora dedicada que vende os produtos em lives. O negocio so precisa fornecer os produtos - NUC cuida de toda a operacao digital."
"Loja Mania de Mulher","NUC TikTok Shop x Loja Mania de Mulher","+55 24 99874-3186","https://www.google.com/search?q=Loja+Mania+de+Mulher+Barra+Mansa+instagram","Moda Feminina","Prospeccao Ativa - TikTok Shop","Barra Mansa","Vendas dependem 100% de quem entra na loja; Instagram alcanca cada vez menos gente; estoque encalhado de colecoes que nao saem; dificuldade em atingir publico jovem que compra online.","O TikTok Shop ta revolucionando a venda de moda - e a Loja Mania de Mulher tem tudo pra aproveitar. Uma apresentadora mostrando suas pecas ao vivo, com link de compra direto, gera vendas que loja fisica sozinha nao alcanca.","Empresa: Loja Mania de Mulher | Local: Barra Mansa | Nota Google: 4.6 (16 avaliacoes) | Categorias: Loja de Roupa | RANKING TIKTOK SHOP: Moda Feminina - Categoria #2 global (14.8% do GMV) | POR QUE ESSE NEGOCIO: Categoria #2 global (14.8% GMV). Moda plus size e casual tem comunidades engajadas no TikTok. Lives de provador e 'get ready with me' geram conversao altissima. Ticket medio R$80-250. | PROPOSTA: Implementacao completa de TikTok Shop + apresentadora dedicada que vende os produtos em lives. O negocio so precisa fornecer os produtos - NUC cuida de toda a operacao digital."
"Fábio Mello Boutique","NUC TikTok Shop x Fábio Mello Boutique","+55 24 3029-6171","https://www.google.com/search?q=F%C3%A1bio+Mello+Boutique+Barra+Mansa+instagram","Moda Feminina","Prospeccao Ativa - TikTok Shop","Barra Mansa","Vendas dependem 100% de quem entra na loja; Instagram alcanca cada vez menos gente; estoque encalhado de colecoes que nao saem; dificuldade em atingir publico jovem que compra online.","Vi que a Fábio Mello Boutique tem 16 avaliacoes e boa reputacao em Barra Mansa. Lives de moda tipo 'provador ao vivo' convertem ate 3x mais que e-commerce tradicional no TikTok Shop - quero mostrar como funciona.","Empresa: Fábio Mello Boutique | Local: Barra Mansa | Nota Google: 5.0 (16 avaliacoes) | Categorias: Loja de Roupa, Butique, Loja de roupas de designer, Loja de moda masculina, Loja de moda feminina | RANKING TIKTOK SHOP: Moda Feminina - Categoria #2 global (14.8% do GMV) | POR QUE ESSE NEGOCIO: Categoria #2 global (14.8% GMV). Moda plus size e casual tem comunidades engajadas no TikTok. Lives de provador e 'get ready with me' geram conversao altissima. Ticket medio R$80-250. | PROPOSTA: Implementacao completa de TikTok Shop + apresentadora dedicada que vende os produtos em lives. O negocio so precisa fornecer os produtos - NUC cuida de toda a operacao digital."
"Espaço C","NUC TikTok Shop x Espaço C","+55 24 3326-4054","https://www.google.com/search?q=Espa%C3%A7o+C+Barra+Mansa+instagram","Moda Feminina","Prospeccao Ativa - TikTok Shop","Barra Mansa","Vendas dependem 100% de quem entra na loja; Instagram alcanca cada vez menos gente; estoque encalhado de colecoes que nao saem; dificuldade em atingir publico jovem que compra online.","Moda feminina e a segunda categoria que mais vende no TikTok Shop (14.8% do GMV global). A Espaço C tem os produtos certos - quero mostrar como colocar uma apresentadora vendendo suas pecas em lives diarias sem voce precisar aparecer.","Empresa: Espaço C | Local: Barra Mansa | Nota Google: 4.9 (15 avaliacoes) | Categorias: Joalheria especializada em itens personalizados, Loja de acessórios de moda | RANKING TIKTOK SHOP: Moda Feminina - Categoria #2 global (14.8% do GMV) | POR QUE ESSE NEGOCIO: Categoria #2 global (14.8% GMV). Moda plus size e casual tem comunidades engajadas no TikTok. Lives de provador e 'get ready with me' geram conversao altissima. Ticket medio R$80-250. | PROPOSTA: Implementacao completa de TikTok Shop + apresentadora dedicada que vende os produtos em lives. O negocio so precisa fornecer os produtos - NUC cuida de toda a operacao digital."
"Casas Luan","NUC TikTok Shop x Casas Luan","+55 24 3323-3540","https://www.google.com/search?q=Casas+Luan+Barra+Mansa+instagram","Moda Feminina","Prospeccao Ativa - TikTok Shop","Barra Mansa","Vendas dependem 100% de quem entra na loja; Instagram alcanca cada vez menos gente; estoque encalhado de colecoes que nao saem; dificuldade em atingir publico jovem que compra online.","O TikTok Shop ta revolucionando a venda de moda - e a Casas Luan tem tudo pra aproveitar. Uma apresentadora mostrando suas pecas ao vivo, com link de compra direto, gera vendas que loja fisica sozinha nao alcanca.","Empresa: Casas Luan | Local: Barra Mansa | Nota Google: 4.5 (13 avaliacoes) | Categorias: Loja de moda feminina, Loja de Roupa, Loja de acessórios de moda, Loja de moda masculina | RANKING TIKTOK SHOP: Moda Feminina - Categoria #2 global (14.8% do GMV) | POR QUE ESSE NEGOCIO: Categoria #2 global (14.8% GMV). Moda plus size e casual tem comunidades engajadas no TikTok. Lives de provador e 'get ready with me' geram conversao altissima. Ticket medio R$80-250. | PROPOSTA: Implementacao completa de TikTok Shop + apresentadora dedicada que vende os produtos em lives. O negocio so precisa fornecer os produtos - NUC cuida de toda a operacao digital."
"Segunda Pele de Barra Mansa Modas","NUC TikTok Shop x Segunda Pele de Barra Mansa Modas","+55 24 2106-1617","https://www.google.com/search?q=Segunda+Pele+de+Barra+Mansa+Modas+Barra+Mansa+instagram","Moda Feminina","Prospeccao Ativa - TikTok Shop","Barra Mansa","Vendas dependem 100% de quem entra na loja; Instagram alcanca cada vez menos gente; estoque encalhado de colecoes que nao saem; dificuldade em atingir publico jovem que compra online.","Vi que a Segunda Pele de Barra Mansa Modas tem 12 avaliacoes e boa reputacao em Barra Mansa. Lives de moda tipo 'provador ao vivo' convertem ate 3x mais que e-commerce tradicional no TikTok Shop - quero mostrar como funciona.","Empresa: Segunda Pele de Barra Mansa Modas | Local: Barra Mansa | Nota Google: 4.7 (12 avaliacoes) | Categorias: Loja de lingerie, Loja de roupas de praia, Loja de Roupa, Loja para gestantes | RANKING TIKTOK SHOP: Moda Feminina - Categoria #2 global (14.8% do GMV) | POR QUE ESSE NEGOCIO: Categoria #2 global (14.8% GMV). Moda plus size e casual tem comunidades engajadas no TikTok. Lives de provador e 'get ready with me' geram conversao altissima. Ticket medio R$80-250. | PROPOSTA: Implementacao completa de TikTok Shop + apresentadora dedicada que vende os produtos em lives. O negocio so precisa fornecer os produtos - NUC cuida de toda a operacao digital."
"Loja Jéssica Oliveira","NUC TikTok Shop x Loja Jéssica Oliveira","+55 24 98877-7667","https://www.instagram.com/lojajessicaoliveira/","Moda Feminina","Prospeccao Ativa - TikTok Shop","Barra Mansa","Vendas dependem 100% de quem entra na loja; Instagram alcanca cada vez menos gente; estoque encalhado de colecoes que nao saem; dificuldade em atingir publico jovem que compra online.","Vi que a Loja Jéssica Oliveira tem 12 avaliacoes e boa reputacao em Barra Mansa. Lives de moda tipo 'provador ao vivo' convertem ate 3x mais que e-commerce tradicional no TikTok Shop - quero mostrar como funciona.","Empresa: Loja Jéssica Oliveira | Local: Barra Mansa | Nota Google: 4.9 (12 avaliacoes) | Categorias: Loja de moda feminina | RANKING TIKTOK SHOP: Moda Feminina - Categoria #2 global (14.8% do GMV) | POR QUE ESSE NEGOCIO: Categoria #2 global (14.8% GMV). Moda plus size e casual tem comunidades engajadas no TikTok. Lives de provador e 'get ready with me' geram conversao altissima. Ticket medio R$80-250. | PROPOSTA: Implementacao completa de TikTok Shop + apresentadora dedicada que vende os produtos em lives. O negocio so precisa fornecer os produtos - NUC cuida de toda a operacao digital."
"Rosália Boutique Barra Mansa","NUC TikTok Shop x Rosália Boutique Barra Mansa","+55 24 3323-5430","https://www.google.com/search?q=Ros%C3%A1lia+Boutique+Barra+Mansa+Barra+Mansa+instagram","Moda Feminina","Prospeccao Ativa - TikTok Shop","Barra Mansa","Vendas dependem 100% de quem entra na loja; Instagram alcanca cada vez menos gente; estoque encalhado de colecoes que nao saem; dificuldade em atingir publico jovem que compra online.","O TikTok Shop ta revolucionando a venda de moda - e a Rosália Boutique Barra Mansa tem tudo pra aproveitar. Uma apresentadora mostrando suas pecas ao vivo, com link de compra direto, gera vendas que loja fisica sozinha nao alcanca.","Empresa: Rosália Boutique Barra Mansa | Local: Barra Mansa | Nota Google: 4.8 (12 avaliacoes) | Categorias: Loja de moda feminina, Loja de vestidos, Organização de eventos e cerimonial, Loja de acessórios de moda, Loja de roupas para ocasiões formais, Loja de noivas | RANKING TIKTOK SHOP: Moda Feminina - Categoria #2 global (14.8% do GMV) | POR QUE ESSE NEGOCIO: Categoria #2 global (14.8% GMV). Moda plus size e casual tem comunidades engajadas no TikTok. Lives de provador e 'get ready with me' geram conversao altissima. Ticket medio R$80-250. | PROPOSTA: Implementacao completa de TikTok Shop + apresentadora dedicada que vende os produtos em lives. O negocio so precisa fornecer os produtos - NUC cuida de toda a operacao digital."
"Saúde na Cama","NUC TikTok Shop x Saúde na Cama","+55 24 99813-9127","https://www.google.com/search?q=Sa%C3%BAde+na+Cama+Barra+Mansa+instagram","Moda Feminina","Prospeccao Ativa - TikTok Shop","Barra Mansa","Vendas dependem 100% de quem entra na loja; Instagram alcanca cada vez menos gente; estoque encalhado de colecoes que nao saem; dificuldade em atingir publico jovem que compra online.","Moda feminina e a segunda categoria que mais vende no TikTok Shop (14.8% do GMV global). A Saúde na Cama tem os produtos certos - quero mostrar como colocar uma apresentadora vendendo suas pecas em lives diarias sem voce precisar aparecer.","Empresa: Saúde na Cama | Local: Barra Mansa | Nota Google: 5.0 (10 avaliacoes) | Categorias: Sex Shop, Loja de fantasias, Loja especializada em roupas íntimas | RANKING TIKTOK SHOP: Moda Feminina - Categoria #2 global (14.8% do GMV) | POR QUE ESSE NEGOCIO: Categoria #2 global (14.8% GMV). Moda plus size e casual tem comunidades engajadas no TikTok. Lives de provador e 'get ready with me' geram conversao altissima. Ticket medio R$80-250. | PROPOSTA: Implementacao completa de TikTok Shop + apresentadora dedicada que vende os produtos em lives. O negocio so precisa fornecer os produtos - NUC cuida de toda a operacao digital."
"Donna Pimenta Moda Intima","NUC TikTok Shop x Donna Pimenta Moda Intima","+55 24 98835-9311","https://www.google.com/search?q=Donna+Pimenta+Moda+Intima+Barra+Mansa+instagram","Moda Feminina","Prospeccao Ativa - TikTok Shop","Barra Mansa","Vendas dependem 100% de quem entra na loja; Instagram alcanca cada vez menos gente; estoque encalhado de colecoes que nao saem; dificuldade em atingir publico jovem que compra online.","Vi que a Donna Pimenta Moda Intima tem 9 avaliacoes e boa reputacao em Barra Mansa. Lives de moda tipo 'provador ao vivo' convertem ate 3x mais que e-commerce tradicional no TikTok Shop - quero mostrar como funciona.","Empresa: Donna Pimenta Moda Intima | Local: Barra Mansa | Nota Google: 5.0 (9 avaliacoes) | Categorias: Loja de lingerie, Sex Shop | RANKING TIKTOK SHOP: Moda Feminina - Categoria #2 global (14.8% do GMV) | POR QUE ESSE NEGOCIO: Categoria #2 global (14.8% GMV). Moda plus size e casual tem comunidades engajadas no TikTok. Lives de provador e 'get ready with me' geram conversao altissima. Ticket medio R$80-250. | PROPOSTA: Implementacao completa de TikTok Shop + apresentadora dedicada que vende os produtos em lives. O negocio so precisa fornecer os produtos - NUC cuida de toda a operacao digital."
"STYLLU`S MODAS","NUC TikTok Shop x STYLLU`S MODAS","+55 24 3323-0364","https://instagram.com/styllusmodas?igshid=YmMyMTA2M2Y=","Moda Feminina","Prospeccao Ativa - TikTok Shop","Barra Mansa","Vendas dependem 100% de quem entra na loja; Instagram alcanca cada vez menos gente; estoque encalhado de colecoes que nao saem; dificuldade em atingir publico jovem que compra online.","Vi que a STYLLU`S MODAS tem 8 avaliacoes e boa reputacao em Barra Mansa. Lives de moda tipo 'provador ao vivo' convertem ate 3x mais que e-commerce tradicional no TikTok Shop - quero mostrar como funciona.","Empresa: STYLLU`S MODAS | Local: Barra Mansa | Nota Google: 5.0 (8 avaliacoes) | Categorias: Loja de moda feminina | RANKING TIKTOK SHOP: Moda Feminina - Categoria #2 global (14.8% do GMV) | POR QUE ESSE NEGOCIO: Categoria #2 global (14.8% GMV). Moda plus size e casual tem comunidades engajadas no TikTok. Lives de provador e 'get ready with me' geram conversao altissima. Ticket medio R$80-250. | PROPOSTA: Implementacao completa de TikTok Shop + apresentadora dedicada que vende os produtos em lives. O negocio so precisa fornecer os produtos - NUC cuida de toda a operacao digital."
"Nancy Meias e Lingerie","NUC TikTok Shop x Nancy Meias e Lingerie","+55 24 3323-0724","https://www.google.com/search?q=Nancy+Meias+e+Lingerie+Barra+Mansa+instagram","Moda Feminina","Prospeccao Ativa - TikTok Shop","Barra Mansa","Vendas dependem 100% de quem entra na loja; Instagram alcanca cada vez menos gente; estoque encalhado de colecoes que nao saem; dificuldade em atingir publico jovem que compra online.","Vi que a Nancy Meias e Lingerie tem 7 avaliacoes e boa reputacao em Barra Mansa. Lives de moda tipo 'provador ao vivo' convertem ate 3x mais que e-commerce tradicional no TikTok Shop - quero mostrar como funciona.","Empresa: Nancy Meias e Lingerie | Local: Barra Mansa | Nota Google: 4.6 (7 avaliacoes) | Categorias: Loja de lingerie | RANKING TIKTOK SHOP: Moda Feminina - Categoria #2 global (14.8% do GMV) | POR QUE ESSE NEGOCIO: Categoria #2 global (14.8% GMV). Moda plus size e casual tem comunidades engajadas no TikTok. Lives de provador e 'get ready with me' geram conversao altissima. Ticket medio R$80-250. | PROPOSTA: Implementacao completa de TikTok Shop + apresentadora dedicada que vende os produtos em lives. O negocio so precisa fornecer os produtos - NUC cuida de toda a operacao digital."
"Glam","NUC TikTok Shop x Glam","+55 24 3324-2955","https://www.instagram.com/glam4youbm?igsh=ZngycDI0MHRkb2Ft","Moda Feminina","Prospeccao Ativa - TikTok Shop","Barra Mansa","Vendas dependem 100% de quem entra na loja; Instagram alcanca cada vez menos gente; estoque encalhado de colecoes que nao saem; dificuldade em atingir publico jovem que compra online.","Moda feminina e a segunda categoria que mais vende no TikTok Shop (14.8% do GMV global). A Glam tem os produtos certos - quero mostrar como colocar uma apresentadora vendendo suas pecas em lives diarias sem voce precisar aparecer.","Empresa: Glam | Local: Barra Mansa | Nota Google: 4.0 (7 avaliacoes) | Categorias: Loja de moda feminina | RANKING TIKTOK SHOP: Moda Feminina - Categoria #2 global (14.8% do GMV) | POR QUE ESSE NEGOCIO: Categoria #2 global (14.8% GMV). Moda plus size e casual tem comunidades engajadas no TikTok. Lives de provador e 'get ready with me' geram conversao altissima. Ticket medio R$80-250. | PROPOSTA: Implementacao completa de TikTok Shop + apresentadora dedicada que vende os produtos em lives. O negocio so precisa fornecer os produtos - NUC cuida de toda a operacao digital."
"Thais Andrade Modas - Barra Mansa","NUC TikTok Shop x Thais Andrade Modas - Barra Mansa","+55 24 99928-0557","https://www.google.com/search?q=Thais+Andrade+Modas+-+Barra+Mansa+Barra+Mansa+instagram","Moda Feminina","Prospeccao Ativa - TikTok Shop","Barra Mansa","Vendas dependem 100% de quem entra na loja; Instagram alcanca cada vez menos gente; estoque encalhado de colecoes que nao saem; dificuldade em atingir publico jovem que compra online.","O TikTok Shop ta revolucionando a venda de moda - e a Thais Andrade Modas - Barra Mansa tem tudo pra aproveitar. Uma apresentadora mostrando suas pecas ao vivo, com link de compra direto, gera vendas que loja fisica sozinha nao alcanca.","Empresa: Thais Andrade Modas - Barra Mansa | Local: Barra Mansa | Nota Google: 2.3 (7 avaliacoes) | Categorias: Loja de Roupa | RANKING TIKTOK SHOP: Moda Feminina - Categoria #2 global (14.8% do GMV) | POR QUE ESSE NEGOCIO: Categoria #2 global (14.8% GMV). Moda plus size e casual tem comunidades engajadas no TikTok. Lives de provador e 'get ready with me' geram conversao altissima. Ticket medio R$80-250. | PROPOSTA: Implementacao completa de TikTok Shop + apresentadora dedicada que vende os produtos em lives. O negocio so precisa fornecer os produtos - NUC cuida de toda a operacao digital."
"Fashion Bijuterias","NUC TikTok Shop x Fashion Bijuterias","+55 24 3323-7062","https://www.google.com/search?q=Fashion+Bijuterias+Barra+Mansa+instagram","Moda Feminina","Prospeccao Ativa - TikTok Shop","Barra Mansa","Vendas dependem 100% de quem entra na loja; Instagram alcanca cada vez menos gente; estoque encalhado de colecoes que nao saem; dificuldade em atingir publico jovem que compra online.","O TikTok Shop ta revolucionando a venda de moda - e a Fashion Bijuterias tem tudo pra aproveitar. Uma apresentadora mostrando suas pecas ao vivo, com link de compra direto, gera vendas que loja fisica sozinha nao alcanca.","Empresa: Fashion Bijuterias | Local: Barra Mansa | Nota Google: 3.0 (6 avaliacoes) | Categorias: Joalheria especializada em itens personalizados | RANKING TIKTOK SHOP: Moda Feminina - Categoria #2 global (14.8% do GMV) | POR QUE ESSE NEGOCIO: Categoria #2 global (14.8% GMV). Moda plus size e casual tem comunidades engajadas no TikTok. Lives de provador e 'get ready with me' geram conversao altissima. Ticket medio R$80-250. | PROPOSTA: Implementacao completa de TikTok Shop + apresentadora dedicada que vende os produtos em lives. O negocio so precisa fornecer os produtos - NUC cuida de toda a operacao digital."
"Absoluta Modas","NUC TikTok Shop x Absoluta Modas","+55 24 3326-5148","https://www.google.com/search?q=Absoluta+Modas+Barra+Mansa+instagram","Moda Feminina","Prospeccao Ativa - TikTok Shop","Barra Mansa","Vendas dependem 100% de quem entra na loja; Instagram alcanca cada vez menos gente; estoque encalhado de colecoes que nao saem; dificuldade em atingir publico jovem que compra online.","Moda feminina e a segunda categoria que mais vende no TikTok Shop (14.8% do GMV global). A Absoluta Modas tem os produtos certos - quero mostrar como colocar uma apresentadora vendendo suas pecas em lives diarias sem voce precisar aparecer.","Empresa: Absoluta Modas | Local: Barra Mansa | Nota Google: 5.0 (6 avaliacoes) | Categorias: Loja de moda feminina | RANKING TIKTOK SHOP: Moda Feminina - Categoria #2 global (14.8% do GMV) | POR QUE ESSE NEGOCIO: Categoria #2 global (14.8% GMV). Moda plus size e casual tem comunidades engajadas no TikTok. Lives de provador e 'get ready with me' geram conversao altissima. Ticket medio R$80-250. | PROPOSTA: Implementacao completa de TikTok Shop + apresentadora dedicada que vende os produtos em lives. O negocio so precisa fornecer os produtos - NUC cuida de toda a operacao digital."
"Burgundy Moda Feminina","NUC TikTok Shop x Burgundy Moda Feminina","+55 24 3323-5237","https://www.google.com/search?q=Burgundy+Moda+Feminina+Barra+Mansa+instagram","Moda Feminina","Prospeccao Ativa - TikTok Shop","Barra Mansa","Vendas dependem 100% de quem entra na loja; Instagram alcanca cada vez menos gente; estoque encalhado de colecoes que nao saem; dificuldade em atingir publico jovem que compra online.","Moda feminina e a segunda categoria que mais vende no TikTok Shop (14.8% do GMV global). A Burgundy Moda Feminina tem os produtos certos - quero mostrar como colocar uma apresentadora vendendo suas pecas em lives diarias sem voce precisar aparecer.","Empresa: Burgundy Moda Feminina | Local: Barra Mansa | Nota Google: 4.6 (5 avaliacoes) | Categorias: Loja de moda feminina | RANKING TIKTOK SHOP: Moda Feminina - Categoria #2 global (14.8% do GMV) | POR QUE ESSE NEGOCIO: Categoria #2 global (14.8% GMV). Moda plus size e casual tem comunidades engajadas no TikTok. Lives de provador e 'get ready with me' geram conversao altissima. Ticket medio R$80-250. | PROPOSTA: Implementacao completa de TikTok Shop + apresentadora dedicada que vende os produtos em lives. O negocio so precisa fornecer os produtos - NUC cuida de toda a operacao digital."
"Belissima Biquini","NUC TikTok Shop x Belissima Biquini","Prospectar presencialmente","https://www.google.com/search?q=Belissima+Biquini+Barra+Mansa+instagram","Moda Feminina","Prospeccao Ativa - TikTok Shop","Barra Mansa","Vendas dependem 100% de quem entra na loja; Instagram alcanca cada vez menos gente; estoque encalhado de colecoes que nao saem; dificuldade em atingir publico jovem que compra online.","O TikTok Shop ta revolucionando a venda de moda - e a Belissima Biquini tem tudo pra aproveitar. Uma apresentadora mostrando suas pecas ao vivo, com link de compra direto, gera vendas que loja fisica sozinha nao alcanca.","Empresa: Belissima Biquini | Local: Barra Mansa | Nota Google: 5.0 (4 avaliacoes) | Categorias: Loja de roupas de praia | RANKING TIKTOK SHOP: Moda Feminina - Categoria #2 global (14.8% do GMV) | POR QUE ESSE NEGOCIO: Categoria #2 global (14.8% GMV). Moda plus size e casual tem comunidades engajadas no TikTok. Lives de provador e 'get ready with me' geram conversao altissima. Ticket medio R$80-250. | PROPOSTA: Implementacao completa de TikTok Shop + apresentadora dedicada que vende os produtos em lives. O negocio so precisa fornecer os produtos - NUC cuida de toda a operacao digital."
"Aline Rocha lingerie","NUC TikTok Shop x Aline Rocha lingerie","+55 24 98805-3580","https://www.google.com/search?q=Aline+Rocha+lingerie+Barra+Mansa+instagram","Moda Feminina","Prospeccao Ativa - TikTok Shop","Barra Mansa","Vendas dependem 100% de quem entra na loja; Instagram alcanca cada vez menos gente; estoque encalhado de colecoes que nao saem; dificuldade em atingir publico jovem que compra online.","Vi que a Aline Rocha lingerie tem 4 avaliacoes e boa reputacao em Barra Mansa. Lives de moda tipo 'provador ao vivo' convertem ate 3x mais que e-commerce tradicional no TikTok Shop - quero mostrar como funciona.","Empresa: Aline Rocha lingerie | Local: Barra Mansa | Nota Google: 5.0 (4 avaliacoes) | Categorias: Loja de lingerie | RANKING TIKTOK SHOP: Moda Feminina - Categoria #2 global (14.8% do GMV) | POR QUE ESSE NEGOCIO: Categoria #2 global (14.8% GMV). Moda plus size e casual tem comunidades engajadas no TikTok. Lives de provador e 'get ready with me' geram conversao altissima. Ticket medio R$80-250. | PROPOSTA: Implementacao completa de TikTok Shop + apresentadora dedicada que vende os produtos em lives. O negocio so precisa fornecer os produtos - NUC cuida de toda a operacao digital."
"Ok Meias","NUC TikTok Shop x Ok Meias","+55 24 3323-3955","https://www.google.com/search?q=Ok+Meias+Barra+Mansa+instagram","Moda Feminina","Prospeccao Ativa - TikTok Shop","Barra Mansa","Vendas dependem 100% de quem entra na loja; Instagram alcanca cada vez menos gente; estoque encalhado de colecoes que nao saem; dificuldade em atingir publico jovem que compra online.","Vi que a Ok Meias tem 4 avaliacoes e boa reputacao em Barra Mansa. Lives de moda tipo 'provador ao vivo' convertem ate 3x mais que e-commerce tradicional no TikTok Shop - quero mostrar como funciona.","Empresa: Ok Meias | Local: Barra Mansa | Nota Google: 4.3 (4 avaliacoes) | Categorias: Loja de lingerie | RANKING TIKTOK SHOP: Moda Feminina - Categoria #2 global (14.8% do GMV) | POR QUE ESSE NEGOCIO: Categoria #2 global (14.8% GMV). Moda plus size e casual tem comunidades engajadas no TikTok. Lives de provador e 'get ready with me' geram conversao altissima. Ticket medio R$80-250. | PROPOSTA: Implementacao completa de TikTok Shop + apresentadora dedicada que vende os produtos em lives. O negocio so precisa fornecer os produtos - NUC cuida de toda a operacao digital."
"GW Boutique","NUC TikTok Shop x GW Boutique","+55 24 98839-3375","https://instagram.com/boutique.gw?igshid=YmMyMTA2M2Y=","Moda Feminina","Prospeccao Ativa - TikTok Shop","Barra Mansa","Vendas dependem 100% de quem entra na loja; Instagram alcanca cada vez menos gente; estoque encalhado de colecoes que nao saem; dificuldade em atingir publico jovem que compra online.","Moda feminina e a segunda categoria que mais vende no TikTok Shop (14.8% do GMV global). A GW Boutique tem os produtos certos - quero mostrar como colocar uma apresentadora vendendo suas pecas em lives diarias sem voce precisar aparecer.","Empresa: GW Boutique | Local: Barra Mansa | Nota Google: 4.0 (4 avaliacoes) | Categorias: Loja de moda feminina, Loja de moda masculina | RANKING TIKTOK SHOP: Moda Feminina - Categoria #2 global (14.8% do GMV) | POR QUE ESSE NEGOCIO: Categoria #2 global (14.8% GMV). Moda plus size e casual tem comunidades engajadas no TikTok. Lives de provador e 'get ready with me' geram conversao altissima. Ticket medio R$80-250. | PROPOSTA: Implementacao completa de TikTok Shop + apresentadora dedicada que vende os produtos em lives. O negocio so precisa fornecer os produtos - NUC cuida de toda a operacao digital."
"Dona Priê Acessórios e Bijuterias","NUC TikTok Shop x Dona Priê Acessórios e Bijuterias","+55 24 99829-7143","https://instagram.com/dona_prie?utm_medium=copy_link","Moda Feminina","Prospeccao Ativa - TikTok Shop","Barra Mansa","Vendas dependem 100% de quem entra na loja; Instagram alcanca cada vez menos gente; estoque encalhado de colecoes que nao saem; dificuldade em atingir publico jovem que compra online.","Vi que a Dona Priê Acessórios e Bijuterias tem 3 avaliacoes e boa reputacao em Barra Mansa. Lives de moda tipo 'provador ao vivo' convertem ate 3x mais que e-commerce tradicional no TikTok Shop - quero mostrar como funciona.","Empresa: Dona Priê Acessórios e Bijuterias | Local: Barra Mansa | Nota Google: 5.0 (3 avaliacoes) | Categorias: Designer de joias, Loja de acessórios de moda | RANKING TIKTOK SHOP: Moda Feminina - Categoria #2 global (14.8% do GMV) | POR QUE ESSE NEGOCIO: Categoria #2 global (14.8% GMV). Moda plus size e casual tem comunidades engajadas no TikTok. Lives de provador e 'get ready with me' geram conversao altissima. Ticket medio R$80-250. | PROPOSTA: Implementacao completa de TikTok Shop + apresentadora dedicada que vende os produtos em lives. O negocio so precisa fornecer os produtos - NUC cuida de toda a operacao digital."
"Nerilda Modas","NUC TikTok Shop x Nerilda Modas","+55 24 3324-0419","https://www.google.com/search?q=Nerilda+Modas+Barra+Mansa+instagram","Moda Feminina","Prospeccao Ativa - TikTok Shop","Barra Mansa","Vendas dependem 100% de quem entra na loja; Instagram alcanca cada vez menos gente; estoque encalhado de colecoes que nao saem; dificuldade em atingir publico jovem que compra online.","O TikTok Shop ta revolucionando a venda de moda - e a Nerilda Modas tem tudo pra aproveitar. Uma apresentadora mostrando suas pecas ao vivo, com link de compra direto, gera vendas que loja fisica sozinha nao alcanca.","Empresa: Nerilda Modas | Local: Barra Mansa | Nota Google: 5.0 (3 avaliacoes) | Categorias: Loja de moda feminina | RANKING TIKTOK SHOP: Moda Feminina - Categoria #2 global (14.8% do GMV) | POR QUE ESSE NEGOCIO: Categoria #2 global (14.8% GMV). Moda plus size e casual tem comunidades engajadas no TikTok. Lives de provador e 'get ready with me' geram conversao altissima. Ticket medio R$80-250. | PROPOSTA: Implementacao completa de TikTok Shop + apresentadora dedicada que vende os produtos em lives. O negocio so precisa fornecer os produtos - NUC cuida de toda a operacao digital."
"Anna Luíza Boutique","NUC TikTok Shop x Anna Luíza Boutique","+55 24 3028-0016","https://www.google.com/search?q=Anna+Lu%C3%ADza+Boutique+Barra+Mansa+instagram","Moda Feminina","Prospeccao Ativa - TikTok Shop","Barra Mansa","Vendas dependem 100% de quem entra na loja; Instagram alcanca cada vez menos gente; estoque encalhado de colecoes que nao saem; dificuldade em atingir publico jovem que compra online.","Vi que a Anna Luíza Boutique tem 3 avaliacoes e boa reputacao em Barra Mansa. Lives de moda tipo 'provador ao vivo' convertem ate 3x mais que e-commerce tradicional no TikTok Shop - quero mostrar como funciona.","Empresa: Anna Luíza Boutique | Local: Barra Mansa | Nota Google: 3.3 (3 avaliacoes) | Categorias: Butique | RANKING TIKTOK SHOP: Moda Feminina - Categoria #2 global (14.8% do GMV) | POR QUE ESSE NEGOCIO: Categoria #2 global (14.8% GMV). Moda plus size e casual tem comunidades engajadas no TikTok. Lives de provador e 'get ready with me' geram conversao altissima. Ticket medio R$80-250. | PROPOSTA: Implementacao completa de TikTok Shop + apresentadora dedicada que vende os produtos em lives. O negocio so precisa fornecer os produtos - NUC cuida de toda a operacao digital."
"Menina Bonita Bijuterias","NUC TikTok Shop x Menina Bonita Bijuterias","+55 24 99832-0139","https://www.google.com/search?q=Menina+Bonita+Bijuterias+Barra+Mansa+instagram","Moda Feminina","Prospeccao Ativa - TikTok Shop","Barra Mansa","Vendas dependem 100% de quem entra na loja; Instagram alcanca cada vez menos gente; estoque encalhado de colecoes que nao saem; dificuldade em atingir publico jovem que compra online.","Vi que a Menina Bonita Bijuterias tem 2 avaliacoes e boa reputacao em Barra Mansa. Lives de moda tipo 'provador ao vivo' convertem ate 3x mais que e-commerce tradicional no TikTok Shop - quero mostrar como funciona.","Empresa: Menina Bonita Bijuterias | Local: Barra Mansa | Nota Google: 5.0 (2 avaliacoes) | Categorias: Loja de acessórios de moda | RANKING TIKTOK SHOP: Moda Feminina - Categoria #2 global (14.8% do GMV) | POR QUE ESSE NEGOCIO: Categoria #2 global (14.8% GMV). Moda plus size e casual tem comunidades engajadas no TikTok. Lives de provador e 'get ready with me' geram conversao altissima. Ticket medio R$80-250. | PROPOSTA: Implementacao completa de TikTok Shop + apresentadora dedicada que vende os produtos em lives. O negocio so precisa fornecer os produtos - NUC cuida de toda a operacao digital."
"Rafaela Menezes Lingerie","NUC TikTok Shop x Rafaela Menezes Lingerie","+55 24 99914-4795","https://www.google.com/search?q=Rafaela+Menezes+Lingerie+Barra+Mansa+instagram","Moda Feminina","Prospeccao Ativa - TikTok Shop","Barra Mansa","Vendas dependem 100% de quem entra na loja; Instagram alcanca cada vez menos gente; estoque encalhado de colecoes que nao saem; dificuldade em atingir publico jovem que compra online.","O TikTok Shop ta revolucionando a venda de moda - e a Rafaela Menezes Lingerie tem tudo pra aproveitar. Uma apresentadora mostrando suas pecas ao vivo, com link de compra direto, gera vendas que loja fisica sozinha nao alcanca.","Empresa: Rafaela Menezes Lingerie | Local: Barra Mansa | Nota Google: 5.0 (2 avaliacoes) | Categorias: Loja de Roupa | RANKING TIKTOK SHOP: Moda Feminina - Categoria #2 global (14.8% do GMV) | POR QUE ESSE NEGOCIO: Categoria #2 global (14.8% GMV). Moda plus size e casual tem comunidades engajadas no TikTok. Lives de provador e 'get ready with me' geram conversao altissima. Ticket medio R$80-250. | PROPOSTA: Implementacao completa de TikTok Shop + apresentadora dedicada que vende os produtos em lives. O negocio so precisa fornecer os produtos - NUC cuida de toda a operacao digital."
"Bliss Modas | Roupas Femininas","NUC TikTok Shop x Bliss Modas | Roupas Femininas","+55 24 99873-1151","https://www.instagram.com/blissmodabm/","Moda Feminina","Prospeccao Ativa - TikTok Shop","Barra Mansa","Vendas dependem 100% de quem entra na loja; Instagram alcanca cada vez menos gente; estoque encalhado de colecoes que nao saem; dificuldade em atingir publico jovem que compra online.","Moda feminina e a segunda categoria que mais vende no TikTok Shop (14.8% do GMV global). A Bliss Modas | Roupas Femininas tem os produtos certos - quero mostrar como colocar uma apresentadora vendendo suas pecas em lives diarias sem voce precisar aparecer.","Empresa: Bliss Modas | Roupas Femininas | Local: Barra Mansa | Nota Google: 5.0 (2 avaliacoes) | Categorias: Loja de moda feminina | RANKING TIKTOK SHOP: Moda Feminina - Categoria #2 global (14.8% do GMV) | POR QUE ESSE NEGOCIO: Categoria #2 global (14.8% GMV). Moda plus size e casual tem comunidades engajadas no TikTok. Lives de provador e 'get ready with me' geram conversao altissima. Ticket medio R$80-250. | PROPOSTA: Implementacao completa de TikTok Shop + apresentadora dedicada que vende os produtos em lives. O negocio so precisa fornecer os produtos - NUC cuida de toda a operacao digital."
"Encanto Moda Feminina","NUC TikTok Shop x Encanto Moda Feminina","+55 24 98143-8366","https://www.google.com/search?q=Encanto+Moda+Feminina+Barra+Mansa+instagram","Moda Feminina","Prospeccao Ativa - TikTok Shop","Barra Mansa","Vendas dependem 100% de quem entra na loja; Instagram alcanca cada vez menos gente; estoque encalhado de colecoes que nao saem; dificuldade em atingir publico jovem que compra online.","Moda feminina e a segunda categoria que mais vende no TikTok Shop (14.8% do GMV global). A Encanto Moda Feminina tem os produtos certos - quero mostrar como colocar uma apresentadora vendendo suas pecas em lives diarias sem voce precisar aparecer.","Empresa: Encanto Moda Feminina | Local: Barra Mansa | Nota Google: 5.0 (2 avaliacoes) | Categorias: Loja de moda feminina | RANKING TIKTOK SHOP: Moda Feminina - Categoria #2 global (14.8% do GMV) | POR QUE ESSE NEGOCIO: Categoria #2 global (14.8% GMV). Moda plus size e casual tem comunidades engajadas no TikTok. Lives de provador e 'get ready with me' geram conversao altissima. Ticket medio R$80-250. | PROPOSTA: Implementacao completa de TikTok Shop + apresentadora dedicada que vende os produtos em lives. O negocio so precisa fornecer os produtos - NUC cuida de toda a operacao digital."
"Biju Mania - Moda e Acessorios","NUC TikTok Shop x Biju Mania - Moda e Acessorios","+55 24 99846-4603","https://www.google.com/search?q=Biju+Mania+-+Moda+e+Acessorios+Barra+Mansa+instagram","Moda Feminina","Prospeccao Ativa - TikTok Shop","Barra Mansa","Vendas dependem 100% de quem entra na loja; Instagram alcanca cada vez menos gente; estoque encalhado de colecoes que nao saem; dificuldade em atingir publico jovem que compra online.","O TikTok Shop ta revolucionando a venda de moda - e a Biju Mania - Moda e Acessorios tem tudo pra aproveitar. Uma apresentadora mostrando suas pecas ao vivo, com link de compra direto, gera vendas que loja fisica sozinha nao alcanca.","Empresa: Biju Mania - Moda e Acessorios | Local: Barra Mansa | Nota Google: 2.0 (1 avaliacoes) | Categorias: Loja de acessórios de moda | RANKING TIKTOK SHOP: Moda Feminina - Categoria #2 global (14.8% do GMV) | POR QUE ESSE NEGOCIO: Categoria #2 global (14.8% GMV). Moda plus size e casual tem comunidades engajadas no TikTok. Lives de provador e 'get ready with me' geram conversao altissima. Ticket medio R$80-250. | PROPOSTA: Implementacao completa de TikTok Shop + apresentadora dedicada que vende os produtos em lives. O negocio so precisa fornecer os produtos - NUC cuida de toda a operacao digital."
"Art Intima Lingerie","NUC TikTok Shop x Art Intima Lingerie","Prospectar presencialmente","https://www.google.com/search?q=Art+Intima+Lingerie+Barra+Mansa+instagram","Moda Feminina","Prospeccao Ativa - TikTok Shop","Barra Mansa","Vendas dependem 100% de quem entra na loja; Instagram alcanca cada vez menos gente; estoque encalhado de colecoes que nao saem; dificuldade em atingir publico jovem que compra online.","Vi que a Art Intima Lingerie tem 1 avaliacoes e boa reputacao em Barra Mansa. Lives de moda tipo 'provador ao vivo' convertem ate 3x mais que e-commerce tradicional no TikTok Shop - quero mostrar como funciona.","Empresa: Art Intima Lingerie | Local: Barra Mansa | Nota Google: 4.0 (1 avaliacoes) | Categorias: Loja de Roupa | RANKING TIKTOK SHOP: Moda Feminina - Categoria #2 global (14.8% do GMV) | POR QUE ESSE NEGOCIO: Categoria #2 global (14.8% GMV). Moda plus size e casual tem comunidades engajadas no TikTok. Lives de provador e 'get ready with me' geram conversao altissima. Ticket medio R$80-250. | PROPOSTA: Implementacao completa de TikTok Shop + apresentadora dedicada que vende os produtos em lives. O negocio so precisa fornecer os produtos - NUC cuida de toda a operacao digital."
"LUMIR lingerie","NUC TikTok Shop x LUMIR lingerie","Prospectar presencialmente","https://www.google.com/search?q=LUMIR+lingerie+Barra+Mansa+instagram","Moda Feminina","Prospeccao Ativa - TikTok Shop","Barra Mansa","Vendas dependem 100% de quem entra na loja; Instagram alcanca cada vez menos gente; estoque encalhado de colecoes que nao saem; dificuldade em atingir publico jovem que compra online.","Moda feminina e a segunda categoria que mais vende no TikTok Shop (14.8% do GMV global). A LUMIR lingerie tem os produtos certos - quero mostrar como colocar uma apresentadora vendendo suas pecas em lives diarias sem voce precisar aparecer.","Empresa: LUMIR lingerie | Local: Barra Mansa | Nota Google: 5.0 (1 avaliacoes) | Categorias: Loja de Roupa | RANKING TIKTOK SHOP: Moda Feminina - Categoria #2 global (14.8% do GMV) | POR QUE ESSE NEGOCIO: Categoria #2 global (14.8% GMV). Moda plus size e casual tem comunidades engajadas no TikTok. Lives de provador e 'get ready with me' geram conversao altissima. Ticket medio R$80-250. | PROPOSTA: Implementacao completa de TikTok Shop + apresentadora dedicada que vende os produtos em lives. O negocio so precisa fornecer os produtos - NUC cuida de toda a operacao digital."
"Alessandra Moda Íntima","NUC TikTok Shop x Alessandra Moda Íntima","+55 24 99954-2943","https://www.instagram.com/alessandra_moda_intima/","Moda Feminina","Prospeccao Ativa - TikTok Shop","Barra Mansa","Vendas dependem 100% de quem entra na loja; Instagram alcanca cada vez menos gente; estoque encalhado de colecoes que nao saem; dificuldade em atingir publico jovem que compra online.","O TikTok Shop ta revolucionando a venda de moda - e a Alessandra Moda Íntima tem tudo pra aproveitar. Uma apresentadora mostrando suas pecas ao vivo, com link de compra direto, gera vendas que loja fisica sozinha nao alcanca.","Empresa: Alessandra Moda Íntima | Local: Barra Mansa | Nota Google: 5.0 (1 avaliacoes) | Categorias: Loja de lingerie | RANKING TIKTOK SHOP: Moda Feminina - Categoria #2 global (14.8% do GMV) | POR QUE ESSE NEGOCIO: Categoria #2 global (14.8% GMV). Moda plus size e casual tem comunidades engajadas no TikTok. Lives de provador e 'get ready with me' geram conversao altissima. Ticket medio R$80-250. | PROPOSTA: Implementacao completa de TikTok Shop + apresentadora dedicada que vende os produtos em lives. O negocio so precisa fornecer os produtos - NUC cuida de toda a operacao digital."
"Jufran Lingerie","NUC TikTok Shop x Jufran Lingerie","+55 24 3323-1291","https://www.google.com/search?q=Jufran+Lingerie+Barra+Mansa+instagram","Moda Feminina","Prospeccao Ativa - TikTok Shop","Barra Mansa","Vendas dependem 100% de quem entra na loja; Instagram alcanca cada vez menos gente; estoque encalhado de colecoes que nao saem; dificuldade em atingir publico jovem que compra online.","O TikTok Shop ta revolucionando a venda de moda - e a Jufran Lingerie tem tudo pra aproveitar. Uma apresentadora mostrando suas pecas ao vivo, com link de compra direto, gera vendas que loja fisica sozinha nao alcanca.","Empresa: Jufran Lingerie | Local: Barra Mansa | Nota Google: 5.0 (1 avaliacoes) | Categorias: Loja de lingerie | RANKING TIKTOK SHOP: Moda Feminina - Categoria #2 global (14.8% do GMV) | POR QUE ESSE NEGOCIO: Categoria #2 global (14.8% GMV). Moda plus size e casual tem comunidades engajadas no TikTok. Lives de provador e 'get ready with me' geram conversao altissima. Ticket medio R$80-250. | PROPOSTA: Implementacao completa de TikTok Shop + apresentadora dedicada que vende os produtos em lives. O negocio so precisa fornecer os produtos - NUC cuida de toda a operacao digital."
"Espaço Maria Bonita Moda Feminina em Barra Mansa","NUC TikTok Shop x Espaço Maria Bonita Moda Feminina em Barra Mansa","+55 24 99930-8509","https://www.google.com/search?q=Espa%C3%A7o+Maria+Bonita+Moda+Feminina+em+Barra+Mansa+Barra+Mansa+instagram","Moda Feminina","Prospeccao Ativa - TikTok Shop","Barra Mansa","Vendas dependem 100% de quem entra na loja; Instagram alcanca cada vez menos gente; estoque encalhado de colecoes que nao saem; dificuldade em atingir publico jovem que compra online.","O TikTok Shop ta revolucionando a venda de moda - e a Espaço Maria Bonita Moda Feminina em Barra Mansa tem tudo pra aproveitar. Uma apresentadora mostrando suas pecas ao vivo, com link de compra direto, gera vendas que loja fisica sozinha nao alcanca.","Empresa: Espaço Maria Bonita Moda Feminina em Barra Mansa | Local: Barra Mansa | Nota Google: 5.0 (1 avaliacoes) | Categorias: Loja de moda feminina, Butique, Loja de Roupa, Loja de roupas para ocasiões formais | RANKING TIKTOK SHOP: Moda Feminina - Categoria #2 global (14.8% do GMV) | POR QUE ESSE NEGOCIO: Categoria #2 global (14.8% GMV). Moda plus size e casual tem comunidades engajadas no TikTok. Lives de provador e 'get ready with me' geram conversao altissima. Ticket medio R$80-250. | PROPOSTA: Implementacao completa de TikTok Shop + apresentadora dedicada que vende os produtos em lives. O negocio so precisa fornecer os produtos - NUC cuida de toda a operacao digital."
"Dona Pretta Modas","NUC TikTok Shop x Dona Pretta Modas","+55 24 99943-6738","https://www.google.com/search?q=Dona+Pretta+Modas+Barra+Mansa+instagram","Moda Feminina","Prospeccao Ativa - TikTok Shop","Barra Mansa","Vendas dependem 100% de quem entra na loja; Instagram alcanca cada vez menos gente; estoque encalhado de colecoes que nao saem; dificuldade em atingir publico jovem que compra online.","O TikTok Shop ta revolucionando a venda de moda - e a Dona Pretta Modas tem tudo pra aproveitar. Uma apresentadora mostrando suas pecas ao vivo, com link de compra direto, gera vendas que loja fisica sozinha nao alcanca.","Empresa: Dona Pretta Modas | Local: Barra Mansa | Nota Google: 5.0 (1 avaliacoes) | Categorias: Loja de moda feminina | RANKING TIKTOK SHOP: Moda Feminina - Categoria #2 global (14.8% do GMV) | POR QUE ESSE NEGOCIO: Categoria #2 global (14.8% GMV). Moda plus size e casual tem comunidades engajadas no TikTok. Lives de provador e 'get ready with me' geram conversao altissima. Ticket medio R$80-250. | PROPOSTA: Implementacao completa de TikTok Shop + apresentadora dedicada que vende os produtos em lives. O negocio so precisa fornecer os produtos - NUC cuida de toda a operacao digital."
"Use Eli","NUC TikTok Shop x Use Eli","+55 24 99931-8686","https://www.instagram.com/useelistore/profilecard/?igsh=MXI5aGdwYW5qeTh1cQ==","Moda Feminina","Prospeccao Ativa - TikTok Shop","Barra Mansa","Vendas dependem 100% de quem entra na loja; Instagram alcanca cada vez menos gente; estoque encalhado de colecoes que nao saem; dificuldade em atingir publico jovem que compra online.","Vi que a Use Eli tem 1 avaliacoes e boa reputacao em Barra Mansa. Lives de moda tipo 'provador ao vivo' convertem ate 3x mais que e-commerce tradicional no TikTok Shop - quero mostrar como funciona.","Empresa: Use Eli | Local: Barra Mansa | Nota Google: 5.0 (1 avaliacoes) | Categorias: Loja de moda feminina | RANKING TIKTOK SHOP: Moda Feminina - Categoria #2 global (14.8% do GMV) | POR QUE ESSE NEGOCIO: Categoria #2 global (14.8% GMV). Moda plus size e casual tem comunidades engajadas no TikTok. Lives de provador e 'get ready with me' geram conversao altissima. Ticket medio R$80-250. | PROPOSTA: Implementacao completa de TikTok Shop + apresentadora dedicada que vende os produtos em lives. O negocio so precisa fornecer os produtos - NUC cuida de toda a operacao digital."
"Brands Fashio Moda Feminina","NUC TikTok Shop x Brands Fashio Moda Feminina","+55 24 99229-4354","https://www.instagram.com/brandssfashion/","Moda Feminina","Prospeccao Ativa - TikTok Shop","Barra Mansa","Vendas dependem 100% de quem entra na loja; Instagram alcanca cada vez menos gente; estoque encalhado de colecoes que nao saem; dificuldade em atingir publico jovem que compra online.","Vi que a Brands Fashio Moda Feminina tem 1 avaliacoes e boa reputacao em Barra Mansa. Lives de moda tipo 'provador ao vivo' convertem ate 3x mais que e-commerce tradicional no TikTok Shop - quero mostrar como funciona.","Empresa: Brands Fashio Moda Feminina | Local: Barra Mansa | Nota Google: 5.0 (1 avaliacoes) | Categorias: Loja de Roupa | RANKING TIKTOK SHOP: Moda Feminina - Categoria #2 global (14.8% do GMV) | POR QUE ESSE NEGOCIO: Categoria #2 global (14.8% GMV). Moda plus size e casual tem comunidades engajadas no TikTok. Lives de provador e 'get ready with me' geram conversao altissima. Ticket medio R$80-250. | PROPOSTA: Implementacao completa de TikTok Shop + apresentadora dedicada que vende os produtos em lives. O negocio so precisa fornecer os produtos - NUC cuida de toda a operacao digital."
"Bárbara Santos Moda Feminina","NUC TikTok Shop x Bárbara Santos Moda Feminina","+55 24 98171-6969","https://www.google.com/search?q=B%C3%A1rbara+Santos+Moda+Feminina+Barra+Mansa+instagram","Moda Feminina","Prospeccao Ativa - TikTok Shop","Barra Mansa","Vendas dependem 100% de quem entra na loja; Instagram alcanca cada vez menos gente; estoque encalhado de colecoes que nao saem; dificuldade em atingir publico jovem que compra online.","Moda feminina e a segunda categoria que mais vende no TikTok Shop (14.8% do GMV global). A Bárbara Santos Moda Feminina tem os produtos certos - quero mostrar como colocar uma apresentadora vendendo suas pecas em lives diarias sem voce precisar aparecer.","Empresa: Bárbara Santos Moda Feminina | Local: Barra Mansa | Nota Google: 3.0 (1 avaliacoes) | Categorias: Loja de roupas vintage | RANKING TIKTOK SHOP: Moda Feminina - Categoria #2 global (14.8% do GMV) | POR QUE ESSE NEGOCIO: Categoria #2 global (14.8% GMV). Moda plus size e casual tem comunidades engajadas no TikTok. Lives de provador e 'get ready with me' geram conversao altissima. Ticket medio R$80-250. | PROPOSTA: Implementacao completa de TikTok Shop + apresentadora dedicada que vende os produtos em lives. O negocio so precisa fornecer os produtos - NUC cuida de toda a operacao digital."
"Sedução Lingerie","NUC TikTok Shop x Sedução Lingerie","+55 24 3324-0502","https://www.google.com/search?q=Sedu%C3%A7%C3%A3o+Lingerie+Barra+Mansa+instagram","Moda Feminina","Prospeccao Ativa - TikTok Shop","Barra Mansa","Vendas dependem 100% de quem entra na loja; Instagram alcanca cada vez menos gente; estoque encalhado de colecoes que nao saem; dificuldade em atingir publico jovem que compra online.","Moda feminina e a segunda categoria que mais vende no TikTok Shop (14.8% do GMV global). A Sedução Lingerie tem os produtos certos - quero mostrar como colocar uma apresentadora vendendo suas pecas em lives diarias sem voce precisar aparecer.","Empresa: Sedução Lingerie | Local: Barra Mansa | Categorias: Loja de lingerie | RANKING TIKTOK SHOP: Moda Feminina - Categoria #2 global (14.8% do GMV) | POR QUE ESSE NEGOCIO: Categoria #2 global (14.8% GMV). Moda plus size e casual tem comunidades engajadas no TikTok. Lives de provador e 'get ready with me' geram conversao altissima. Ticket medio R$80-250. | PROPOSTA: Implementacao completa de TikTok Shop + apresentadora dedicada que vende os produtos em lives. O negocio so precisa fornecer os produtos - NUC cuida de toda a operacao digital."
"Loja de Roupas","NUC TikTok Shop x Loja de Roupas","+55 24 3322-3561","https://www.google.com/search?q=Loja+de+Roupas+Barra+Mansa+instagram","Moda Feminina","Prospeccao Ativa - TikTok Shop","Barra Mansa","Vendas dependem 100% de quem entra na loja; Instagram alcanca cada vez menos gente; estoque encalhado de colecoes que nao saem; dificuldade em atingir publico jovem que compra online.","Vi que a Loja de Roupas tem 0 avaliacoes e boa reputacao em Barra Mansa. Lives de moda tipo 'provador ao vivo' convertem ate 3x mais que e-commerce tradicional no TikTok Shop - quero mostrar como funciona.","Empresa: Loja de Roupas | Local: Barra Mansa | Categorias: Loja de Roupa | RANKING TIKTOK SHOP: Moda Feminina - Categoria #2 global (14.8% do GMV) | POR QUE ESSE NEGOCIO: Categoria #2 global (14.8% GMV). Moda plus size e casual tem comunidades engajadas no TikTok. Lives de provador e 'get ready with me' geram conversao altissima. Ticket medio R$80-250. | PROPOSTA: Implementacao completa de TikTok Shop + apresentadora dedicada que vende os produtos em lives. O negocio so precisa fornecer os produtos - NUC cuida de toda a operacao digital."
"JC Acessórios e Moda Feminina e Masculina","NUC TikTok Shop x JC Acessórios e Moda Feminina e Masculina","+55 24 99925-1975","https://www.google.com/search?q=JC+Acess%C3%B3rios+e+Moda+Feminina+e+Masculina+Barra+Mansa+instagram","Moda Feminina","Prospeccao Ativa - TikTok Shop","Barra Mansa","Vendas dependem 100% de quem entra na loja; Instagram alcanca cada vez menos gente; estoque encalhado de colecoes que nao saem; dificuldade em atingir publico jovem que compra online.","O TikTok Shop ta revolucionando a venda de moda - e a JC Acessórios e Moda Feminina e Masculina tem tudo pra aproveitar. Uma apresentadora mostrando suas pecas ao vivo, com link de compra direto, gera vendas que loja fisica sozinha nao alcanca.","Empresa: JC Acessórios e Moda Feminina e Masculina | Local: Barra Mansa | Categorias: Loja de acessórios de moda, Joalheria especializada em itens personalizados | RANKING TIKTOK SHOP: Moda Feminina - Categoria #2 global (14.8% do GMV) | POR QUE ESSE NEGOCIO: Categoria #2 global (14.8% GMV). Moda plus size e casual tem comunidades engajadas no TikTok. Lives de provador e 'get ready with me' geram conversao altissima. Ticket medio R$80-250. | PROPOSTA: Implementacao completa de TikTok Shop + apresentadora dedicada que vende os produtos em lives. O negocio so precisa fornecer os produtos - NUC cuida de toda a operacao digital."
"GB ACESSÓRIOS","NUC TikTok Shop x GB ACESSÓRIOS","+55 24 98842-0570","https://www.google.com/search?q=GB+ACESS%C3%93RIOS+Barra+Mansa+instagram","Moda Feminina","Prospeccao Ativa - TikTok Shop","Barra Mansa","Vendas dependem 100% de quem entra na loja; Instagram alcanca cada vez menos gente; estoque encalhado de colecoes que nao saem; dificuldade em atingir publico jovem que compra online.","Vi que a GB ACESSÓRIOS tem 0 avaliacoes e boa reputacao em Barra Mansa. Lives de moda tipo 'provador ao vivo' convertem ate 3x mais que e-commerce tradicional no TikTok Shop - quero mostrar como funciona.","Empresa: GB ACESSÓRIOS | Local: Barra Mansa | Categorias: Loja de acessórios de moda | RANKING TIKTOK SHOP: Moda Feminina - Categoria #2 global (14.8% do GMV) | POR QUE ESSE NEGOCIO: Categoria #2 global (14.8% GMV). Moda plus size e casual tem comunidades engajadas no TikTok. Lives de provador e 'get ready with me' geram conversao altissima. Ticket medio R$80-250. | PROPOSTA: Implementacao completa de TikTok Shop + apresentadora dedicada que vende os produtos em lives. O negocio so precisa fornecer os produtos - NUC cuida de toda a operacao digital."
"Joalheria G&S Acessórios","NUC TikTok Shop x Joalheria G&S Acessórios","+55 24 3328-4714","https://www.google.com/search?q=Joalheria+G%26S+Acess%C3%B3rios+Barra+Mansa+instagram","Acessorios e Bijuterias","Prospeccao Ativa - TikTok Shop","Barra Mansa","Ticket medio baixo exige volume alto; vendas limitadas ao ponto fisico; dificuldade em mostrar os produtos de forma atrativa online; concorrencia com marketplaces.","A Joalheria G&S Acessórios vende exatamente o tipo de produto que viraliza no TikTok - acessorios com apelo visual. Uma live com try-on dos seus produtos pode gerar vendas que voce nem imagina. Quero apresentar nossa implementacao completa.","Empresa: Joalheria G&S Acessórios | Local: Barra Mansa | Nota Google: 4.8 (26 avaliacoes) | Categorias: Joalheria | RANKING TIKTOK SHOP: Acessorios e Semi-Joias - Categoria #3 global (~8% do GMV) | POR QUE ESSE NEGOCIO: Subcategoria de moda com alto potencial. Bijuterias e semi-joias sao perfeitas para close-ups em video curto. Ticket acessivel impulsiona compra por impulso na live. | PROPOSTA: Implementacao completa de TikTok Shop + apresentadora dedicada que vende os produtos em lives. O negocio so precisa fornecer os produtos - NUC cuida de toda a operacao digital."
"Lindíssima Biju Atacado de Bijuterias","NUC TikTok Shop x Lindíssima Biju Atacado de Bijuterias","+55 24 98842-8961","https://www.google.com/search?q=Lind%C3%ADssima+Biju+Atacado+de+Bijuterias+Barra+Mansa+instagram","Acessorios e Bijuterias","Prospeccao Ativa - TikTok Shop","Barra Mansa","Ticket medio baixo exige volume alto; vendas limitadas ao ponto fisico; dificuldade em mostrar os produtos de forma atrativa online; concorrencia com marketplaces.","Semi-joias e bijuterias sao perfeitas pro TikTok Shop - close-ups em video curto e compra por impulso. A Lindíssima Biju Atacado de Bijuterias tem os produtos certos pra isso. Quero mostrar como uma apresentadora pode vender seus produtos em lives diarias.","Empresa: Lindíssima Biju Atacado de Bijuterias | Local: Barra Mansa | Nota Google: 5.0 (20 avaliacoes) | Categorias: Joalheiro atacadista | RANKING TIKTOK SHOP: Acessorios e Semi-Joias - Categoria #3 global (~8% do GMV) | POR QUE ESSE NEGOCIO: Subcategoria de moda com alto potencial. Bijuterias e semi-joias sao perfeitas para close-ups em video curto. Ticket acessivel impulsiona compra por impulso na live. | PROPOSTA: Implementacao completa de TikTok Shop + apresentadora dedicada que vende os produtos em lives. O negocio so precisa fornecer os produtos - NUC cuida de toda a operacao digital."
"Águia Rosa Joias","NUC TikTok Shop x Águia Rosa Joias","+55 24 99947-1922","https://www.instagram.com/aguiarosajoias/","Acessorios e Bijuterias","Prospeccao Ativa - TikTok Shop","Barra Mansa","Ticket medio baixo exige volume alto; vendas limitadas ao ponto fisico; dificuldade em mostrar os produtos de forma atrativa online; concorrencia com marketplaces.","A Águia Rosa Joias vende exatamente o tipo de produto que viraliza no TikTok - acessorios com apelo visual. Uma live com try-on dos seus produtos pode gerar vendas que voce nem imagina. Quero apresentar nossa implementacao completa.","Empresa: Águia Rosa Joias | Local: Barra Mansa | Nota Google: 5.0 (15 avaliacoes) | Categorias: Joalheria | RANKING TIKTOK SHOP: Acessorios e Semi-Joias - Categoria #3 global (~8% do GMV) | POR QUE ESSE NEGOCIO: Subcategoria de moda com alto potencial. Bijuterias e semi-joias sao perfeitas para close-ups em video curto. Ticket acessivel impulsiona compra por impulso na live. | PROPOSTA: Implementacao completa de TikTok Shop + apresentadora dedicada que vende os produtos em lives. O negocio so precisa fornecer os produtos - NUC cuida de toda a operacao digital."
"Paixão Pet Shop E Acessórios","NUC TikTok Shop x Paixão Pet Shop E Acessórios","+55 24 99992-5941","https://www.google.com/search?q=Paix%C3%A3o+Pet+Shop+E+Acess%C3%B3rios+Barra+Mansa+instagram","Acessorios e Bijuterias","Prospeccao Ativa - TikTok Shop","Barra Mansa","Ticket medio baixo exige volume alto; vendas limitadas ao ponto fisico; dificuldade em mostrar os produtos de forma atrativa online; concorrencia com marketplaces.","A Paixão Pet Shop E Acessórios vende exatamente o tipo de produto que viraliza no TikTok - acessorios com apelo visual. Uma live com try-on dos seus produtos pode gerar vendas que voce nem imagina. Quero apresentar nossa implementacao completa.","Empresa: Paixão Pet Shop E Acessórios | Local: Barra Mansa | Nota Google: 4.9 (15 avaliacoes) | Categorias: Pet Shop | RANKING TIKTOK SHOP: Acessorios e Semi-Joias - Categoria #3 global (~8% do GMV) | POR QUE ESSE NEGOCIO: Subcategoria de moda com alto potencial. Bijuterias e semi-joias sao perfeitas para close-ups em video curto. Ticket acessivel impulsiona compra por impulso na live. | PROPOSTA: Implementacao completa de TikTok Shop + apresentadora dedicada que vende os produtos em lives. O negocio so precisa fornecer os produtos - NUC cuida de toda a operacao digital."
"Rilmo Calçados","NUC TikTok Shop x Rilmo Calçados","+55 24 98809-4844","https://www.google.com/search?q=Rilmo+Cal%C3%A7ados+Barra+Mansa+instagram","Acessorios e Bijuterias","Prospeccao Ativa - TikTok Shop","Barra Mansa","Ticket medio baixo exige volume alto; vendas limitadas ao ponto fisico; dificuldade em mostrar os produtos de forma atrativa online; concorrencia com marketplaces.","A Rilmo Calçados vende exatamente o tipo de produto que viraliza no TikTok - acessorios com apelo visual. Uma live com try-on dos seus produtos pode gerar vendas que voce nem imagina. Quero apresentar nossa implementacao completa.","Empresa: Rilmo Calçados | Local: Barra Mansa | Nota Google: 4.5 (10 avaliacoes) | Categorias: Loja de calçado, Loja de malas e bolsas | RANKING TIKTOK SHOP: Acessorios e Semi-Joias - Categoria #3 global (~8% do GMV) | POR QUE ESSE NEGOCIO: Subcategoria de moda com alto potencial. Bijuterias e semi-joias sao perfeitas para close-ups em video curto. Ticket acessivel impulsiona compra por impulso na live. | PROPOSTA: Implementacao completa de TikTok Shop + apresentadora dedicada que vende os produtos em lives. O negocio so precisa fornecer os produtos - NUC cuida de toda a operacao digital."
"Visage Bolsas e consertos sapatos bolsas e malas","NUC TikTok Shop x Visage Bolsas e consertos sapatos bolsas e malas","+55 24 3323-2915","https://www.google.com/search?q=Visage+Bolsas+e+consertos+sapatos+bolsas+e+malas+Barra+Mansa+instagram","Acessorios e Bijuterias","Prospeccao Ativa - TikTok Shop","Barra Mansa","Ticket medio baixo exige volume alto; vendas limitadas ao ponto fisico; dificuldade em mostrar os produtos de forma atrativa online; concorrencia com marketplaces.","A Visage Bolsas e consertos sapatos bolsas e malas vende exatamente o tipo de produto que viraliza no TikTok - acessorios com apelo visual. Uma live com try-on dos seus produtos pode gerar vendas que voce nem imagina. Quero apresentar nossa implementacao completa.","Empresa: Visage Bolsas e consertos sapatos bolsas e malas | Local: Barra Mansa | Nota Google: 4.4 (9 avaliacoes) | Categorias: Loja de malas e bolsas | RANKING TIKTOK SHOP: Acessorios e Semi-Joias - Categoria #3 global (~8% do GMV) | POR QUE ESSE NEGOCIO: Subcategoria de moda com alto potencial. Bijuterias e semi-joias sao perfeitas para close-ups em video curto. Ticket acessivel impulsiona compra por impulso na live. | PROPOSTA: Implementacao completa de TikTok Shop + apresentadora dedicada que vende os produtos em lives. O negocio so precisa fornecer os produtos - NUC cuida de toda a operacao digital."
"Miss Store Semijoias | Loja Online","NUC TikTok Shop x Miss Store Semijoias | Loja Online","+55 24 99246-0768","https://www.google.com/search?q=Miss+Store+Semijoias+%7C+Loja+Online+Barra+Mansa+instagram","Acessorios e Bijuterias","Prospeccao Ativa - TikTok Shop","Barra Mansa","Ticket medio baixo exige volume alto; vendas limitadas ao ponto fisico; dificuldade em mostrar os produtos de forma atrativa online; concorrencia com marketplaces.","A Miss Store Semijoias | Loja Online vende exatamente o tipo de produto que viraliza no TikTok - acessorios com apelo visual. Uma live com try-on dos seus produtos pode gerar vendas que voce nem imagina. Quero apresentar nossa implementacao completa.","Empresa: Miss Store Semijoias | Loja Online | Local: Barra Mansa | Nota Google: 5.0 (8 avaliacoes) | Categorias: Joalheria | RANKING TIKTOK SHOP: Acessorios e Semi-Joias - Categoria #3 global (~8% do GMV) | POR QUE ESSE NEGOCIO: Subcategoria de moda com alto potencial. Bijuterias e semi-joias sao perfeitas para close-ups em video curto. Ticket acessivel impulsiona compra por impulso na live. | PROPOSTA: Implementacao completa de TikTok Shop + apresentadora dedicada que vende os produtos em lives. O negocio so precisa fornecer os produtos - NUC cuida de toda a operacao digital."
"Charme Bijuterias","NUC TikTok Shop x Charme Bijuterias","Prospectar presencialmente","https://www.google.com/search?q=Charme+Bijuterias+Barra+Mansa+instagram","Acessorios e Bijuterias","Prospeccao Ativa - TikTok Shop","Barra Mansa","Ticket medio baixo exige volume alto; vendas limitadas ao ponto fisico; dificuldade em mostrar os produtos de forma atrativa online; concorrencia com marketplaces.","Semi-joias e bijuterias sao perfeitas pro TikTok Shop - close-ups em video curto e compra por impulso. A Charme Bijuterias tem os produtos certos pra isso. Quero mostrar como uma apresentadora pode vender seus produtos em lives diarias.","Empresa: Charme Bijuterias | Local: Barra Mansa | Nota Google: 5.0 (1 avaliacoes) | Categorias: Joalheria | RANKING TIKTOK SHOP: Acessorios e Semi-Joias - Categoria #3 global (~8% do GMV) | POR QUE ESSE NEGOCIO: Subcategoria de moda com alto potencial. Bijuterias e semi-joias sao perfeitas para close-ups em video curto. Ticket acessivel impulsiona compra por impulso na live. | PROPOSTA: Implementacao completa de TikTok Shop + apresentadora dedicada que vende os produtos em lives. O negocio so precisa fornecer os produtos - NUC cuida de toda a operacao digital."
"MARI - peças para bijuterias e acessórios","NUC TikTok Shop x MARI - peças para bijuterias e acessórios","Prospectar presencialmente","https://www.google.com/search?q=MARI+-+pe%C3%A7as+para+bijuterias+e+acess%C3%B3rios+Barra+Mansa+instagram","Acessorios e Bijuterias","Prospeccao Ativa - TikTok Shop","Barra Mansa","Ticket medio baixo exige volume alto; vendas limitadas ao ponto fisico; dificuldade em mostrar os produtos de forma atrativa online; concorrencia com marketplaces.","A MARI - peças para bijuterias e acessórios vende exatamente o tipo de produto que viraliza no TikTok - acessorios com apelo visual. Uma live com try-on dos seus produtos pode gerar vendas que voce nem imagina. Quero apresentar nossa implementacao completa.","Empresa: MARI - peças para bijuterias e acessórios | Local: Barra Mansa | Categorias: Loja | RANKING TIKTOK SHOP: Acessorios e Semi-Joias - Categoria #3 global (~8% do GMV) | POR QUE ESSE NEGOCIO: Subcategoria de moda com alto potencial. Bijuterias e semi-joias sao perfeitas para close-ups em video curto. Ticket acessivel impulsiona compra por impulso na live. | PROPOSTA: Implementacao completa de TikTok Shop + apresentadora dedicada que vende os produtos em lives. O negocio so precisa fornecer os produtos - NUC cuida de toda a operacao digital."
"Lumman Calçados & Sports","NUC TikTok Shop x Lumman Calçados & Sports","+55 24 3322-3613","https://www.google.com/search?q=Lumman+Cal%C3%A7ados+%26+Sports+Barra+Mansa+instagram","Calcados","Prospeccao Ativa - TikTok Shop","Barra Mansa","Vendas sazonais com meses fracos; estoque de numeracoes que nao giram; concorrencia com grandes redes online; dificuldade em atrair publico jovem.","Calcados sao uma das categorias que mais crescem no TikTok Shop. A Lumman Calçados & Sports pode ter uma apresentadora mostrando seus modelos ao vivo, com unboxing e combinacoes de looks - o link de compra aparece direto na tela.","Empresa: Lumman Calçados & Sports | Local: Barra Mansa | Nota Google: 4.5 (78 avaliacoes) | Categorias: Loja de calçado | RANKING TIKTOK SHOP: Calcados - Categoria #4 global (~6% do GMV) | POR QUE ESSE NEGOCIO: Calcados femininos e casuais tem forte demanda no TikTok Shop. Unboxing e 'outfit of the day' com foco nos pes viralizam. Ticket medio bom (R$100-300). | PROPOSTA: Implementacao completa de TikTok Shop + apresentadora dedicada que vende os produtos em lives. O negocio so precisa fornecer os produtos - NUC cuida de toda a operacao digital."
"Pro Pé Calçados","NUC TikTok Shop x Pro Pé Calçados","Prospectar presencialmente","https://www.google.com/search?q=Pro+P%C3%A9+Cal%C3%A7ados+Barra+Mansa+instagram","Calcados","Prospeccao Ativa - TikTok Shop","Barra Mansa","Vendas sazonais com meses fracos; estoque de numeracoes que nao giram; concorrencia com grandes redes online; dificuldade em atrair publico jovem.","A Pro Pé Calçados tem 59 avaliacoes em Barra Mansa. No TikTok Shop, videos de 'outfit of the day' com foco em calcados convertem muito. Quero apresentar como implementar esse canal de vendas no seu negocio.","Empresa: Pro Pé Calçados | Local: Barra Mansa | Nota Google: 4.6 (59 avaliacoes) | Categorias: Loja de calçado | RANKING TIKTOK SHOP: Calcados - Categoria #4 global (~6% do GMV) | POR QUE ESSE NEGOCIO: Calcados femininos e casuais tem forte demanda no TikTok Shop. Unboxing e 'outfit of the day' com foco nos pes viralizam. Ticket medio bom (R$100-300). | PROPOSTA: Implementacao completa de TikTok Shop + apresentadora dedicada que vende os produtos em lives. O negocio so precisa fornecer os produtos - NUC cuida de toda a operacao digital."
"Teka Calçados","NUC TikTok Shop x Teka Calçados","+55 24 3343-4668","https://www.google.com/search?q=Teka+Cal%C3%A7ados+Barra+Mansa+instagram","Calcados","Prospeccao Ativa - TikTok Shop","Barra Mansa","Vendas sazonais com meses fracos; estoque de numeracoes que nao giram; concorrencia com grandes redes online; dificuldade em atrair publico jovem.","A Teka Calçados tem 30 avaliacoes em Barra Mansa. No TikTok Shop, videos de 'outfit of the day' com foco em calcados convertem muito. Quero apresentar como implementar esse canal de vendas no seu negocio.","Empresa: Teka Calçados | Local: Barra Mansa | Nota Google: 4.9 (30 avaliacoes) | Categorias: Loja de calçado | RANKING TIKTOK SHOP: Calcados - Categoria #4 global (~6% do GMV) | POR QUE ESSE NEGOCIO: Calcados femininos e casuais tem forte demanda no TikTok Shop. Unboxing e 'outfit of the day' com foco nos pes viralizam. Ticket medio bom (R$100-300). | PROPOSTA: Implementacao completa de TikTok Shop + apresentadora dedicada que vende os produtos em lives. O negocio so precisa fornecer os produtos - NUC cuida de toda a operacao digital."
"World Tennis","NUC TikTok Shop x World Tennis","+55 24 2106-1294","https://www.google.com/search?q=World+Tennis+Barra+Mansa+instagram","Calcados","Prospeccao Ativa - TikTok Shop","Barra Mansa","Vendas sazonais com meses fracos; estoque de numeracoes que nao giram; concorrencia com grandes redes online; dificuldade em atrair publico jovem.","Calcados sao uma das categorias que mais crescem no TikTok Shop. A World Tennis pode ter uma apresentadora mostrando seus modelos ao vivo, com unboxing e combinacoes de looks - o link de compra aparece direto na tela.","Empresa: World Tennis | Local: Barra Mansa | Nota Google: 4.5 (20 avaliacoes) | Categorias: Loja de calçado | RANKING TIKTOK SHOP: Calcados - Categoria #4 global (~6% do GMV) | POR QUE ESSE NEGOCIO: Calcados femininos e casuais tem forte demanda no TikTok Shop. Unboxing e 'outfit of the day' com foco nos pes viralizam. Ticket medio bom (R$100-300). | PROPOSTA: Implementacao completa de TikTok Shop + apresentadora dedicada que vende os produtos em lives. O negocio so precisa fornecer os produtos - NUC cuida de toda a operacao digital."
"Sapataria Troca o Tênis","NUC TikTok Shop x Sapataria Troca o Tênis","+55 24 3323-2155","https://www.google.com/search?q=Sapataria+Troca+o+T%C3%AAnis+Barra+Mansa+instagram","Calcados","Prospeccao Ativa - TikTok Shop","Barra Mansa","Vendas sazonais com meses fracos; estoque de numeracoes que nao giram; concorrencia com grandes redes online; dificuldade em atrair publico jovem.","Calcados sao uma das categorias que mais crescem no TikTok Shop. A Sapataria Troca o Tênis pode ter uma apresentadora mostrando seus modelos ao vivo, com unboxing e combinacoes de looks - o link de compra aparece direto na tela.","Empresa: Sapataria Troca o Tênis | Local: Barra Mansa | Nota Google: 4.3 (18 avaliacoes) | Categorias: Loja de calçado | RANKING TIKTOK SHOP: Calcados - Categoria #4 global (~6% do GMV) | POR QUE ESSE NEGOCIO: Calcados femininos e casuais tem forte demanda no TikTok Shop. Unboxing e 'outfit of the day' com foco nos pes viralizam. Ticket medio bom (R$100-300). | PROPOSTA: Implementacao completa de TikTok Shop + apresentadora dedicada que vende os produtos em lives. O negocio so precisa fornecer os produtos - NUC cuida de toda a operacao digital."
"Pe De Flor Calcados","NUC TikTok Shop x Pe De Flor Calcados","+55 24 3323-9494","https://www.google.com/search?q=Pe+De+Flor+Calcados+Barra+Mansa+instagram","Calcados","Prospeccao Ativa - TikTok Shop","Barra Mansa","Vendas sazonais com meses fracos; estoque de numeracoes que nao giram; concorrencia com grandes redes online; dificuldade em atrair publico jovem.","A Pe De Flor Calcados tem 9 avaliacoes em Barra Mansa. No TikTok Shop, videos de 'outfit of the day' com foco em calcados convertem muito. Quero apresentar como implementar esse canal de vendas no seu negocio.","Empresa: Pe De Flor Calcados | Local: Barra Mansa | Nota Google: 4.0 (9 avaliacoes) | Categorias: Loja de calçado | RANKING TIKTOK SHOP: Calcados - Categoria #4 global (~6% do GMV) | POR QUE ESSE NEGOCIO: Calcados femininos e casuais tem forte demanda no TikTok Shop. Unboxing e 'outfit of the day' com foco nos pes viralizam. Ticket medio bom (R$100-300). | PROPOSTA: Implementacao completa de TikTok Shop + apresentadora dedicada que vende os produtos em lives. O negocio so precisa fornecer os produtos - NUC cuida de toda a operacao digital."
"Mari Mari Shoes Barra Mansa","NUC TikTok Shop x Mari Mari Shoes Barra Mansa","+55 24 97834-9755","https://www.google.com/search?q=Mari+Mari+Shoes+Barra+Mansa+Barra+Mansa+instagram","Calcados","Prospeccao Ativa - TikTok Shop","Barra Mansa","Vendas sazonais com meses fracos; estoque de numeracoes que nao giram; concorrencia com grandes redes online; dificuldade em atrair publico jovem.","Calcados sao uma das categorias que mais crescem no TikTok Shop. A Mari Mari Shoes Barra Mansa pode ter uma apresentadora mostrando seus modelos ao vivo, com unboxing e combinacoes de looks - o link de compra aparece direto na tela.","Empresa: Mari Mari Shoes Barra Mansa | Local: Barra Mansa | Nota Google: 5.0 (7 avaliacoes) | Categorias: Loja de calçado | RANKING TIKTOK SHOP: Calcados - Categoria #4 global (~6% do GMV) | POR QUE ESSE NEGOCIO: Calcados femininos e casuais tem forte demanda no TikTok Shop. Unboxing e 'outfit of the day' com foco nos pes viralizam. Ticket medio bom (R$100-300). | PROPOSTA: Implementacao completa de TikTok Shop + apresentadora dedicada que vende os produtos em lives. O negocio so precisa fornecer os produtos - NUC cuida de toda a operacao digital."
"Espaço do Pé","NUC TikTok Shop x Espaço do Pé","+55 24 3326-5258","https://www.google.com/search?q=Espa%C3%A7o+do+P%C3%A9+Barra+Mansa+instagram","Calcados","Prospeccao Ativa - TikTok Shop","Barra Mansa","Vendas sazonais com meses fracos; estoque de numeracoes que nao giram; concorrencia com grandes redes online; dificuldade em atrair publico jovem.","Calcados sao uma das categorias que mais crescem no TikTok Shop. A Espaço do Pé pode ter uma apresentadora mostrando seus modelos ao vivo, com unboxing e combinacoes de looks - o link de compra aparece direto na tela.","Empresa: Espaço do Pé | Local: Barra Mansa | Nota Google: 5.0 (3 avaliacoes) | Categorias: Loja de calçado | RANKING TIKTOK SHOP: Calcados - Categoria #4 global (~6% do GMV) | POR QUE ESSE NEGOCIO: Calcados femininos e casuais tem forte demanda no TikTok Shop. Unboxing e 'outfit of the day' com foco nos pes viralizam. Ticket medio bom (R$100-300). | PROPOSTA: Implementacao completa de TikTok Shop + apresentadora dedicada que vende os produtos em lives. O negocio so precisa fornecer os produtos - NUC cuida de toda a operacao digital."
"Dimas Rápido Calçados","NUC TikTok Shop x Dimas Rápido Calçados","+55 24 99942-1528","https://www.google.com/search?q=Dimas+R%C3%A1pido+Cal%C3%A7ados+Barra+Mansa+instagram","Calcados","Prospeccao Ativa - TikTok Shop","Barra Mansa","Vendas sazonais com meses fracos; estoque de numeracoes que nao giram; concorrencia com grandes redes online; dificuldade em atrair publico jovem.","A Dimas Rápido Calçados tem 3 avaliacoes em Barra Mansa. No TikTok Shop, videos de 'outfit of the day' com foco em calcados convertem muito. Quero apresentar como implementar esse canal de vendas no seu negocio.","Empresa: Dimas Rápido Calçados | Local: Barra Mansa | Nota Google: 4.3 (3 avaliacoes) | Categorias: Sapateiro | RANKING TIKTOK SHOP: Calcados - Categoria #4 global (~6% do GMV) | POR QUE ESSE NEGOCIO: Calcados femininos e casuais tem forte demanda no TikTok Shop. Unboxing e 'outfit of the day' com foco nos pes viralizam. Ticket medio bom (R$100-300). | PROPOSTA: Implementacao completa de TikTok Shop + apresentadora dedicada que vende os produtos em lives. O negocio so precisa fornecer os produtos - NUC cuida de toda a operacao digital."
