"Nome comercial","Nome da oportunidade","Telefone principal","Instagram","Segmento","Fonte","Tags","Dor provavel","Gancho - Abordagem","Observacoes"
"Chiquinho Auto Peças","NUC x Chiquinho Auto Peças","+55 24 99988-2344","https://www.google.com/search?q=Chiquinho+Auto+Pe%C3%A7as+Porto+Real+instagram","Automotivo - Auto Pecas","Prospeccao Ativa","Porto Real","Vendas dependem do fluxo de balcao e indicacao de mecanicos; dificuldade em atrair clientes finais que compram online; concorrencia com marketplaces (Mercado Livre, Shopee); estoque de pecas especificas que nao giram.","Pesquisando auto pecas em Porto Real, a Chiquinho Auto Peças se destacou. O consumidor de hoje pesquisa no Google antes de comprar peca - quem aparece primeiro vende mais. Quero mostrar como colocar voces nessa posicao.","Empresa: Chiquinho Auto Peças | Cidade: Porto Real | Tipo: Auto Pecas | Nota Google: 4.8 (20 avaliacoes) | Categorias: Loja de autopeças | Endereco: Jardim das Acacias, Porto Real - RJ, 27570-000, Brasil | DICA SDR: Negocio local do setor automotivo. O dono costuma estar no balcao ou na oficina. Pergunte pelo proprietario ou gerente. Destaque que o mercado de reposicao automotiva cresce forte e quem se posiciona digitalmente agora atrai clientes da regiao toda - nao so do bairro."
"Af Auto Peças e Baterias Automotivas","NUC x Af Auto Peças e Baterias Automotivas","+55 24 99911-3485","https://www.google.com/search?q=Af+Auto+Pe%C3%A7as+e+Baterias+Automotivas+Porto+Real+instagram","Automotivo - Auto Pecas","Prospeccao Ativa","Porto Real","Vendas dependem do fluxo de balcao e indicacao de mecanicos; dificuldade em atrair clientes finais que compram online; concorrencia com marketplaces (Mercado Livre, Shopee); estoque de pecas especificas que nao giram.","Pesquisando auto pecas em Porto Real, a Af Auto Peças e Baterias Automotivas se destacou. O consumidor de hoje pesquisa no Google antes de comprar peca - quem aparece primeiro vende mais. Quero mostrar como colocar voces nessa posicao.","Empresa: Af Auto Peças e Baterias Automotivas | Cidade: Porto Real | Tipo: Auto Pecas | Nota Google: 5.0 (11 avaliacoes) | Categorias: Loja de autopeças | Endereco: Av. B, 1331 - Freitas Soares, Porto Real - RJ, 27570-000, Brasil | DICA SDR: Negocio local do setor automotivo. O dono costuma estar no balcao ou na oficina. Pergunte pelo proprietario ou gerente. Destaque que o mercado de reposicao automotiva cresce forte e quem se posiciona digitalmente agora atrai clientes da regiao toda - nao so do bairro."
"Vallourec do Brasil Auto Peças","NUC x Vallourec do Brasil Auto Peças","+55 24 3358-8200","https://www.google.com/search?q=Vallourec+do+Brasil+Auto+Pe%C3%A7as+Porto+Real+instagram","Automotivo - Auto Pecas","Prospeccao Ativa","Porto Real","Vendas dependem do fluxo de balcao e indicacao de mecanicos; dificuldade em atrair clientes finais que compram online; concorrencia com marketplaces (Mercado Livre, Shopee); estoque de pecas especificas que nao giram.","Vi que a Vallourec do Brasil Auto Peças e referencia em auto pecas em Porto Real com 4 avaliacoes. O mercado de reposicao automotiva cresce 12% ao ano e quem investe em presenca digital atrai oficinas e clientes finais da regiao toda. Quero mostrar como potencializar isso.","Empresa: Vallourec do Brasil Auto Peças | Cidade: Porto Real | Tipo: Auto Pecas | Nota Google: 4.0 (4 avaliacoes) | Categorias: Mecânica para carros | Endereco: Av. Renato Monteiro, 6200 - Porto Real, RJ, 27570-000, Brasil | DICA SDR: Negocio local do setor automotivo. O dono costuma estar no balcao ou na oficina. Pergunte pelo proprietario ou gerente. Destaque que o mercado de reposicao automotiva cresce forte e quem se posiciona digitalmente agora atrai clientes da regiao toda - nao so do bairro."
"Auto Center Real | Convertedora GNV","NUC x Auto Center Real | Convertedora GNV","Sem telefone cadastrado","https://www.google.com/search?q=Auto+Center+Real+%7C+Convertedora+GNV+Porto+Real+instagram","Automotivo - Auto Center","Prospeccao Ativa","Porto Real","Agenda com horarios ociosos; clientes so aparecem quando o carro quebra (nao tem preventivo agendado); dificuldade em mostrar diferenciais em relacao a concorrentes; depende de fluxo espontaneo.","Vi que a Auto Center Real | Convertedora GNV tem nota 0.0 em Porto Real. Auto centers com boa reputacao online multiplicam o fluxo quando investem em posicionamento digital - clientes buscam no Google antes de levar o carro. Quero mostrar como.","Empresa: Auto Center Real | Convertedora GNV | Cidade: Porto Real | Tipo: Auto Center | Categorias: Oficina mecânica | Endereco: Av. Pedro Segundo, 61 - Centro, Porto Real - RJ, 27570-000, Brasil | DICA SDR: Negocio local do setor automotivo. O dono costuma estar no balcao ou na oficina. Pergunte pelo proprietario ou gerente. Destaque que o mercado de reposicao automotiva cresce forte e quem se posiciona digitalmente agora atrai clientes da regiao toda - nao so do bairro."
"Auto Center QuatisCar","NUC x Auto Center QuatisCar","+55 24 99817-8478","https://www.google.com/search?q=Auto+Center+QuatisCar+Quatis+instagram","Automotivo - Auto Center","Prospeccao Ativa","Quatis","Agenda com horarios ociosos; clientes so aparecem quando o carro quebra (nao tem preventivo agendado); dificuldade em mostrar diferenciais em relacao a concorrentes; depende de fluxo espontaneo.","A Auto Center QuatisCar ja e referencia em Quatis com 88 avaliacoes. Imagine atrair clientes de toda a regiao Sul Fluminense com uma estrategia digital que mostre seus diferenciais - quero apresentar como fazemos isso.","Empresa: Auto Center QuatisCar | Cidade: Quatis | Tipo: Auto Center | Nota Google: 4.8 (88 avaliacoes) | Categorias: Oficina mecânica, Mecânica para carros | Endereco: Av. Roberto Silveira, n° 211 - Barrinha, Quatis - RJ, 27410-260, Brasil | DICA SDR: Negocio local do setor automotivo. O dono costuma estar no balcao ou na oficina. Pergunte pelo proprietario ou gerente. Destaque que o mercado de reposicao automotiva cresce forte e quem se posiciona digitalmente agora atrai clientes da regiao toda - nao so do bairro."
"Auto Center 4 Rodas","NUC x Auto Center 4 Rodas","+55 24 3353-5383","https://www.google.com/search?q=Auto+Center+4+Rodas+Quatis+instagram","Automotivo - Auto Center","Prospeccao Ativa","Quatis","Agenda com horarios ociosos; clientes so aparecem quando o carro quebra (nao tem preventivo agendado); dificuldade em mostrar diferenciais em relacao a concorrentes; depende de fluxo espontaneo.","A Auto Center 4 Rodas ja e referencia em Quatis com 51 avaliacoes. Imagine atrair clientes de toda a regiao Sul Fluminense com uma estrategia digital que mostre seus diferenciais - quero apresentar como fazemos isso.","Empresa: Auto Center 4 Rodas | Cidade: Quatis | Tipo: Auto Center | Nota Google: 4.6 (51 avaliacoes) | Categorias: Oficina mecânica | Endereco: Zap ( 28 - 99964.4465 - Jardim Polastri, Quatis - RJ, 27420-080, Brasil | DICA SDR: Negocio local do setor automotivo. O dono costuma estar no balcao ou na oficina. Pergunte pelo proprietario ou gerente. Destaque que o mercado de reposicao automotiva cresce forte e quem se posiciona digitalmente agora atrai clientes da regiao toda - nao so do bairro."
"RUSSO'S AUTO PEÇAS","NUC x RUSSO'S AUTO PEÇAS","+55 24 99841-8650","https://www.google.com/search?q=RUSSO%27S+AUTO+PE%C3%87AS+Quatis+instagram","Automotivo - Auto Pecas","Prospeccao Ativa","Quatis","Vendas dependem do fluxo de balcao e indicacao de mecanicos; dificuldade em atrair clientes finais que compram online; concorrencia com marketplaces (Mercado Livre, Shopee); estoque de pecas especificas que nao giram.","A RUSSO'S AUTO PEÇAS tem nota 5.0 no Google - isso mostra confianca do cliente. Auto pecas que estruturam marketing digital conseguem atrair mecanicos, oficinas e consumidores finais alem do bairro. Quero apresentar como fazemos isso.","Empresa: RUSSO'S AUTO PEÇAS | Cidade: Quatis | Tipo: Auto Pecas | Nota Google: 5.0 (2 avaliacoes) | Categorias: Loja de autopeças | Endereco: Zap ( 28 - 99964.4465 - Centro, Quatis - RJ, 27410-130, Brasil | DICA SDR: Negocio local do setor automotivo. O dono costuma estar no balcao ou na oficina. Pergunte pelo proprietario ou gerente. Destaque que o mercado de reposicao automotiva cresce forte e quem se posiciona digitalmente agora atrai clientes da regiao toda - nao so do bairro."
"AUTOPEÇAS G.A.","NUC x AUTOPEÇAS G.A.","+55 24 99330-8779","https://www.google.com/search?q=AUTOPE%C3%87AS+G.A.+Quatis+instagram","Automotivo - Auto Pecas","Prospeccao Ativa","Quatis","Vendas dependem do fluxo de balcao e indicacao de mecanicos; dificuldade em atrair clientes finais que compram online; concorrencia com marketplaces (Mercado Livre, Shopee); estoque de pecas especificas que nao giram.","Vi que a AUTOPEÇAS G.A. e referencia em auto pecas em Quatis com 0 avaliacoes. O mercado de reposicao automotiva cresce 12% ao ano e quem investe em presenca digital atrai oficinas e clientes finais da regiao toda. Quero mostrar como potencializar isso.","Empresa: AUTOPEÇAS G.A. | Cidade: Quatis | Tipo: Auto Pecas | Categorias: Loja de autopeças | Endereco: R. Alexandre Polastri, 200 - Jardim Polastri, Quatis - RJ, 27420-050, Brasil | DICA SDR: Negocio local do setor automotivo. O dono costuma estar no balcao ou na oficina. Pergunte pelo proprietario ou gerente. Destaque que o mercado de reposicao automotiva cresce forte e quem se posiciona digitalmente agora atrai clientes da regiao toda - nao so do bairro."
"Auto Peças Azoberte","NUC x Auto Peças Azoberte","+55 24 3354-3906","https://www.google.com/search?q=Auto+Pe%C3%A7as+Azoberte+Resende+instagram","Automotivo - Auto Pecas","Prospeccao Ativa","Resende","Vendas dependem do fluxo de balcao e indicacao de mecanicos; dificuldade em atrair clientes finais que compram online; concorrencia com marketplaces (Mercado Livre, Shopee); estoque de pecas especificas que nao giram.","A Auto Peças Azoberte tem nota 4.5 no Google - isso mostra confianca do cliente. Auto pecas que estruturam marketing digital conseguem atrair mecanicos, oficinas e consumidores finais alem do bairro. Quero apresentar como fazemos isso.","Empresa: Auto Peças Azoberte | Cidade: Resende | Tipo: Auto Pecas | Nota Google: 4.5 (2066 avaliacoes) | Categorias: Loja de autopeças | Endereco: R. Gulhot Rodrigues, 350 - Campos Elíseos, Resende - RJ, 27542-040, Brasil | DICA SDR: Negocio local do setor automotivo. O dono costuma estar no balcao ou na oficina. Pergunte pelo proprietario ou gerente. Destaque que o mercado de reposicao automotiva cresce forte e quem se posiciona digitalmente agora atrai clientes da regiao toda - nao so do bairro."
"Ciauto Peças","NUC x Ciauto Peças","+55 24 3354-7327","https://www.instagram.com/ciautopecas/","Automotivo - Auto Pecas","Prospeccao Ativa","Resende","Vendas dependem do fluxo de balcao e indicacao de mecanicos; dificuldade em atrair clientes finais que compram online; concorrencia com marketplaces (Mercado Livre, Shopee); estoque de pecas especificas que nao giram.","A Ciauto Peças tem nota 4.3 no Google - isso mostra confianca do cliente. Auto pecas que estruturam marketing digital conseguem atrair mecanicos, oficinas e consumidores finais alem do bairro. Quero apresentar como fazemos isso.","Empresa: Ciauto Peças | Cidade: Resende | Tipo: Auto Pecas | Nota Google: 4.3 (608 avaliacoes) | Categorias: Loja de autopeças | Endereco: Av. Tenente-Coronel Adalberto Mendes, 622 - Manejo, Resende - RJ, 27521-131, Brasil | DICA SDR: Negocio local do setor automotivo. O dono costuma estar no balcao ou na oficina. Pergunte pelo proprietario ou gerente. Destaque que o mercado de reposicao automotiva cresce forte e quem se posiciona digitalmente agora atrai clientes da regiao toda - nao so do bairro."
"Guto Auto Peças","NUC x Guto Auto Peças","+55 24 3321-3969","https://www.google.com/search?q=Guto+Auto+Pe%C3%A7as+Resende+instagram","Automotivo - Auto Pecas","Prospeccao Ativa","Resende","Vendas dependem do fluxo de balcao e indicacao de mecanicos; dificuldade em atrair clientes finais que compram online; concorrencia com marketplaces (Mercado Livre, Shopee); estoque de pecas especificas que nao giram.","Vi que a Guto Auto Peças e referencia em auto pecas em Resende com 601 avaliacoes. O mercado de reposicao automotiva cresce 12% ao ano e quem investe em presenca digital atrai oficinas e clientes finais da regiao toda. Quero mostrar como potencializar isso.","Empresa: Guto Auto Peças | Cidade: Resende | Tipo: Auto Pecas | Nota Google: 4.5 (601 avaliacoes) | Categorias: Loja de autopeças | Endereco: Av. Rui Barbosa, 270 - Liberdade, Resende - RJ, 27521-190, Brasil | DICA SDR: Negocio local do setor automotivo. O dono costuma estar no balcao ou na oficina. Pergunte pelo proprietario ou gerente. Destaque que o mercado de reposicao automotiva cresce forte e quem se posiciona digitalmente agora atrai clientes da regiao toda - nao so do bairro."
"NAFIL Auto Peças","NUC x NAFIL Auto Peças","+55 24 2108-0600","https://www.google.com/search?q=NAFIL+Auto+Pe%C3%A7as+Resende+instagram","Automotivo - Auto Pecas","Prospeccao Ativa","Resende","Vendas dependem do fluxo de balcao e indicacao de mecanicos; dificuldade em atrair clientes finais que compram online; concorrencia com marketplaces (Mercado Livre, Shopee); estoque de pecas especificas que nao giram.","Vi que a NAFIL Auto Peças e referencia em auto pecas em Resende com 541 avaliacoes. O mercado de reposicao automotiva cresce 12% ao ano e quem investe em presenca digital atrai oficinas e clientes finais da regiao toda. Quero mostrar como potencializar isso.","Empresa: NAFIL Auto Peças | Cidade: Resende | Tipo: Auto Pecas | Nota Google: 4.3 (541 avaliacoes) | Categorias: Loja de autopeças | Endereco: R. Padre José Sandrup, 521 - Vila Julieta, Resende - RJ, 27520-261, Brasil | DICA SDR: Negocio local do setor automotivo. O dono costuma estar no balcao ou na oficina. Pergunte pelo proprietario ou gerente. Destaque que o mercado de reposicao automotiva cresce forte e quem se posiciona digitalmente agora atrai clientes da regiao toda - nao so do bairro."
"Rodar Pneus Auto Center - Pneus Multimarcas","NUC x Rodar Pneus Auto Center - Pneus Multimarcas","+55 24 3354-6146","https://www.google.com/search?q=Rodar+Pneus+Auto+Center+-+Pneus+Multimarcas+Resende+instagram","Automotivo - Auto Center","Prospeccao Ativa","Resende","Agenda com horarios ociosos; clientes so aparecem quando o carro quebra (nao tem preventivo agendado); dificuldade em mostrar diferenciais em relacao a concorrentes; depende de fluxo espontaneo.","A Rodar Pneus Auto Center - Pneus Multimarcas ja e referencia em Resende com 418 avaliacoes. Imagine atrair clientes de toda a regiao Sul Fluminense com uma estrategia digital que mostre seus diferenciais - quero apresentar como fazemos isso.","Empresa: Rodar Pneus Auto Center - Pneus Multimarcas | Cidade: Resende | Tipo: Auto Center | Nota Google: 4.6 (418 avaliacoes) | Categorias: Mecânica para carros | Endereco: Próximo ao Resende Shopping - Av. João Ferreira Pinto, 46 - Lj 54 e - Comercial, Resende - RJ, 27510-071, Brasil | DICA SDR: Negocio local do setor automotivo. O dono costuma estar no balcao ou na oficina. Pergunte pelo proprietario ou gerente. Destaque que o mercado de reposicao automotiva cresce forte e quem se posiciona digitalmente agora atrai clientes da regiao toda - nao so do bairro."
"Volscap Auto Center Resende","NUC x Volscap Auto Center Resende","+55 24 99812-1143","https://www.google.com/search?q=Volscap+Auto+Center+Resende+Resende+instagram","Automotivo - Auto Center","Prospeccao Ativa","Resende","Agenda com horarios ociosos; clientes so aparecem quando o carro quebra (nao tem preventivo agendado); dificuldade em mostrar diferenciais em relacao a concorrentes; depende de fluxo espontaneo.","A Volscap Auto Center Resende e um auto center bem avaliado em Resende (322 avaliacoes). Auto centers que investem em marketing digital atraem clientes de cidades vizinhas e fidelizam com agendamento online. Quero apresentar como funciona.","Empresa: Volscap Auto Center Resende | Cidade: Resende | Tipo: Auto Center | Nota Google: 4.5 (322 avaliacoes) | Categorias: Oficina mecânica, Loja de vidros automotivos, Mecânica para carros | Endereco: Av. Gal. Afonseca - Manejo, Resende - RJ, 27520-174, Brasil | DICA SDR: Negocio local do setor automotivo. O dono costuma estar no balcao ou na oficina. Pergunte pelo proprietario ou gerente. Destaque que o mercado de reposicao automotiva cresce forte e quem se posiciona digitalmente agora atrai clientes da regiao toda - nao so do bairro."
"Pneus 56 Auto Center em Resende","NUC x Pneus 56 Auto Center em Resende","+55 24 3355-1186","https://www.google.com/search?q=Pneus+56+Auto+Center+em+Resende+Resende+instagram","Automotivo - Auto Center","Prospeccao Ativa","Resende","Agenda com horarios ociosos; clientes so aparecem quando o carro quebra (nao tem preventivo agendado); dificuldade em mostrar diferenciais em relacao a concorrentes; depende de fluxo espontaneo.","A Pneus 56 Auto Center em Resende e um auto center bem avaliado em Resende (221 avaliacoes). Auto centers que investem em marketing digital atraem clientes de cidades vizinhas e fidelizam com agendamento online. Quero apresentar como funciona.","Empresa: Pneus 56 Auto Center em Resende | Cidade: Resende | Tipo: Auto Center | Nota Google: 4.2 (221 avaliacoes) | Categorias: Oficina mecânica, Autoelétrico, Loja de autopeças, Loja de rodas | Endereco: Av. Riachuelo, 56 (24 - 99964-5771 - Liberdade, Resende - RJ, 27521-172, Brasil | DICA SDR: Negocio local do setor automotivo. O dono costuma estar no balcao ou na oficina. Pergunte pelo proprietario ou gerente. Destaque que o mercado de reposicao automotiva cresce forte e quem se posiciona digitalmente agora atrai clientes da regiao toda - nao so do bairro."
"J P Escapamentos e Acessórios Ltda","NUC x J P Escapamentos e Acessórios Ltda","+55 24 3354-7346","https://www.google.com/search?q=J+P+Escapamentos+e+Acess%C3%B3rios+Ltda+Resende+instagram","Automotivo - Auto Pecas","Prospeccao Ativa","Resende","Vendas dependem do fluxo de balcao e indicacao de mecanicos; dificuldade em atrair clientes finais que compram online; concorrencia com marketplaces (Mercado Livre, Shopee); estoque de pecas especificas que nao giram.","Pesquisando auto pecas em Resende, a J P Escapamentos e Acessórios Ltda se destacou. O consumidor de hoje pesquisa no Google antes de comprar peca - quem aparece primeiro vende mais. Quero mostrar como colocar voces nessa posicao.","Empresa: J P Escapamentos e Acessórios Ltda | Cidade: Resende | Tipo: Auto Pecas | Nota Google: 4.5 (157 avaliacoes) | Categorias: Loja de autopeças | Endereco: Zap (24 - 93300.5995 - Vila Julieta, Resende - RJ, 27520-230, Brasil | DICA SDR: Negocio local do setor automotivo. O dono costuma estar no balcao ou na oficina. Pergunte pelo proprietario ou gerente. Destaque que o mercado de reposicao automotiva cresce forte e quem se posiciona digitalmente agora atrai clientes da regiao toda - nao so do bairro."
"Duarte Auto Peças Usadas","NUC x Duarte Auto Peças Usadas","+55 24 99850-1975","https://www.google.com/search?q=Duarte+Auto+Pe%C3%A7as+Usadas+Resende+instagram","Automotivo - Auto Pecas","Prospeccao Ativa","Resende","Vendas dependem do fluxo de balcao e indicacao de mecanicos; dificuldade em atrair clientes finais que compram online; concorrencia com marketplaces (Mercado Livre, Shopee); estoque de pecas especificas que nao giram.","Vi que a Duarte Auto Peças Usadas e referencia em auto pecas em Resende com 117 avaliacoes. O mercado de reposicao automotiva cresce 12% ao ano e quem investe em presenca digital atrai oficinas e clientes finais da regiao toda. Quero mostrar como potencializar isso.","Empresa: Duarte Auto Peças Usadas | Cidade: Resende | Tipo: Auto Pecas | Nota Google: 3.9 (117 avaliacoes) | Categorias: Loja de autopeças | Endereco: R. Padre Flávio Azambuja, 0 - Alambari, Resende - RJ, 27534-090, Brasil | DICA SDR: Negocio local do setor automotivo. O dono costuma estar no balcao ou na oficina. Pergunte pelo proprietario ou gerente. Destaque que o mercado de reposicao automotiva cresce forte e quem se posiciona digitalmente agora atrai clientes da regiao toda - nao so do bairro."
"Ebenézer auto peças","NUC x Ebenézer auto peças","+55 24 3359-3866","https://www.google.com/search?q=Eben%C3%A9zer+auto+pe%C3%A7as+Resende+instagram","Automotivo - Auto Pecas","Prospeccao Ativa","Resende","Vendas dependem do fluxo de balcao e indicacao de mecanicos; dificuldade em atrair clientes finais que compram online; concorrencia com marketplaces (Mercado Livre, Shopee); estoque de pecas especificas que nao giram.","Vi que a Ebenézer auto peças e referencia em auto pecas em Resende com 111 avaliacoes. O mercado de reposicao automotiva cresce 12% ao ano e quem investe em presenca digital atrai oficinas e clientes finais da regiao toda. Quero mostrar como potencializar isso.","Empresa: Ebenézer auto peças | Cidade: Resende | Tipo: Auto Pecas | Nota Google: 4.7 (111 avaliacoes) | Categorias: Loja de autopeças | Endereco: R. Cantídio Jesuíno da Costa, 61 - Paraíso, Resende - RJ, 27535-330, Brasil | DICA SDR: Negocio local do setor automotivo. O dono costuma estar no balcao ou na oficina. Pergunte pelo proprietario ou gerente. Destaque que o mercado de reposicao automotiva cresce forte e quem se posiciona digitalmente agora atrai clientes da regiao toda - nao so do bairro."
"Voltaço Auto Peças","NUC x Voltaço Auto Peças","+55 24 3354-4851","https://www.google.com/search?q=Volta%C3%A7o+Auto+Pe%C3%A7as+Resende+instagram","Automotivo - Auto Pecas","Prospeccao Ativa","Resende","Vendas dependem do fluxo de balcao e indicacao de mecanicos; dificuldade em atrair clientes finais que compram online; concorrencia com marketplaces (Mercado Livre, Shopee); estoque de pecas especificas que nao giram.","Vi que a Voltaço Auto Peças e referencia em auto pecas em Resende com 111 avaliacoes. O mercado de reposicao automotiva cresce 12% ao ano e quem investe em presenca digital atrai oficinas e clientes finais da regiao toda. Quero mostrar como potencializar isso.","Empresa: Voltaço Auto Peças | Cidade: Resende | Tipo: Auto Pecas | Nota Google: 4.3 (111 avaliacoes) | Categorias: Loja de autopeças | Endereco: Zap ( 24 - 99888.2535 - Manejo, Resende - RJ, 27521-131, Brasil | DICA SDR: Negocio local do setor automotivo. O dono costuma estar no balcao ou na oficina. Pergunte pelo proprietario ou gerente. Destaque que o mercado de reposicao automotiva cresce forte e quem se posiciona digitalmente agora atrai clientes da regiao toda - nao so do bairro."
"Primus Auto Center","NUC x Primus Auto Center","+55 33557929","https://www.google.com/search?q=Primus+Auto+Center+Resende+instagram","Automotivo - Auto Center","Prospeccao Ativa","Resende","Agenda com horarios ociosos; clientes so aparecem quando o carro quebra (nao tem preventivo agendado); dificuldade em mostrar diferenciais em relacao a concorrentes; depende de fluxo espontaneo.","Vi que a Primus Auto Center tem nota 4.3 em Resende. Auto centers com boa reputacao online multiplicam o fluxo quando investem em posicionamento digital - clientes buscam no Google antes de levar o carro. Quero mostrar como.","Empresa: Primus Auto Center | Cidade: Resende | Tipo: Auto Center | Nota Google: 4.3 (97 avaliacoes) | Categorias: Oficina mecânica | Endereco: Zap (24 - 93300.5995 - Liberdade, Resende - RJ, 27521-131, Brasil | DICA SDR: Negocio local do setor automotivo. O dono costuma estar no balcao ou na oficina. Pergunte pelo proprietario ou gerente. Destaque que o mercado de reposicao automotiva cresce forte e quem se posiciona digitalmente agora atrai clientes da regiao toda - nao so do bairro."
"Pimenta Auto Peças","NUC x Pimenta Auto Peças","+55 24 3354-0350","https://www.google.com/search?q=Pimenta+Auto+Pe%C3%A7as+Resende+instagram","Automotivo - Auto Pecas","Prospeccao Ativa","Resende","Vendas dependem do fluxo de balcao e indicacao de mecanicos; dificuldade em atrair clientes finais que compram online; concorrencia com marketplaces (Mercado Livre, Shopee); estoque de pecas especificas que nao giram.","Vi que a Pimenta Auto Peças e referencia em auto pecas em Resende com 88 avaliacoes. O mercado de reposicao automotiva cresce 12% ao ano e quem investe em presenca digital atrai oficinas e clientes finais da regiao toda. Quero mostrar como potencializar isso.","Empresa: Pimenta Auto Peças | Cidade: Resende | Tipo: Auto Pecas | Nota Google: 4.7 (88 avaliacoes) | Categorias: Loja de autopeças | Endereco: Av. Dr. Jéfferson G. Bruno, 1590 - Paraíso, Resende - RJ, 27536-015, Brasil | DICA SDR: Negocio local do setor automotivo. O dono costuma estar no balcao ou na oficina. Pergunte pelo proprietario ou gerente. Destaque que o mercado de reposicao automotiva cresce forte e quem se posiciona digitalmente agora atrai clientes da regiao toda - nao so do bairro."
"Alvorada Auto Peças","NUC x Alvorada Auto Peças","+55 24 3355-0193","https://www.google.com/search?q=Alvorada+Auto+Pe%C3%A7as+Resende+instagram","Automotivo - Auto Pecas","Prospeccao Ativa","Resende","Vendas dependem do fluxo de balcao e indicacao de mecanicos; dificuldade em atrair clientes finais que compram online; concorrencia com marketplaces (Mercado Livre, Shopee); estoque de pecas especificas que nao giram.","A Alvorada Auto Peças tem nota 4.5 no Google - isso mostra confianca do cliente. Auto pecas que estruturam marketing digital conseguem atrair mecanicos, oficinas e consumidores finais alem do bairro. Quero apresentar como fazemos isso.","Empresa: Alvorada Auto Peças | Cidade: Resende | Tipo: Auto Pecas | Nota Google: 4.5 (82 avaliacoes) | Categorias: Loja de baterias de carro | Endereco: Zap (24 - 93300.5995 - Vila Julieta, Resende - RJ, 27521-072, Brasil | DICA SDR: Negocio local do setor automotivo. O dono costuma estar no balcao ou na oficina. Pergunte pelo proprietario ou gerente. Destaque que o mercado de reposicao automotiva cresce forte e quem se posiciona digitalmente agora atrai clientes da regiao toda - nao so do bairro."
"Auto Peças Azoberte","NUC x Auto Peças Azoberte","+55 24 99939-2921","https://www.google.com/search?q=Auto+Pe%C3%A7as+Azoberte+Resende+instagram","Automotivo - Auto Pecas","Prospeccao Ativa","Resende","Vendas dependem do fluxo de balcao e indicacao de mecanicos; dificuldade em atrair clientes finais que compram online; concorrencia com marketplaces (Mercado Livre, Shopee); estoque de pecas especificas que nao giram.","A Auto Peças Azoberte tem nota 4.1 no Google - isso mostra confianca do cliente. Auto pecas que estruturam marketing digital conseguem atrair mecanicos, oficinas e consumidores finais alem do bairro. Quero apresentar como fazemos isso.","Empresa: Auto Peças Azoberte | Cidade: Resende | Tipo: Auto Pecas | Nota Google: 4.1 (80 avaliacoes) | Categorias: Loja de autopeças | Endereco: RUA CORONEL NEI PAULO PANIZUTTI QUADRA B LOTE 51 N 79 - Jardim Alianca, Resende - RJ, 27525-580, Brasil | DICA SDR: Negocio local do setor automotivo. O dono costuma estar no balcao ou na oficina. Pergunte pelo proprietario ou gerente. Destaque que o mercado de reposicao automotiva cresce forte e quem se posiciona digitalmente agora atrai clientes da regiao toda - nao so do bairro."
"Líder Peças Usadas","NUC x Líder Peças Usadas","+55 24 3354-0322","https://www.google.com/search?q=L%C3%ADder+Pe%C3%A7as+Usadas+Resende+instagram","Automotivo - Auto Pecas","Prospeccao Ativa","Resende","Vendas dependem do fluxo de balcao e indicacao de mecanicos; dificuldade em atrair clientes finais que compram online; concorrencia com marketplaces (Mercado Livre, Shopee); estoque de pecas especificas que nao giram.","Vi que a Líder Peças Usadas e referencia em auto pecas em Resende com 70 avaliacoes. O mercado de reposicao automotiva cresce 12% ao ano e quem investe em presenca digital atrai oficinas e clientes finais da regiao toda. Quero mostrar como potencializar isso.","Empresa: Líder Peças Usadas | Cidade: Resende | Tipo: Auto Pecas | Nota Google: 4.1 (70 avaliacoes) | Categorias: Loja de autopeças | Endereco: R. Padre Flávio Azambuja, 115 - Cabral, Resende - RJ, 27534-090, Brasil | DICA SDR: Negocio local do setor automotivo. O dono costuma estar no balcao ou na oficina. Pergunte pelo proprietario ou gerente. Destaque que o mercado de reposicao automotiva cresce forte e quem se posiciona digitalmente agora atrai clientes da regiao toda - nao so do bairro."
"DIFERENCIAL AUTO CENTER","NUC x DIFERENCIAL AUTO CENTER","+55 24 99957-3260","https://www.google.com/search?q=DIFERENCIAL+AUTO+CENTER+Resende+instagram","Automotivo - Auto Center","Prospeccao Ativa","Resende","Agenda com horarios ociosos; clientes so aparecem quando o carro quebra (nao tem preventivo agendado); dificuldade em mostrar diferenciais em relacao a concorrentes; depende de fluxo espontaneo.","A DIFERENCIAL AUTO CENTER e um auto center bem avaliado em Resende (61 avaliacoes). Auto centers que investem em marketing digital atraem clientes de cidades vizinhas e fidelizam com agendamento online. Quero apresentar como funciona.","Empresa: DIFERENCIAL AUTO CENTER | Cidade: Resende | Tipo: Auto Center | Nota Google: 5.0 (61 avaliacoes) | Categorias: Mecânico | Endereco: R. Padre José Sandrup, 1006 - Vila Julieta, Resende - RJ, 27521-112, Brasil | DICA SDR: Negocio local do setor automotivo. O dono costuma estar no balcao ou na oficina. Pergunte pelo proprietario ou gerente. Destaque que o mercado de reposicao automotiva cresce forte e quem se posiciona digitalmente agora atrai clientes da regiao toda - nao so do bairro."
"Auto Center Valcar","NUC x Auto Center Valcar","+55 24 99253-9283","https://www.google.com/search?q=Auto+Center+Valcar+Resende+instagram","Automotivo - Auto Center","Prospeccao Ativa","Resende","Agenda com horarios ociosos; clientes so aparecem quando o carro quebra (nao tem preventivo agendado); dificuldade em mostrar diferenciais em relacao a concorrentes; depende de fluxo espontaneo.","A Auto Center Valcar e um auto center bem avaliado em Resende (59 avaliacoes). Auto centers que investem em marketing digital atraem clientes de cidades vizinhas e fidelizam com agendamento online. Quero apresentar como funciona.","Empresa: Auto Center Valcar | Cidade: Resende | Tipo: Auto Center | Nota Google: 4.4 (59 avaliacoes) | Categorias: Oficina mecânica | Endereco: R. Carlos Monteiro, 136 - Morada da Montanha, Resende - RJ, 27525-616, Brasil | DICA SDR: Negocio local do setor automotivo. O dono costuma estar no balcao ou na oficina. Pergunte pelo proprietario ou gerente. Destaque que o mercado de reposicao automotiva cresce forte e quem se posiciona digitalmente agora atrai clientes da regiao toda - nao so do bairro."
"NadaCaro Resende Peças Automotivas","NUC x NadaCaro Resende Peças Automotivas","+55 24 2109-1773","https://www.google.com/search?q=NadaCaro+Resende+Pe%C3%A7as+Automotivas+Resende+instagram","Automotivo - Auto Pecas","Prospeccao Ativa","Resende","Vendas dependem do fluxo de balcao e indicacao de mecanicos; dificuldade em atrair clientes finais que compram online; concorrencia com marketplaces (Mercado Livre, Shopee); estoque de pecas especificas que nao giram.","Vi que a NadaCaro Resende Peças Automotivas e referencia em auto pecas em Resende com 48 avaliacoes. O mercado de reposicao automotiva cresce 12% ao ano e quem investe em presenca digital atrai oficinas e clientes finais da regiao toda. Quero mostrar como potencializar isso.","Empresa: NadaCaro Resende Peças Automotivas | Cidade: Resende | Tipo: Auto Pecas | Nota Google: 4.0 (48 avaliacoes) | Categorias: Loja de autopeças | Endereco: Av. Tenente-Coronel Adalberto Mendes, 378 - Manejo, Resende - RJ, 27520-302, Brasil | DICA SDR: Negocio local do setor automotivo. O dono costuma estar no balcao ou na oficina. Pergunte pelo proprietario ou gerente. Destaque que o mercado de reposicao automotiva cresce forte e quem se posiciona digitalmente agora atrai clientes da regiao toda - nao so do bairro."
"Rododiesel Peças e Acessórios","NUC x Rododiesel Peças e Acessórios","+55 24 3360-1056","https://www.google.com/search?q=Rododiesel+Pe%C3%A7as+e+Acess%C3%B3rios+Resende+instagram","Automotivo - Auto Pecas","Prospeccao Ativa","Resende","Vendas dependem do fluxo de balcao e indicacao de mecanicos; dificuldade em atrair clientes finais que compram online; concorrencia com marketplaces (Mercado Livre, Shopee); estoque de pecas especificas que nao giram.","Vi que a Rododiesel Peças e Acessórios e referencia em auto pecas em Resende com 46 avaliacoes. O mercado de reposicao automotiva cresce 12% ao ano e quem investe em presenca digital atrai oficinas e clientes finais da regiao toda. Quero mostrar como potencializar isso.","Empresa: Rododiesel Peças e Acessórios | Cidade: Resende | Tipo: Auto Pecas | Nota Google: 4.6 (46 avaliacoes) | Categorias: Loja de autopeças | Endereco: Av. Dr. Jéfferson G. Bruno, 1160 - Paraíso, Resende - RJ, 27536-015, Brasil | DICA SDR: Negocio local do setor automotivo. O dono costuma estar no balcao ou na oficina. Pergunte pelo proprietario ou gerente. Destaque que o mercado de reposicao automotiva cresce forte e quem se posiciona digitalmente agora atrai clientes da regiao toda - nao so do bairro."
"Pit Stop Auto Center","NUC x Pit Stop Auto Center","+55 24 3354-6890","https://www.google.com/search?q=Pit+Stop+Auto+Center+Resende+instagram","Automotivo - Auto Center","Prospeccao Ativa","Resende","Agenda com horarios ociosos; clientes so aparecem quando o carro quebra (nao tem preventivo agendado); dificuldade em mostrar diferenciais em relacao a concorrentes; depende de fluxo espontaneo.","Vi que a Pit Stop Auto Center tem nota 4.7 em Resende. Auto centers com boa reputacao online multiplicam o fluxo quando investem em posicionamento digital - clientes buscam no Google antes de levar o carro. Quero mostrar como.","Empresa: Pit Stop Auto Center | Cidade: Resende | Tipo: Auto Center | Nota Google: 4.7 (40 avaliacoes) | Categorias: Borracharia, Comércio de Pneu | Endereco: Zap (24 - 93300.5995 - Comercial, Resende - RJ, 27541-140, Brasil | DICA SDR: Negocio local do setor automotivo. O dono costuma estar no balcao ou na oficina. Pergunte pelo proprietario ou gerente. Destaque que o mercado de reposicao automotiva cresce forte e quem se posiciona digitalmente agora atrai clientes da regiao toda - nao so do bairro."
"Valente AutoCenter","NUC x Valente AutoCenter","+55 24 99928-1999","https://www.google.com/search?q=Valente+AutoCenter+Resende+instagram","Automotivo - Auto Center","Prospeccao Ativa","Resende","Agenda com horarios ociosos; clientes so aparecem quando o carro quebra (nao tem preventivo agendado); dificuldade em mostrar diferenciais em relacao a concorrentes; depende de fluxo espontaneo.","A Valente AutoCenter ja e referencia em Resende com 31 avaliacoes. Imagine atrair clientes de toda a regiao Sul Fluminense com uma estrategia digital que mostre seus diferenciais - quero apresentar como fazemos isso.","Empresa: Valente AutoCenter | Cidade: Resende | Tipo: Auto Center | Nota Google: 5.0 (31 avaliacoes) | Categorias: Oficina mecânica, Serviço de troca de óleo, Borracharia, Serviço de alinhamento e balanceamento | Endereco: R. Álvaro Pego de Farias, 299 - Paraíso, Resende - RJ, 27535-060, Brasil | DICA SDR: Negocio local do setor automotivo. O dono costuma estar no balcao ou na oficina. Pergunte pelo proprietario ou gerente. Destaque que o mercado de reposicao automotiva cresce forte e quem se posiciona digitalmente agora atrai clientes da regiao toda - nao so do bairro."
"Andrade Centro Automotivo","NUC x Andrade Centro Automotivo","+55 24 97402-0536","https://www.google.com/search?q=Andrade+Centro+Automotivo+Resende+instagram","Automotivo - Auto Center","Prospeccao Ativa","Resende","Agenda com horarios ociosos; clientes so aparecem quando o carro quebra (nao tem preventivo agendado); dificuldade em mostrar diferenciais em relacao a concorrentes; depende de fluxo espontaneo.","A Andrade Centro Automotivo e um auto center bem avaliado em Resende (31 avaliacoes). Auto centers que investem em marketing digital atraem clientes de cidades vizinhas e fidelizam com agendamento online. Quero apresentar como funciona.","Empresa: Andrade Centro Automotivo | Cidade: Resende | Tipo: Auto Center | Nota Google: 4.8 (31 avaliacoes) | Categorias: Oficina mecânica | Endereco: Av. Gov. Portela, 586 - Vila Julieta, Resende - RJ, 27520-252, Brasil | DICA SDR: Negocio local do setor automotivo. O dono costuma estar no balcao ou na oficina. Pergunte pelo proprietario ou gerente. Destaque que o mercado de reposicao automotiva cresce forte e quem se posiciona digitalmente agora atrai clientes da regiao toda - nao so do bairro."
"BRF Auto Center","NUC x BRF Auto Center","+55 24 99268-4708","https://www.instagram.com/brfautocenter","Automotivo - Auto Center","Prospeccao Ativa","Resende","Agenda com horarios ociosos; clientes so aparecem quando o carro quebra (nao tem preventivo agendado); dificuldade em mostrar diferenciais em relacao a concorrentes; depende de fluxo espontaneo.","A BRF Auto Center e um auto center bem avaliado em Resende (27 avaliacoes). Auto centers que investem em marketing digital atraem clientes de cidades vizinhas e fidelizam com agendamento online. Quero apresentar como funciona.","Empresa: BRF Auto Center | Cidade: Resende | Tipo: Auto Center | Nota Google: 4.0 (27 avaliacoes) | Categorias: Oficina mecânica | Endereco: Zap (24 - 93300.5995 - Manejo, Resende - RJ, 27520-301, Brasil | DICA SDR: Negocio local do setor automotivo. O dono costuma estar no balcao ou na oficina. Pergunte pelo proprietario ou gerente. Destaque que o mercado de reposicao automotiva cresce forte e quem se posiciona digitalmente agora atrai clientes da regiao toda - nao so do bairro."
"Carrera Auto Center","NUC x Carrera Auto Center","+55 24 99290-9060","https://www.google.com/search?q=Carrera+Auto+Center+Resende+instagram","Automotivo - Auto Center","Prospeccao Ativa","Resende","Agenda com horarios ociosos; clientes so aparecem quando o carro quebra (nao tem preventivo agendado); dificuldade em mostrar diferenciais em relacao a concorrentes; depende de fluxo espontaneo.","A Carrera Auto Center e um auto center bem avaliado em Resende (24 avaliacoes). Auto centers que investem em marketing digital atraem clientes de cidades vizinhas e fidelizam com agendamento online. Quero apresentar como funciona.","Empresa: Carrera Auto Center | Cidade: Resende | Tipo: Auto Center | Nota Google: 4.5 (24 avaliacoes) | Categorias: Oficina mecânica | Endereco: R. Machado de Assis, 155 - Itapuca, Resende - RJ, 27524-280, Brasil | DICA SDR: Negocio local do setor automotivo. O dono costuma estar no balcao ou na oficina. Pergunte pelo proprietario ou gerente. Destaque que o mercado de reposicao automotiva cresce forte e quem se posiciona digitalmente agora atrai clientes da regiao toda - nao so do bairro."
"BNX AUTO PEÇAS EXPRESS","NUC x BNX AUTO PEÇAS EXPRESS","+55 24 2340-1761","https://www.google.com/search?q=BNX+AUTO+PE%C3%87AS+EXPRESS+Resende+instagram","Automotivo - Auto Pecas","Prospeccao Ativa","Resende","Vendas dependem do fluxo de balcao e indicacao de mecanicos; dificuldade em atrair clientes finais que compram online; concorrencia com marketplaces (Mercado Livre, Shopee); estoque de pecas especificas que nao giram.","A BNX AUTO PEÇAS EXPRESS tem nota 5.0 no Google - isso mostra confianca do cliente. Auto pecas que estruturam marketing digital conseguem atrair mecanicos, oficinas e consumidores finais alem do bairro. Quero apresentar como fazemos isso.","Empresa: BNX AUTO PEÇAS EXPRESS | Cidade: Resende | Tipo: Auto Pecas | Nota Google: 5.0 (24 avaliacoes) | Categorias: Loja de acessórios automotivos | Endereco: Av. Tocantins, 195 - Morada do Contorno, Resende - RJ, 27525-666, Brasil | DICA SDR: Negocio local do setor automotivo. O dono costuma estar no balcao ou na oficina. Pergunte pelo proprietario ou gerente. Destaque que o mercado de reposicao automotiva cresce forte e quem se posiciona digitalmente agora atrai clientes da regiao toda - nao so do bairro."
"Marquinhos Auto Peças Usadas em Resende","NUC x Marquinhos Auto Peças Usadas em Resende","+55 24 99844-4510","https://www.google.com/search?q=Marquinhos+Auto+Pe%C3%A7as+Usadas+em+Resende+Resende+instagram","Automotivo - Auto Pecas","Prospeccao Ativa","Resende","Vendas dependem do fluxo de balcao e indicacao de mecanicos; dificuldade em atrair clientes finais que compram online; concorrencia com marketplaces (Mercado Livre, Shopee); estoque de pecas especificas que nao giram.","A Marquinhos Auto Peças Usadas em Resende tem nota 4.7 no Google - isso mostra confianca do cliente. Auto pecas que estruturam marketing digital conseguem atrair mecanicos, oficinas e consumidores finais alem do bairro. Quero apresentar como fazemos isso.","Empresa: Marquinhos Auto Peças Usadas em Resende | Cidade: Resende | Tipo: Auto Pecas | Nota Google: 4.7 (19 avaliacoes) | Categorias: Loja de autopeças | Endereco: R. Hostílio de Souza, 17 - Itapuca, Resende - RJ, 27524-040, Brasil | DICA SDR: Negocio local do setor automotivo. O dono costuma estar no balcao ou na oficina. Pergunte pelo proprietario ou gerente. Destaque que o mercado de reposicao automotiva cresce forte e quem se posiciona digitalmente agora atrai clientes da regiao toda - nao so do bairro."
"Duarte Centro Automotivo","NUC x Duarte Centro Automotivo","+55 24 98106-6775","https://www.google.com/search?q=Duarte+Centro+Automotivo+Resende+instagram","Automotivo - Auto Center","Prospeccao Ativa","Resende","Agenda com horarios ociosos; clientes so aparecem quando o carro quebra (nao tem preventivo agendado); dificuldade em mostrar diferenciais em relacao a concorrentes; depende de fluxo espontaneo.","A Duarte Centro Automotivo ja e referencia em Resende com 18 avaliacoes. Imagine atrair clientes de toda a regiao Sul Fluminense com uma estrategia digital que mostre seus diferenciais - quero apresentar como fazemos isso.","Empresa: Duarte Centro Automotivo | Cidade: Resende | Tipo: Auto Center | Nota Google: 4.7 (18 avaliacoes) | Categorias: Oficina mecânica | Endereco: R. Hostílio de Souza, 1406 - Itapuca, Resende - RJ, 27524-040, Brasil | DICA SDR: Negocio local do setor automotivo. O dono costuma estar no balcao ou na oficina. Pergunte pelo proprietario ou gerente. Destaque que o mercado de reposicao automotiva cresce forte e quem se posiciona digitalmente agora atrai clientes da regiao toda - nao so do bairro."
"AUTO CENTER BRASIL","NUC x AUTO CENTER BRASIL","+55 24 99919-6280","https://www.google.com/search?q=AUTO+CENTER+BRASIL+Resende+instagram","Automotivo - Auto Center","Prospeccao Ativa","Resende","Agenda com horarios ociosos; clientes so aparecem quando o carro quebra (nao tem preventivo agendado); dificuldade em mostrar diferenciais em relacao a concorrentes; depende de fluxo espontaneo.","A AUTO CENTER BRASIL ja e referencia em Resende com 15 avaliacoes. Imagine atrair clientes de toda a regiao Sul Fluminense com uma estrategia digital que mostre seus diferenciais - quero apresentar como fazemos isso.","Empresa: AUTO CENTER BRASIL | Cidade: Resende | Tipo: Auto Center | Nota Google: 5.0 (15 avaliacoes) | Categorias: Mecânica para carros | Endereco: Av. Rui Barbosa, 36 - Liberdade, Resende - RJ, 27521-220, Brasil | DICA SDR: Negocio local do setor automotivo. O dono costuma estar no balcao ou na oficina. Pergunte pelo proprietario ou gerente. Destaque que o mercado de reposicao automotiva cresce forte e quem se posiciona digitalmente agora atrai clientes da regiao toda - nao so do bairro."
"Anderson Araújo Auto Center","NUC x Anderson Araújo Auto Center","+55 24 99947-6512","https://www.instagram.com/andersonaraujoautocenter/","Automotivo - Auto Center","Prospeccao Ativa","Resende","Agenda com horarios ociosos; clientes so aparecem quando o carro quebra (nao tem preventivo agendado); dificuldade em mostrar diferenciais em relacao a concorrentes; depende de fluxo espontaneo.","Vi que a Anderson Araújo Auto Center tem nota 5.0 em Resende. Auto centers com boa reputacao online multiplicam o fluxo quando investem em posicionamento digital - clientes buscam no Google antes de levar o carro. Quero mostrar como.","Empresa: Anderson Araújo Auto Center | Cidade: Resende | Tipo: Auto Center | Nota Google: 5.0 (11 avaliacoes) | Categorias: Oficina mecânica | Endereco: R. Alm. Ari Pareiras - Nova Liberdade, Resende - RJ, 27510-190, Brasil | DICA SDR: Negocio local do setor automotivo. O dono costuma estar no balcao ou na oficina. Pergunte pelo proprietario ou gerente. Destaque que o mercado de reposicao automotiva cresce forte e quem se posiciona digitalmente agora atrai clientes da regiao toda - nao so do bairro."
"Stopka Auto Peças","NUC x Stopka Auto Peças","+55 24 3355-2057","https://www.google.com/search?q=Stopka+Auto+Pe%C3%A7as+Resende+instagram","Automotivo - Auto Pecas","Prospeccao Ativa","Resende","Vendas dependem do fluxo de balcao e indicacao de mecanicos; dificuldade em atrair clientes finais que compram online; concorrencia com marketplaces (Mercado Livre, Shopee); estoque de pecas especificas que nao giram.","Vi que a Stopka Auto Peças e referencia em auto pecas em Resende com 10 avaliacoes. O mercado de reposicao automotiva cresce 12% ao ano e quem investe em presenca digital atrai oficinas e clientes finais da regiao toda. Quero mostrar como potencializar isso.","Empresa: Stopka Auto Peças | Cidade: Resende | Tipo: Auto Pecas | Nota Google: 4.6 (10 avaliacoes) | Categorias: Loja de autopeças | Endereco: r Trav Dr Tavares, 56 - Loja - Centro, Resende - RJ, 27511-200, Brasil | DICA SDR: Negocio local do setor automotivo. O dono costuma estar no balcao ou na oficina. Pergunte pelo proprietario ou gerente. Destaque que o mercado de reposicao automotiva cresce forte e quem se posiciona digitalmente agora atrai clientes da regiao toda - nao so do bairro."
"Auto Center Paraiso","NUC x Auto Center Paraiso","+55 24 3354-4848","https://www.google.com/search?q=Auto+Center+Paraiso+Resende+instagram","Automotivo - Auto Center","Prospeccao Ativa","Resende","Agenda com horarios ociosos; clientes so aparecem quando o carro quebra (nao tem preventivo agendado); dificuldade em mostrar diferenciais em relacao a concorrentes; depende de fluxo espontaneo.","Vi que a Auto Center Paraiso tem nota 4.9 em Resende. Auto centers com boa reputacao online multiplicam o fluxo quando investem em posicionamento digital - clientes buscam no Google antes de levar o carro. Quero mostrar como.","Empresa: Auto Center Paraiso | Cidade: Resende | Tipo: Auto Center | Nota Google: 4.9 (7 avaliacoes) | Categorias: Oficina mecânica | Endereco: R. Santo Antônio, 13 - Vila Julieta, Resende - RJ, 27520-201, Brasil | DICA SDR: Negocio local do setor automotivo. O dono costuma estar no balcao ou na oficina. Pergunte pelo proprietario ou gerente. Destaque que o mercado de reposicao automotiva cresce forte e quem se posiciona digitalmente agora atrai clientes da regiao toda - nao so do bairro."
"Auto Center - RSACAR","NUC x Auto Center - RSACAR","+55 24 98854-0793","https://www.google.com/search?q=Auto+Center+-+RSACAR+Resende+instagram","Automotivo - Auto Center","Prospeccao Ativa","Resende","Agenda com horarios ociosos; clientes so aparecem quando o carro quebra (nao tem preventivo agendado); dificuldade em mostrar diferenciais em relacao a concorrentes; depende de fluxo espontaneo.","A Auto Center - RSACAR e um auto center bem avaliado em Resende (5 avaliacoes). Auto centers que investem em marketing digital atraem clientes de cidades vizinhas e fidelizam com agendamento online. Quero apresentar como funciona.","Empresa: Auto Center - RSACAR | Cidade: Resende | Tipo: Auto Center | Nota Google: 5.0 (5 avaliacoes) | Categorias: Mecânica para carros | Endereco: R. Roraima, 156 - Morada do Contorno, Resende - RJ, 27525-674, Brasil | DICA SDR: Negocio local do setor automotivo. O dono costuma estar no balcao ou na oficina. Pergunte pelo proprietario ou gerente. Destaque que o mercado de reposicao automotiva cresce forte e quem se posiciona digitalmente agora atrai clientes da regiao toda - nao so do bairro."
"Norte Sul Auto Center","NUC x Norte Sul Auto Center","+55 24 99988-1435","https://www.google.com/search?q=Norte+Sul+Auto+Center+Resende+instagram","Automotivo - Auto Center","Prospeccao Ativa","Resende","Agenda com horarios ociosos; clientes so aparecem quando o carro quebra (nao tem preventivo agendado); dificuldade em mostrar diferenciais em relacao a concorrentes; depende de fluxo espontaneo.","A Norte Sul Auto Center e um auto center bem avaliado em Resende (3 avaliacoes). Auto centers que investem em marketing digital atraem clientes de cidades vizinhas e fidelizam com agendamento online. Quero apresentar como funciona.","Empresa: Norte Sul Auto Center | Cidade: Resende | Tipo: Auto Center | Nota Google: 5.0 (3 avaliacoes) | Categorias: Oficina mecânica | Endereco: R. Hostílio de Souza, 38 - Itapuca, Resende - RJ, 27501-970, Brasil | DICA SDR: Negocio local do setor automotivo. O dono costuma estar no balcao ou na oficina. Pergunte pelo proprietario ou gerente. Destaque que o mercado de reposicao automotiva cresce forte e quem se posiciona digitalmente agora atrai clientes da regiao toda - nao so do bairro."
"Premiere auto peças Ltda","NUC x Premiere auto peças Ltda","+55 24 99980-7048","https://www.google.com/search?q=Premiere+auto+pe%C3%A7as+Ltda+Resende+instagram","Automotivo - Auto Pecas","Prospeccao Ativa","Resende","Vendas dependem do fluxo de balcao e indicacao de mecanicos; dificuldade em atrair clientes finais que compram online; concorrencia com marketplaces (Mercado Livre, Shopee); estoque de pecas especificas que nao giram.","Vi que a Premiere auto peças Ltda e referencia em auto pecas em Resende com 3 avaliacoes. O mercado de reposicao automotiva cresce 12% ao ano e quem investe em presenca digital atrai oficinas e clientes finais da regiao toda. Quero mostrar como potencializar isso.","Empresa: Premiere auto peças Ltda | Cidade: Resende | Tipo: Auto Pecas | Nota Google: 5.0 (3 avaliacoes) | Categorias: Loja de autopeças | Endereco: R. Hostílio de Souza - Itapuca, Resende - RJ, 27524-040, Brasil | DICA SDR: Negocio local do setor automotivo. O dono costuma estar no balcao ou na oficina. Pergunte pelo proprietario ou gerente. Destaque que o mercado de reposicao automotiva cresce forte e quem se posiciona digitalmente agora atrai clientes da regiao toda - nao so do bairro."
"Almeida auto peças","NUC x Almeida auto peças","+55 24 3384-5075","https://www.google.com/search?q=Almeida+auto+pe%C3%A7as+Resende+instagram","Automotivo - Auto Pecas","Prospeccao Ativa","Resende","Vendas dependem do fluxo de balcao e indicacao de mecanicos; dificuldade em atrair clientes finais que compram online; concorrencia com marketplaces (Mercado Livre, Shopee); estoque de pecas especificas que nao giram.","Vi que a Almeida auto peças e referencia em auto pecas em Resende com 2 avaliacoes. O mercado de reposicao automotiva cresce 12% ao ano e quem investe em presenca digital atrai oficinas e clientes finais da regiao toda. Quero mostrar como potencializar isso.","Empresa: Almeida auto peças | Cidade: Resende | Tipo: Auto Pecas | Nota Google: 5.0 (2 avaliacoes) | Categorias: Loja de autopeças | Endereco: Av. Marcílio Dias, N 941 - Nova Liberdade, Resende - RJ, 27510-200, Brasil | DICA SDR: Negocio local do setor automotivo. O dono costuma estar no balcao ou na oficina. Pergunte pelo proprietario ou gerente. Destaque que o mercado de reposicao automotiva cresce forte e quem se posiciona digitalmente agora atrai clientes da regiao toda - nao so do bairro."
"JP Auto Center Resende","NUC x JP Auto Center Resende","+55 24 98188-9574","https://www.google.com/search?q=JP+Auto+Center+Resende+Resende+instagram","Automotivo - Auto Center","Prospeccao Ativa","Resende","Agenda com horarios ociosos; clientes so aparecem quando o carro quebra (nao tem preventivo agendado); dificuldade em mostrar diferenciais em relacao a concorrentes; depende de fluxo espontaneo.","A JP Auto Center Resende ja e referencia em Resende com 1 avaliacoes. Imagine atrair clientes de toda a regiao Sul Fluminense com uma estrategia digital que mostre seus diferenciais - quero apresentar como fazemos isso.","Empresa: JP Auto Center Resende | Cidade: Resende | Tipo: Auto Center | Nota Google: 5.0 (1 avaliacoes) | Categorias: Mecânico | Endereco: Av. Romeu Marquês, 167 - Vila Julieta, Resende - RJ, 27520-270, Brasil | DICA SDR: Negocio local do setor automotivo. O dono costuma estar no balcao ou na oficina. Pergunte pelo proprietario ou gerente. Destaque que o mercado de reposicao automotiva cresce forte e quem se posiciona digitalmente agora atrai clientes da regiao toda - nao so do bairro."
"Centro Automotivo Porto Serviço - Montec Resende","NUC x Centro Automotivo Porto Serviço - Montec Resende","+55 24 3359-0733","https://www.google.com/search?q=Centro+Automotivo+Porto+Servi%C3%A7o+-+Montec+Resende+Resende+instagram","Automotivo - Auto Center","Prospeccao Ativa","Resende","Agenda com horarios ociosos; clientes so aparecem quando o carro quebra (nao tem preventivo agendado); dificuldade em mostrar diferenciais em relacao a concorrentes; depende de fluxo espontaneo.","Vi que a Centro Automotivo Porto Serviço - Montec Resende tem nota 5.0 em Resende. Auto centers com boa reputacao online multiplicam o fluxo quando investem em posicionamento digital - clientes buscam no Google antes de levar o carro. Quero mostrar como.","Empresa: Centro Automotivo Porto Serviço - Montec Resende | Cidade: Resende | Tipo: Auto Center | Nota Google: 5.0 (1 avaliacoes) | Categorias: Oficina mecânica, Loja de suspensões de automóveis, Regulagem automotiva, Loja de freios, Loja de baterias de carro, Mecânica para carros, Mecânico, Serviço de troca de óleo, Serviço de alinhamento e balanceamento | Endereco: Av. Dr. Tácito Viana Rodrigues, 620 - Paraíso, Resende - RJ, 27535-025, Brasil | DICA SDR: Negocio local do setor automotivo. O dono costuma estar no balcao ou na oficina. Pergunte pelo proprietario ou gerente. Destaque que o mercado de reposicao automotiva cresce forte e quem se posiciona digitalmente agora atrai clientes da regiao toda - nao so do bairro."
"vasco auto pecas resende","NUC x vasco auto pecas resende","+55 24 2340-1549","https://www.google.com/search?q=vasco+auto+pecas+resende+Resende+instagram","Automotivo - Auto Pecas","Prospeccao Ativa","Resende","Vendas dependem do fluxo de balcao e indicacao de mecanicos; dificuldade em atrair clientes finais que compram online; concorrencia com marketplaces (Mercado Livre, Shopee); estoque de pecas especificas que nao giram.","A vasco auto pecas resende tem nota 5.0 no Google - isso mostra confianca do cliente. Auto pecas que estruturam marketing digital conseguem atrair mecanicos, oficinas e consumidores finais alem do bairro. Quero apresentar como fazemos isso.","Empresa: vasco auto pecas resende | Cidade: Resende | Tipo: Auto Pecas | Nota Google: 5.0 (1 avaliacoes) | Categorias: Loja | Endereco: Av. Gal. Afonseca, 1753 - Manejo, Resende - RJ, 27520-174, Brasil | DICA SDR: Negocio local do setor automotivo. O dono costuma estar no balcao ou na oficina. Pergunte pelo proprietario ou gerente. Destaque que o mercado de reposicao automotiva cresce forte e quem se posiciona digitalmente agora atrai clientes da regiao toda - nao so do bairro."
"JB AUTO PEÇAS","NUC x JB AUTO PEÇAS","Sem telefone cadastrado","https://www.google.com/search?q=JB+AUTO+PE%C3%87AS+Resende+instagram","Automotivo - Auto Pecas","Prospeccao Ativa","Resende","Vendas dependem do fluxo de balcao e indicacao de mecanicos; dificuldade em atrair clientes finais que compram online; concorrencia com marketplaces (Mercado Livre, Shopee); estoque de pecas especificas que nao giram.","Pesquisando auto pecas em Resende, a JB AUTO PEÇAS se destacou. O consumidor de hoje pesquisa no Google antes de comprar peca - quem aparece primeiro vende mais. Quero mostrar como colocar voces nessa posicao.","Empresa: JB AUTO PEÇAS | Cidade: Resende | Tipo: Auto Pecas | Nota Google: 5.0 (1 avaliacoes) | Categorias: Loja de autopeças | Endereco: R. Dom Bôsco, 10 - Paraíso, Resende - RJ, 27535-070, Brasil | DICA SDR: Negocio local do setor automotivo. O dono costuma estar no balcao ou na oficina. Pergunte pelo proprietario ou gerente. Destaque que o mercado de reposicao automotiva cresce forte e quem se posiciona digitalmente agora atrai clientes da regiao toda - nao so do bairro."
"Rotativo Auto Peças","NUC x Rotativo Auto Peças","Sem telefone cadastrado","https://www.google.com/search?q=Rotativo+Auto+Pe%C3%A7as+Volta+Redonda+instagram","Automotivo - Auto Pecas","Prospeccao Ativa","Volta Redonda","Vendas dependem do fluxo de balcao e indicacao de mecanicos; dificuldade em atrair clientes finais que compram online; concorrencia com marketplaces (Mercado Livre, Shopee); estoque de pecas especificas que nao giram.","Pesquisando auto pecas em Volta Redonda, a Rotativo Auto Peças se destacou. O consumidor de hoje pesquisa no Google antes de comprar peca - quem aparece primeiro vende mais. Quero mostrar como colocar voces nessa posicao.","Empresa: Rotativo Auto Peças | Cidade: Volta Redonda | Tipo: Auto Pecas | Nota Google: 4.3 (1528 avaliacoes) | Categorias: Loja de autopeças, Loja de suspensões de automóveis, Loja de acessórios automotivos, Loja de baterias de carro, Loja de som para carros, Loja de motores elétricos | Endereco: Av. Sávio Cota de Almeida Gama, 2166 - Retiro, Volta Redonda - RJ, 27281-422, Brasil | DICA SDR: Negocio local do setor automotivo. O dono costuma estar no balcao ou na oficina. Pergunte pelo proprietario ou gerente. Destaque que o mercado de reposicao automotiva cresce forte e quem se posiciona digitalmente agora atrai clientes da regiao toda - nao so do bairro."
"NAFIL Auto Peças","NUC x NAFIL Auto Peças","+55 24 3076-2310","https://www.google.com/search?q=NAFIL+Auto+Pe%C3%A7as+Volta+Redonda+instagram","Automotivo - Auto Pecas","Prospeccao Ativa","Volta Redonda","Vendas dependem do fluxo de balcao e indicacao de mecanicos; dificuldade em atrair clientes finais que compram online; concorrencia com marketplaces (Mercado Livre, Shopee); estoque de pecas especificas que nao giram.","Vi que a NAFIL Auto Peças e referencia em auto pecas em Volta Redonda com 1482 avaliacoes. O mercado de reposicao automotiva cresce 12% ao ano e quem investe em presenca digital atrai oficinas e clientes finais da regiao toda. Quero mostrar como potencializar isso.","Empresa: NAFIL Auto Peças | Cidade: Volta Redonda | Tipo: Auto Pecas | Nota Google: 4.2 (1482 avaliacoes) | Categorias: Loja de autopeças | Endereco: Av. Presbiteriana, 464 - Vila Mury, Volta Redonda - RJ, 27281-510, Brasil | DICA SDR: Negocio local do setor automotivo. O dono costuma estar no balcao ou na oficina. Pergunte pelo proprietario ou gerente. Destaque que o mercado de reposicao automotiva cresce forte e quem se posiciona digitalmente agora atrai clientes da regiao toda - nao so do bairro."
"CenterSul A loja do Atila no Aterrado","NUC x CenterSul A loja do Atila no Aterrado","+55 24 3025-1370","https://www.google.com/search?q=CenterSul+A+loja+do+Atila+no+Aterrado+Volta+Redonda+instagram","Automotivo - Auto Pecas","Prospeccao Ativa","Volta Redonda","Vendas dependem do fluxo de balcao e indicacao de mecanicos; dificuldade em atrair clientes finais que compram online; concorrencia com marketplaces (Mercado Livre, Shopee); estoque de pecas especificas que nao giram.","Vi que a CenterSul A loja do Atila no Aterrado e referencia em auto pecas em Volta Redonda com 1143 avaliacoes. O mercado de reposicao automotiva cresce 12% ao ano e quem investe em presenca digital atrai oficinas e clientes finais da regiao toda. Quero mostrar como potencializar isso.","Empresa: CenterSul A loja do Atila no Aterrado | Cidade: Volta Redonda | Tipo: Auto Pecas | Nota Google: 4.8 (1143 avaliacoes) | Categorias: Loja de autopeças | Endereco: Av. Sete de Setembro, 62 - Aterrado, Volta Redonda - RJ, 27213-310, Brasil | DICA SDR: Negocio local do setor automotivo. O dono costuma estar no balcao ou na oficina. Pergunte pelo proprietario ou gerente. Destaque que o mercado de reposicao automotiva cresce forte e quem se posiciona digitalmente agora atrai clientes da regiao toda - nao so do bairro."
"Soberana Autopeças","NUC x Soberana Autopeças","+55 24 3347-1440","https://www.google.com/search?q=Soberana+Autope%C3%A7as+Volta+Redonda+instagram","Automotivo - Auto Pecas","Prospeccao Ativa","Volta Redonda","Vendas dependem do fluxo de balcao e indicacao de mecanicos; dificuldade em atrair clientes finais que compram online; concorrencia com marketplaces (Mercado Livre, Shopee); estoque de pecas especificas que nao giram.","Vi que a Soberana Autopeças e referencia em auto pecas em Volta Redonda com 659 avaliacoes. O mercado de reposicao automotiva cresce 12% ao ano e quem investe em presenca digital atrai oficinas e clientes finais da regiao toda. Quero mostrar como potencializar isso.","Empresa: Soberana Autopeças | Cidade: Volta Redonda | Tipo: Auto Pecas | Nota Google: 4.1 (659 avaliacoes) | Categorias: Loja de autopeças | Endereco: Av. Sete de Setembro, 5 - Aterrado, Volta Redonda - RJ, 27213-250, Brasil | DICA SDR: Negocio local do setor automotivo. O dono costuma estar no balcao ou na oficina. Pergunte pelo proprietario ou gerente. Destaque que o mercado de reposicao automotiva cresce forte e quem se posiciona digitalmente agora atrai clientes da regiao toda - nao so do bairro."
"Centersul - A loja do Átila - Baterias Lubrificantes Vonixx","NUC x Centersul - A loja do Átila - Baterias Lubrificantes Vonixx","+55 24 3336-4887","https://www.google.com/search?q=Centersul+-+A+loja+do+%C3%81tila+-+Baterias+Lubrificantes+Vonixx+Volta+Redonda+instagram","Automotivo - Auto Pecas","Prospeccao Ativa","Volta Redonda","Vendas dependem do fluxo de balcao e indicacao de mecanicos; dificuldade em atrair clientes finais que compram online; concorrencia com marketplaces (Mercado Livre, Shopee); estoque de pecas especificas que nao giram.","Vi que a Centersul - A loja do Átila - Baterias Lubrificantes Vonixx e referencia em auto pecas em Volta Redonda com 624 avaliacoes. O mercado de reposicao automotiva cresce 12% ao ano e quem investe em presenca digital atrai oficinas e clientes finais da regiao toda. Quero mostrar como potencializar isso.","Empresa: Centersul - A loja do Átila - Baterias Lubrificantes Vonixx | Cidade: Volta Redonda | Tipo: Auto Pecas | Nota Google: 4.7 (624 avaliacoes) | Categorias: Loja de autopeças, Pintura automotiva, Regulagem automotiva, Estofamento automotivo, Loja de baterias de carro, Loja de som para carros, Loja de tapetes, Loja de Iluminação, Clube de automobilismo | Endereco: beira do rio lado do aterrado - Rua 12 de Outubro, 77 - Aterrado, Volta Redonda - RJ, 27295-270, Brasil | DICA SDR: Negocio local do setor automotivo. O dono costuma estar no balcao ou na oficina. Pergunte pelo proprietario ou gerente. Destaque que o mercado de reposicao automotiva cresce forte e quem se posiciona digitalmente agora atrai clientes da regiao toda - nao so do bairro."
"Auto Peças São Cristovão de Volta Redonda - Ltda","NUC x Auto Peças São Cristovão de Volta Redonda - Ltda","+55 24 99277-4658","https://www.google.com/search?q=Auto+Pe%C3%A7as+S%C3%A3o+Cristov%C3%A3o+de+Volta+Redonda+-+Ltda+Volta+Redonda+instagram","Automotivo - Auto Pecas","Prospeccao Ativa","Volta Redonda","Vendas dependem do fluxo de balcao e indicacao de mecanicos; dificuldade em atrair clientes finais que compram online; concorrencia com marketplaces (Mercado Livre, Shopee); estoque de pecas especificas que nao giram.","A Auto Peças São Cristovão de Volta Redonda - Ltda tem nota 4.2 no Google - isso mostra confianca do cliente. Auto pecas que estruturam marketing digital conseguem atrair mecanicos, oficinas e consumidores finais alem do bairro. Quero apresentar como fazemos isso.","Empresa: Auto Peças São Cristovão de Volta Redonda - Ltda | Cidade: Volta Redonda | Tipo: Auto Pecas | Nota Google: 4.2 (537 avaliacoes) | Categorias: Loja de autopeças | Endereco: R. Carlos Chagas, 364 - São Lucas, Volta Redonda - RJ, 27264-420, Brasil | DICA SDR: Negocio local do setor automotivo. O dono costuma estar no balcao ou na oficina. Pergunte pelo proprietario ou gerente. Destaque que o mercado de reposicao automotiva cresce forte e quem se posiciona digitalmente agora atrai clientes da regiao toda - nao so do bairro."
"Pompeu Auto Center","NUC x Pompeu Auto Center","+55 24 3348-6486","https://instagram.com/pompeuautocenter?igshid=YmMyMTA2M2Y=","Automotivo - Auto Center","Prospeccao Ativa","Volta Redonda","Agenda com horarios ociosos; clientes so aparecem quando o carro quebra (nao tem preventivo agendado); dificuldade em mostrar diferenciais em relacao a concorrentes; depende de fluxo espontaneo.","A Pompeu Auto Center ja e referencia em Volta Redonda com 493 avaliacoes. Imagine atrair clientes de toda a regiao Sul Fluminense com uma estrategia digital que mostre seus diferenciais - quero apresentar como fazemos isso.","Empresa: Pompeu Auto Center | Cidade: Volta Redonda | Tipo: Auto Center | Nota Google: 4.9 (493 avaliacoes) | Categorias: Comércio de Pneu | Endereco: Avenida Nossa Senhora da Conceição antiga, R. A Quatro, 82 - Conforto, Volta Redonda - RJ, 27262-011, Brasil | DICA SDR: Negocio local do setor automotivo. O dono costuma estar no balcao ou na oficina. Pergunte pelo proprietario ou gerente. Destaque que o mercado de reposicao automotiva cresce forte e quem se posiciona digitalmente agora atrai clientes da regiao toda - nao so do bairro."
"RC Imports Auto Peças","NUC x RC Imports Auto Peças","+55 24 99909-9302","https://www.google.com/search?q=RC+Imports+Auto+Pe%C3%A7as+Volta+Redonda+instagram","Automotivo - Auto Pecas","Prospeccao Ativa","Volta Redonda","Vendas dependem do fluxo de balcao e indicacao de mecanicos; dificuldade em atrair clientes finais que compram online; concorrencia com marketplaces (Mercado Livre, Shopee); estoque de pecas especificas que nao giram.","Pesquisando auto pecas em Volta Redonda, a RC Imports Auto Peças se destacou. O consumidor de hoje pesquisa no Google antes de comprar peca - quem aparece primeiro vende mais. Quero mostrar como colocar voces nessa posicao.","Empresa: RC Imports Auto Peças | Cidade: Volta Redonda | Tipo: Auto Pecas | Nota Google: 4.2 (369 avaliacoes) | Categorias: Loja de autopeças | Endereco: Av. Alm. Adalberto de Barros Nunes, 2890A - Vila Mury, Volta Redonda - RJ, 27275-360, Brasil | DICA SDR: Negocio local do setor automotivo. O dono costuma estar no balcao ou na oficina. Pergunte pelo proprietario ou gerente. Destaque que o mercado de reposicao automotiva cresce forte e quem se posiciona digitalmente agora atrai clientes da regiao toda - nao so do bairro."
"Nova VR Auto peças e acessórios automotivos","NUC x Nova VR Auto peças e acessórios automotivos","+55 24 3348-9817","https://www.google.com/search?q=Nova+VR+Auto+pe%C3%A7as+e+acess%C3%B3rios+automotivos+Volta+Redonda+instagram","Automotivo - Auto Pecas","Prospeccao Ativa","Volta Redonda","Vendas dependem do fluxo de balcao e indicacao de mecanicos; dificuldade em atrair clientes finais que compram online; concorrencia com marketplaces (Mercado Livre, Shopee); estoque de pecas especificas que nao giram.","Vi que a Nova VR Auto peças e acessórios automotivos e referencia em auto pecas em Volta Redonda com 307 avaliacoes. O mercado de reposicao automotiva cresce 12% ao ano e quem investe em presenca digital atrai oficinas e clientes finais da regiao toda. Quero mostrar como potencializar isso.","Empresa: Nova VR Auto peças e acessórios automotivos | Cidade: Volta Redonda | Tipo: Auto Pecas | Nota Google: 4.4 (307 avaliacoes) | Categorias: Loja de autopeças | Endereco: R. Carlos Chagas, 373 - São Lucas, Volta Redonda - RJ, 27264-420, Brasil | DICA SDR: Negocio local do setor automotivo. O dono costuma estar no balcao ou na oficina. Pergunte pelo proprietario ou gerente. Destaque que o mercado de reposicao automotiva cresce forte e quem se posiciona digitalmente agora atrai clientes da regiao toda - nao so do bairro."
"Hospital das Peças","NUC x Hospital das Peças","+55 24 3346-4263","https://www.google.com/search?q=Hospital+das+Pe%C3%A7as+Volta+Redonda+instagram","Automotivo - Auto Pecas","Prospeccao Ativa","Volta Redonda","Vendas dependem do fluxo de balcao e indicacao de mecanicos; dificuldade em atrair clientes finais que compram online; concorrencia com marketplaces (Mercado Livre, Shopee); estoque de pecas especificas que nao giram.","Vi que a Hospital das Peças e referencia em auto pecas em Volta Redonda com 278 avaliacoes. O mercado de reposicao automotiva cresce 12% ao ano e quem investe em presenca digital atrai oficinas e clientes finais da regiao toda. Quero mostrar como potencializar isso.","Empresa: Hospital das Peças | Cidade: Volta Redonda | Tipo: Auto Pecas | Nota Google: 3.8 (278 avaliacoes) | Categorias: Loja de autopeças | Endereco: Zap ( 28 - 99964.4465 - Belmonte, Volta Redonda - RJ, 27274-200, Brasil | DICA SDR: Negocio local do setor automotivo. O dono costuma estar no balcao ou na oficina. Pergunte pelo proprietario ou gerente. Destaque que o mercado de reposicao automotiva cresce forte e quem se posiciona digitalmente agora atrai clientes da regiao toda - nao so do bairro."
"AUTO PEÇAS BEIRA RIO LATARIAS E ACESSÓRIOS","NUC x AUTO PEÇAS BEIRA RIO LATARIAS E ACESSÓRIOS","Sem telefone cadastrado","https://www.google.com/search?q=AUTO+PE%C3%87AS+BEIRA+RIO+LATARIAS+E+ACESS%C3%93RIOS+Volta+Redonda+instagram","Automotivo - Auto Pecas","Prospeccao Ativa","Volta Redonda","Vendas dependem do fluxo de balcao e indicacao de mecanicos; dificuldade em atrair clientes finais que compram online; concorrencia com marketplaces (Mercado Livre, Shopee); estoque de pecas especificas que nao giram.","A AUTO PEÇAS BEIRA RIO LATARIAS E ACESSÓRIOS tem nota 4.3 no Google - isso mostra confianca do cliente. Auto pecas que estruturam marketing digital conseguem atrair mecanicos, oficinas e consumidores finais alem do bairro. Quero apresentar como fazemos isso.","Empresa: AUTO PEÇAS BEIRA RIO LATARIAS E ACESSÓRIOS | Cidade: Volta Redonda | Tipo: Auto Pecas | Nota Google: 4.3 (248 avaliacoes) | Categorias: Loja de autopeças | Endereco: Av. Alm. Adalberto de Barros Nunes, 1870 - Vila Mury, Volta Redonda - RJ, 27281-800, Brasil | DICA SDR: Negocio local do setor automotivo. O dono costuma estar no balcao ou na oficina. Pergunte pelo proprietario ou gerente. Destaque que o mercado de reposicao automotiva cresce forte e quem se posiciona digitalmente agora atrai clientes da regiao toda - nao so do bairro."
"AutoScap Centro Automotivo - Mecânica, Pneus e Escapamentos","NUC x AutoScap Centro Automotivo - Mecânica, Pneus e Escapamentos","+55 24 3339-3749","https://www.google.com/search?q=AutoScap+Centro+Automotivo+-+Mec%C3%A2nica%2C+Pneus+e+Escapamentos+Volta+Redonda+instagram","Automotivo - Auto Center","Prospeccao Ativa","Volta Redonda","Agenda com horarios ociosos; clientes so aparecem quando o carro quebra (nao tem preventivo agendado); dificuldade em mostrar diferenciais em relacao a concorrentes; depende de fluxo espontaneo.","A AutoScap Centro Automotivo - Mecânica, Pneus e Escapamentos ja e referencia em Volta Redonda com 213 avaliacoes. Imagine atrair clientes de toda a regiao Sul Fluminense com uma estrategia digital que mostre seus diferenciais - quero apresentar como fazemos isso.","Empresa: AutoScap Centro Automotivo - Mecânica, Pneus e Escapamentos | Cidade: Volta Redonda | Tipo: Auto Center | Nota Google: 4.7 (213 avaliacoes) | Categorias: Oficina mecânica, Mecânica para carros, Mecânico, Serviço de troca de óleo | Endereco: Av. Sávio Cota de Almeida Gama, 1007 - Retiro, Volta Redonda - RJ, 27281-422, Brasil | DICA SDR: Negocio local do setor automotivo. O dono costuma estar no balcao ou na oficina. Pergunte pelo proprietario ou gerente. Destaque que o mercado de reposicao automotiva cresce forte e quem se posiciona digitalmente agora atrai clientes da regiao toda - nao so do bairro."
"Lacauto Auto Peças","NUC x Lacauto Auto Peças","+55 24 97403-9776","https://instagram.com/lacautoautopecas?igshid=YmMyMTA2M2Y=","Automotivo - Auto Pecas","Prospeccao Ativa","Volta Redonda","Vendas dependem do fluxo de balcao e indicacao de mecanicos; dificuldade em atrair clientes finais que compram online; concorrencia com marketplaces (Mercado Livre, Shopee); estoque de pecas especificas que nao giram.","Vi que a Lacauto Auto Peças e referencia em auto pecas em Volta Redonda com 194 avaliacoes. O mercado de reposicao automotiva cresce 12% ao ano e quem investe em presenca digital atrai oficinas e clientes finais da regiao toda. Quero mostrar como potencializar isso.","Empresa: Lacauto Auto Peças | Cidade: Volta Redonda | Tipo: Auto Pecas | Nota Google: 4.7 (194 avaliacoes) | Categorias: Loja de autopeças | Endereco: R. José Moreira Rocha, 32 - Retiro, Volta Redonda - RJ, 27275-130, Brasil | DICA SDR: Negocio local do setor automotivo. O dono costuma estar no balcao ou na oficina. Pergunte pelo proprietario ou gerente. Destaque que o mercado de reposicao automotiva cresce forte e quem se posiciona digitalmente agora atrai clientes da regiao toda - nao so do bairro."
"Jacob Auto Peças & Acessórios","NUC x Jacob Auto Peças & Acessórios","+55 24 3348-2426","https://instagram.com/autopecasjacob?utm_medium=copy_link","Automotivo - Auto Pecas","Prospeccao Ativa","Volta Redonda","Vendas dependem do fluxo de balcao e indicacao de mecanicos; dificuldade em atrair clientes finais que compram online; concorrencia com marketplaces (Mercado Livre, Shopee); estoque de pecas especificas que nao giram.","A Jacob Auto Peças & Acessórios tem nota 4.6 no Google - isso mostra confianca do cliente. Auto pecas que estruturam marketing digital conseguem atrair mecanicos, oficinas e consumidores finais alem do bairro. Quero apresentar como fazemos isso.","Empresa: Jacob Auto Peças & Acessórios | Cidade: Volta Redonda | Tipo: Auto Pecas | Nota Google: 4.6 (182 avaliacoes) | Categorias: Loja de autopeças | Endereco: R. 2, 279 - Conforto, Volta Redonda - RJ, 27265-435, Brasil | DICA SDR: Negocio local do setor automotivo. O dono costuma estar no balcao ou na oficina. Pergunte pelo proprietario ou gerente. Destaque que o mercado de reposicao automotiva cresce forte e quem se posiciona digitalmente agora atrai clientes da regiao toda - nao so do bairro."
"J Maxx Pneus e Auto Center","NUC x J Maxx Pneus e Auto Center","+55 24 99884-0425","https://www.google.com/search?q=J+Maxx+Pneus+e+Auto+Center+Volta+Redonda+instagram","Automotivo - Auto Center","Prospeccao Ativa","Volta Redonda","Agenda com horarios ociosos; clientes so aparecem quando o carro quebra (nao tem preventivo agendado); dificuldade em mostrar diferenciais em relacao a concorrentes; depende de fluxo espontaneo.","A J Maxx Pneus e Auto Center ja e referencia em Volta Redonda com 179 avaliacoes. Imagine atrair clientes de toda a regiao Sul Fluminense com uma estrategia digital que mostre seus diferenciais - quero apresentar como fazemos isso.","Empresa: J Maxx Pneus e Auto Center | Cidade: Volta Redonda | Tipo: Auto Center | Nota Google: 4.8 (179 avaliacoes) | Categorias: Oficina mecânica, Loja de suspensões de automóveis, Serviço de troca de óleo, Comércio de Pneu, Serviço de alinhamento e balanceamento | Endereco: Av. Francisco C, R. Mauro Francisco Tôrres, 765 - São Luís, Volta Redonda - RJ, 27286-440, Brasil | DICA SDR: Negocio local do setor automotivo. O dono costuma estar no balcao ou na oficina. Pergunte pelo proprietario ou gerente. Destaque que o mercado de reposicao automotiva cresce forte e quem se posiciona digitalmente agora atrai clientes da regiao toda - nao so do bairro."
"Energy Auto Peças","NUC x Energy Auto Peças","+55 24 3348-1737","https://www.google.com/search?q=Energy+Auto+Pe%C3%A7as+Volta+Redonda+instagram","Automotivo - Auto Pecas","Prospeccao Ativa","Volta Redonda","Vendas dependem do fluxo de balcao e indicacao de mecanicos; dificuldade em atrair clientes finais que compram online; concorrencia com marketplaces (Mercado Livre, Shopee); estoque de pecas especificas que nao giram.","Vi que a Energy Auto Peças e referencia em auto pecas em Volta Redonda com 154 avaliacoes. O mercado de reposicao automotiva cresce 12% ao ano e quem investe em presenca digital atrai oficinas e clientes finais da regiao toda. Quero mostrar como potencializar isso.","Empresa: Energy Auto Peças | Cidade: Volta Redonda | Tipo: Auto Pecas | Nota Google: 4.6 (154 avaliacoes) | Categorias: Loja de autopeças | Endereco: R. Carlos Chagas, 429 - São Lucas, Volta Redonda - RJ, 27264-420, Brasil | DICA SDR: Negocio local do setor automotivo. O dono costuma estar no balcao ou na oficina. Pergunte pelo proprietario ou gerente. Destaque que o mercado de reposicao automotiva cresce forte e quem se posiciona digitalmente agora atrai clientes da regiao toda - nao so do bairro."
"Eurocar Peças e Acessórios","NUC x Eurocar Peças e Acessórios","+55 24 99934-5810","https://www.google.com/search?q=Eurocar+Pe%C3%A7as+e+Acess%C3%B3rios+Volta+Redonda+instagram","Automotivo - Auto Pecas","Prospeccao Ativa","Volta Redonda","Vendas dependem do fluxo de balcao e indicacao de mecanicos; dificuldade em atrair clientes finais que compram online; concorrencia com marketplaces (Mercado Livre, Shopee); estoque de pecas especificas que nao giram.","Pesquisando auto pecas em Volta Redonda, a Eurocar Peças e Acessórios se destacou. O consumidor de hoje pesquisa no Google antes de comprar peca - quem aparece primeiro vende mais. Quero mostrar como colocar voces nessa posicao.","Empresa: Eurocar Peças e Acessórios | Cidade: Volta Redonda | Tipo: Auto Pecas | Nota Google: 4.4 (142 avaliacoes) | Categorias: Loja de autopeças | Endereco: Av. Alm. Adalberto de Barros Nunes, 1.130 - Vila Mury, Volta Redonda - RJ, 27281-800, Brasil | DICA SDR: Negocio local do setor automotivo. O dono costuma estar no balcao ou na oficina. Pergunte pelo proprietario ou gerente. Destaque que o mercado de reposicao automotiva cresce forte e quem se posiciona digitalmente agora atrai clientes da regiao toda - nao so do bairro."
"B Marques Auto Peças","NUC x B Marques Auto Peças","+55 24 99866-9034","https://www.google.com/search?q=B+Marques+Auto+Pe%C3%A7as+Volta+Redonda+instagram","Automotivo - Auto Pecas","Prospeccao Ativa","Volta Redonda","Vendas dependem do fluxo de balcao e indicacao de mecanicos; dificuldade em atrair clientes finais que compram online; concorrencia com marketplaces (Mercado Livre, Shopee); estoque de pecas especificas que nao giram.","A B Marques Auto Peças tem nota 4.7 no Google - isso mostra confianca do cliente. Auto pecas que estruturam marketing digital conseguem atrair mecanicos, oficinas e consumidores finais alem do bairro. Quero apresentar como fazemos isso.","Empresa: B Marques Auto Peças | Cidade: Volta Redonda | Tipo: Auto Pecas | Nota Google: 4.7 (139 avaliacoes) | Categorias: Loja de autopeças, Loja de acessórios automotivos, Fornecedor de peças de caminhão | Endereco: Rod. Lúcio Meira, 243 - São Luiz, Volta Redonda - RJ, 27286-740, Brasil | DICA SDR: Negocio local do setor automotivo. O dono costuma estar no balcao ou na oficina. Pergunte pelo proprietario ou gerente. Destaque que o mercado de reposicao automotiva cresce forte e quem se posiciona digitalmente agora atrai clientes da regiao toda - nao so do bairro."
"Valente Acessórios Automotivos","NUC x Valente Acessórios Automotivos","+55 24 98816-0704","https://www.instagram.com/valente.acessorios/","Automotivo - Auto Pecas","Prospeccao Ativa","Volta Redonda","Vendas dependem do fluxo de balcao e indicacao de mecanicos; dificuldade em atrair clientes finais que compram online; concorrencia com marketplaces (Mercado Livre, Shopee); estoque de pecas especificas que nao giram.","Pesquisando auto pecas em Volta Redonda, a Valente Acessórios Automotivos se destacou. O consumidor de hoje pesquisa no Google antes de comprar peca - quem aparece primeiro vende mais. Quero mostrar como colocar voces nessa posicao.","Empresa: Valente Acessórios Automotivos | Cidade: Volta Redonda | Tipo: Auto Pecas | Nota Google: 4.3 (132 avaliacoes) | Categorias: Loja de acessórios automotivos | Endereco: R. Paulo Leopoldo Marçal, 122 - Aterrado, Volta Redonda - RJ, 27213-280, Brasil | DICA SDR: Negocio local do setor automotivo. O dono costuma estar no balcao ou na oficina. Pergunte pelo proprietario ou gerente. Destaque que o mercado de reposicao automotiva cresce forte e quem se posiciona digitalmente agora atrai clientes da regiao toda - nao so do bairro."
"Auto Flex Peças & Acessórios","NUC x Auto Flex Peças & Acessórios","+55 24 3342-7096","https://www.google.com/search?q=Auto+Flex+Pe%C3%A7as+%26+Acess%C3%B3rios+Volta+Redonda+instagram","Automotivo - Auto Pecas","Prospeccao Ativa","Volta Redonda","Vendas dependem do fluxo de balcao e indicacao de mecanicos; dificuldade em atrair clientes finais que compram online; concorrencia com marketplaces (Mercado Livre, Shopee); estoque de pecas especificas que nao giram.","Vi que a Auto Flex Peças & Acessórios e referencia em auto pecas em Volta Redonda com 129 avaliacoes. O mercado de reposicao automotiva cresce 12% ao ano e quem investe em presenca digital atrai oficinas e clientes finais da regiao toda. Quero mostrar como potencializar isso.","Empresa: Auto Flex Peças & Acessórios | Cidade: Volta Redonda | Tipo: Auto Pecas | Nota Google: 4.5 (129 avaliacoes) | Categorias: Loja de autopeças | Endereco: Av. Amaral Peixoto, 888 - Centro, Volta Redonda - RJ, 27253-221, Brasil | DICA SDR: Negocio local do setor automotivo. O dono costuma estar no balcao ou na oficina. Pergunte pelo proprietario ou gerente. Destaque que o mercado de reposicao automotiva cresce forte e quem se posiciona digitalmente agora atrai clientes da regiao toda - nao so do bairro."
"WO Pneus Auto center","NUC x WO Pneus Auto center","+55 24 3341-1521","https://www.google.com/search?q=WO+Pneus+Auto+center+Volta+Redonda+instagram","Automotivo - Auto Center","Prospeccao Ativa","Volta Redonda","Agenda com horarios ociosos; clientes so aparecem quando o carro quebra (nao tem preventivo agendado); dificuldade em mostrar diferenciais em relacao a concorrentes; depende de fluxo espontaneo.","Vi que a WO Pneus Auto center tem nota 4.8 em Volta Redonda. Auto centers com boa reputacao online multiplicam o fluxo quando investem em posicionamento digital - clientes buscam no Google antes de levar o carro. Quero mostrar como.","Empresa: WO Pneus Auto center | Cidade: Volta Redonda | Tipo: Auto Center | Nota Google: 4.8 (127 avaliacoes) | Categorias: Mecânica para carros | Endereco: Av. Antônio de Almeida, 1616 - Retiro, Volta Redonda - RJ, 27277-330, Brasil | DICA SDR: Negocio local do setor automotivo. O dono costuma estar no balcao ou na oficina. Pergunte pelo proprietario ou gerente. Destaque que o mercado de reposicao automotiva cresce forte e quem se posiciona digitalmente agora atrai clientes da regiao toda - nao so do bairro."
"Box Auto Center e Mecânica - Volta Redonda","NUC x Box Auto Center e Mecânica - Volta Redonda","+55 24 3341-0110","https://www.google.com/search?q=Box+Auto+Center+e+Mec%C3%A2nica+-+Volta+Redonda+Volta+Redonda+instagram","Automotivo - Auto Center","Prospeccao Ativa","Volta Redonda","Agenda com horarios ociosos; clientes so aparecem quando o carro quebra (nao tem preventivo agendado); dificuldade em mostrar diferenciais em relacao a concorrentes; depende de fluxo espontaneo.","Vi que a Box Auto Center e Mecânica - Volta Redonda tem nota 4.5 em Volta Redonda. Auto centers com boa reputacao online multiplicam o fluxo quando investem em posicionamento digital - clientes buscam no Google antes de levar o carro. Quero mostrar como.","Empresa: Box Auto Center e Mecânica - Volta Redonda | Cidade: Volta Redonda | Tipo: Auto Center | Nota Google: 4.5 (119 avaliacoes) | Categorias: Oficina mecânica, Mecânica para carros, Mecânico, Comércio de Pneu | Endereco: Av. N. Sra. do Amparo, 1075 - Voldac, Volta Redonda - RJ, 27285-411, Brasil | DICA SDR: Negocio local do setor automotivo. O dono costuma estar no balcao ou na oficina. Pergunte pelo proprietario ou gerente. Destaque que o mercado de reposicao automotiva cresce forte e quem se posiciona digitalmente agora atrai clientes da regiao toda - nao so do bairro."
"Pedrinho Auto center","NUC x Pedrinho Auto center","+55 24 99991-4257","https://www.google.com/search?q=Pedrinho+Auto+center+Volta+Redonda+instagram","Automotivo - Auto Center","Prospeccao Ativa","Volta Redonda","Agenda com horarios ociosos; clientes so aparecem quando o carro quebra (nao tem preventivo agendado); dificuldade em mostrar diferenciais em relacao a concorrentes; depende de fluxo espontaneo.","A Pedrinho Auto center ja e referencia em Volta Redonda com 102 avaliacoes. Imagine atrair clientes de toda a regiao Sul Fluminense com uma estrategia digital que mostre seus diferenciais - quero apresentar como fazemos isso.","Empresa: Pedrinho Auto center | Cidade: Volta Redonda | Tipo: Auto Center | Nota Google: 4.9 (102 avaliacoes) | Categorias: Oficina mecânica | Endereco: R. Maurílio Gomes da Silveira, 71 - Monte Castelo, Volta Redonda - RJ, 27253-120, Brasil | DICA SDR: Negocio local do setor automotivo. O dono costuma estar no balcao ou na oficina. Pergunte pelo proprietario ou gerente. Destaque que o mercado de reposicao automotiva cresce forte e quem se posiciona digitalmente agora atrai clientes da regiao toda - nao so do bairro."
"América Auto Center","NUC x América Auto Center","+55 24 3337-5565","https://www.google.com/search?q=Am%C3%A9rica+Auto+Center+Volta+Redonda+instagram","Automotivo - Auto Center","Prospeccao Ativa","Volta Redonda","Agenda com horarios ociosos; clientes so aparecem quando o carro quebra (nao tem preventivo agendado); dificuldade em mostrar diferenciais em relacao a concorrentes; depende de fluxo espontaneo.","A América Auto Center e um auto center bem avaliado em Volta Redonda (98 avaliacoes). Auto centers que investem em marketing digital atraem clientes de cidades vizinhas e fidelizam com agendamento online. Quero apresentar como funciona.","Empresa: América Auto Center | Cidade: Volta Redonda | Tipo: Auto Center | Nota Google: 4.2 (98 avaliacoes) | Categorias: Funilaria, Pintura automotiva | Endereco: R. Marina Godoy Barreira Cravo, 07 - Voldac, Volta Redonda - RJ, 27285-140, Brasil | DICA SDR: Negocio local do setor automotivo. O dono costuma estar no balcao ou na oficina. Pergunte pelo proprietario ou gerente. Destaque que o mercado de reposicao automotiva cresce forte e quem se posiciona digitalmente agora atrai clientes da regiao toda - nao so do bairro."
"Volcar Auto Center","NUC x Volcar Auto Center","+55 24 99965-7705","https://www.google.com/search?q=Volcar+Auto+Center+Volta+Redonda+instagram","Automotivo - Auto Center","Prospeccao Ativa","Volta Redonda","Agenda com horarios ociosos; clientes so aparecem quando o carro quebra (nao tem preventivo agendado); dificuldade em mostrar diferenciais em relacao a concorrentes; depende de fluxo espontaneo.","A Volcar Auto Center e um auto center bem avaliado em Volta Redonda (92 avaliacoes). Auto centers que investem em marketing digital atraem clientes de cidades vizinhas e fidelizam com agendamento online. Quero apresentar como funciona.","Empresa: Volcar Auto Center | Cidade: Volta Redonda | Tipo: Auto Center | Nota Google: 4.5 (92 avaliacoes) | Categorias: Mecânico, Serviços de usinagem automotiva | Endereco: R. Padre Diogo Feijó, 20 - São João Batista, Volta Redonda - RJ, 27285-220, Brasil | DICA SDR: Negocio local do setor automotivo. O dono costuma estar no balcao ou na oficina. Pergunte pelo proprietario ou gerente. Destaque que o mercado de reposicao automotiva cresce forte e quem se posiciona digitalmente agora atrai clientes da regiao toda - nao so do bairro."
"Auto Ar Service Auto Center","NUC x Auto Ar Service Auto Center","+55 24 3341-0263","https://www.google.com/search?q=Auto+Ar+Service+Auto+Center+Volta+Redonda+instagram","Automotivo - Auto Center","Prospeccao Ativa","Volta Redonda","Agenda com horarios ociosos; clientes so aparecem quando o carro quebra (nao tem preventivo agendado); dificuldade em mostrar diferenciais em relacao a concorrentes; depende de fluxo espontaneo.","A Auto Ar Service Auto Center ja e referencia em Volta Redonda com 89 avaliacoes. Imagine atrair clientes de toda a regiao Sul Fluminense com uma estrategia digital que mostre seus diferenciais - quero apresentar como fazemos isso.","Empresa: Auto Ar Service Auto Center | Cidade: Volta Redonda | Tipo: Auto Center | Nota Google: 4.1 (89 avaliacoes) | Categorias: Oficina mecânica, Mecânica para carros | Endereco: Av. Alm. Adalberto de Barros Nunes, 430 - Niterói, Volta Redonda - RJ, 27283-775, Brasil | DICA SDR: Negocio local do setor automotivo. O dono costuma estar no balcao ou na oficina. Pergunte pelo proprietario ou gerente. Destaque que o mercado de reposicao automotiva cresce forte e quem se posiciona digitalmente agora atrai clientes da regiao toda - nao so do bairro."
"G-Ométric Téc Autocenter e Mecânica - Volta Redonda","NUC x G-Ométric Téc Autocenter e Mecânica - Volta Redonda","+55 24 99290-3941","https://www.google.com/search?q=G-Om%C3%A9tric+T%C3%A9c+Autocenter+e+Mec%C3%A2nica+-+Volta+Redonda+Volta+Redonda+instagram","Automotivo - Auto Center","Prospeccao Ativa","Volta Redonda","Agenda com horarios ociosos; clientes so aparecem quando o carro quebra (nao tem preventivo agendado); dificuldade em mostrar diferenciais em relacao a concorrentes; depende de fluxo espontaneo.","A G-Ométric Téc Autocenter e Mecânica - Volta Redonda ja e referencia em Volta Redonda com 84 avaliacoes. Imagine atrair clientes de toda a regiao Sul Fluminense com uma estrategia digital que mostre seus diferenciais - quero apresentar como fazemos isso.","Empresa: G-Ométric Téc Autocenter e Mecânica - Volta Redonda | Cidade: Volta Redonda | Tipo: Auto Center | Nota Google: 4.9 (84 avaliacoes) | Categorias: Oficina mecânica, Regulagem automotiva, Serviço de limpeza completa de automóveis, Mecânica para carros, Mecânico, Serviço de alinhamento e balanceamento | Endereco: R. Cap. Benedito Lopes Bragança, n°594 - São Geraldo, Volta Redonda - RJ, 27253-510, Brasil | DICA SDR: Negocio local do setor automotivo. O dono costuma estar no balcao ou na oficina. Pergunte pelo proprietario ou gerente. Destaque que o mercado de reposicao automotiva cresce forte e quem se posiciona digitalmente agora atrai clientes da regiao toda - nao so do bairro."
"Nacional Auto Peças","NUC x Nacional Auto Peças","+55 24 3342-5161","https://www.google.com/search?q=Nacional+Auto+Pe%C3%A7as+Volta+Redonda+instagram","Automotivo - Auto Pecas","Prospeccao Ativa","Volta Redonda","Vendas dependem do fluxo de balcao e indicacao de mecanicos; dificuldade em atrair clientes finais que compram online; concorrencia com marketplaces (Mercado Livre, Shopee); estoque de pecas especificas que nao giram.","Pesquisando auto pecas em Volta Redonda, a Nacional Auto Peças se destacou. O consumidor de hoje pesquisa no Google antes de comprar peca - quem aparece primeiro vende mais. Quero mostrar como colocar voces nessa posicao.","Empresa: Nacional Auto Peças | Cidade: Volta Redonda | Tipo: Auto Pecas | Nota Google: 4.3 (78 avaliacoes) | Categorias: Carros, Fornecedor de peças para carroceria | Endereco: Av. Amaral Peixoto, 962 - São João, Volta Redonda - RJ, 27253-220, Brasil | DICA SDR: Negocio local do setor automotivo. O dono costuma estar no balcao ou na oficina. Pergunte pelo proprietario ou gerente. Destaque que o mercado de reposicao automotiva cresce forte e quem se posiciona digitalmente agora atrai clientes da regiao toda - nao so do bairro."
"Centro Automotivo - Volta Redonda Tal Pneus","NUC x Centro Automotivo - Volta Redonda Tal Pneus","+55 24 3016-0017","https://www.google.com/search?q=Centro+Automotivo+-+Volta+Redonda+Tal+Pneus+Volta+Redonda+instagram","Automotivo - Auto Center","Prospeccao Ativa","Volta Redonda","Agenda com horarios ociosos; clientes so aparecem quando o carro quebra (nao tem preventivo agendado); dificuldade em mostrar diferenciais em relacao a concorrentes; depende de fluxo espontaneo.","A Centro Automotivo - Volta Redonda Tal Pneus e um auto center bem avaliado em Volta Redonda (78 avaliacoes). Auto centers que investem em marketing digital atraem clientes de cidades vizinhas e fidelizam com agendamento online. Quero apresentar como funciona.","Empresa: Centro Automotivo - Volta Redonda Tal Pneus | Cidade: Volta Redonda | Tipo: Auto Center | Nota Google: 4.6 (78 avaliacoes) | Categorias: Oficina mecânica, Loja de suspensões de automóveis, Regulagem automotiva, Loja de freios, Loja de baterias de carro, Mecânica para carros, Mecânico, Serviço de troca de óleo, Serviço de alinhamento e balanceamento | Endereco: Av. Sávio Cota de Almeida Gama, 616 - Niterói, Volta Redonda - RJ, 27281-421, Brasil | DICA SDR: Negocio local do setor automotivo. O dono costuma estar no balcao ou na oficina. Pergunte pelo proprietario ou gerente. Destaque que o mercado de reposicao automotiva cresce forte e quem se posiciona digitalmente agora atrai clientes da regiao toda - nao so do bairro."
"Aterrado Auto Peças","NUC x Aterrado Auto Peças","+55 24 3347-1636","https://www.google.com/search?q=Aterrado+Auto+Pe%C3%A7as+Volta+Redonda+instagram","Automotivo - Auto Pecas","Prospeccao Ativa","Volta Redonda","Vendas dependem do fluxo de balcao e indicacao de mecanicos; dificuldade em atrair clientes finais que compram online; concorrencia com marketplaces (Mercado Livre, Shopee); estoque de pecas especificas que nao giram.","A Aterrado Auto Peças tem nota 3.5 no Google - isso mostra confianca do cliente. Auto pecas que estruturam marketing digital conseguem atrair mecanicos, oficinas e consumidores finais alem do bairro. Quero apresentar como fazemos isso.","Empresa: Aterrado Auto Peças | Cidade: Volta Redonda | Tipo: Auto Pecas | Nota Google: 3.5 (76 avaliacoes) | Categorias: Loja de autopeças | Endereco: Av. Paulo de Frontin, 750 - Aterrado, Volta Redonda - RJ, 27213-270, Brasil | DICA SDR: Negocio local do setor automotivo. O dono costuma estar no balcao ou na oficina. Pergunte pelo proprietario ou gerente. Destaque que o mercado de reposicao automotiva cresce forte e quem se posiciona digitalmente agora atrai clientes da regiao toda - nao so do bairro."
"RBR Centro Automotivo","NUC x RBR Centro Automotivo","+55 24 3347-1074","https://www.google.com/search?q=RBR+Centro+Automotivo+Volta+Redonda+instagram","Automotivo - Auto Center","Prospeccao Ativa","Volta Redonda","Agenda com horarios ociosos; clientes so aparecem quando o carro quebra (nao tem preventivo agendado); dificuldade em mostrar diferenciais em relacao a concorrentes; depende de fluxo espontaneo.","Vi que a RBR Centro Automotivo tem nota 4.1 em Volta Redonda. Auto centers com boa reputacao online multiplicam o fluxo quando investem em posicionamento digital - clientes buscam no Google antes de levar o carro. Quero mostrar como.","Empresa: RBR Centro Automotivo | Cidade: Volta Redonda | Tipo: Auto Center | Nota Google: 4.1 (68 avaliacoes) | Categorias: Oficina mecânica | Endereco: Av. Alm. Adalberto de Barros Nunes, 5461 - Siderlândia, Volta Redonda - RJ, 27180-000, Brasil | DICA SDR: Negocio local do setor automotivo. O dono costuma estar no balcao ou na oficina. Pergunte pelo proprietario ou gerente. Destaque que o mercado de reposicao automotiva cresce forte e quem se posiciona digitalmente agora atrai clientes da regiao toda - nao so do bairro."
"FMG Auto peças","NUC x FMG Auto peças","+55 24 98845-1795","https://www.google.com/search?q=FMG+Auto+pe%C3%A7as+Volta+Redonda+instagram","Automotivo - Auto Pecas","Prospeccao Ativa","Volta Redonda","Vendas dependem do fluxo de balcao e indicacao de mecanicos; dificuldade em atrair clientes finais que compram online; concorrencia com marketplaces (Mercado Livre, Shopee); estoque de pecas especificas que nao giram.","Vi que a FMG Auto peças e referencia em auto pecas em Volta Redonda com 67 avaliacoes. O mercado de reposicao automotiva cresce 12% ao ano e quem investe em presenca digital atrai oficinas e clientes finais da regiao toda. Quero mostrar como potencializar isso.","Empresa: FMG Auto peças | Cidade: Volta Redonda | Tipo: Auto Pecas | Nota Google: 4.6 (67 avaliacoes) | Categorias: Loja de baterias de carro | Endereco: Av. Sávio Cota de Almeida Gama, 725 - Niterói, Volta Redonda - RJ, 27283-526, Brasil | DICA SDR: Negocio local do setor automotivo. O dono costuma estar no balcao ou na oficina. Pergunte pelo proprietario ou gerente. Destaque que o mercado de reposicao automotiva cresce forte e quem se posiciona digitalmente agora atrai clientes da regiao toda - nao so do bairro."
"Mega Center","NUC x Mega Center","Sem telefone cadastrado","https://www.google.com/search?q=Mega+Center+Volta+Redonda+instagram","Automotivo - Pneus","Prospeccao Ativa","Volta Redonda","Cliente compra por preco e nao por confianca; concorrencia com grandes redes de pneus; vendas sazonais; dificuldade em fidelizar clientes para recapagem e manutencao.","A Mega Center tem 52 avaliacoes em Volta Redonda. O segmento de pneus tem demanda constante e o cliente pesquisa preco e reputacao online antes de comprar. Quero mostrar como atrair mais clientes com presenca digital estrategica.","Empresa: Mega Center | Cidade: Volta Redonda | Tipo: Pneus e Borracharia | Nota Google: 5.0 (52 avaliacoes) | Categorias: Comércio de Pneu | Endereco: Av. Lucas Evangelista de Oliveira Franco, 510 - Aterrado, Volta Redonda - RJ, 27215-630, Brasil | DICA SDR: Negocio local do setor automotivo. O dono costuma estar no balcao ou na oficina. Pergunte pelo proprietario ou gerente. Destaque que o mercado de reposicao automotiva cresce forte e quem se posiciona digitalmente agora atrai clientes da regiao toda - nao so do bairro."
"Mar Car Centro Automotivo","NUC x Mar Car Centro Automotivo","+55 24 3350-3087","https://www.google.com/search?q=Mar+Car+Centro+Automotivo+Volta+Redonda+instagram","Automotivo - Auto Center","Prospeccao Ativa","Volta Redonda","Agenda com horarios ociosos; clientes so aparecem quando o carro quebra (nao tem preventivo agendado); dificuldade em mostrar diferenciais em relacao a concorrentes; depende de fluxo espontaneo.","Vi que a Mar Car Centro Automotivo tem nota 4.9 em Volta Redonda. Auto centers com boa reputacao online multiplicam o fluxo quando investem em posicionamento digital - clientes buscam no Google antes de levar o carro. Quero mostrar como.","Empresa: Mar Car Centro Automotivo | Cidade: Volta Redonda | Tipo: Auto Center | Nota Google: 4.9 (50 avaliacoes) | Categorias: Oficina mecânica | Endereco: R. Cincinato Braga, 321 - Aterrado, Volta Redonda - RJ, 27213-040, Brasil | DICA SDR: Negocio local do setor automotivo. O dono costuma estar no balcao ou na oficina. Pergunte pelo proprietario ou gerente. Destaque que o mercado de reposicao automotiva cresce forte e quem se posiciona digitalmente agora atrai clientes da regiao toda - nao so do bairro."
"RM Auto Peças/Gnv","NUC x RM Auto Peças/Gnv","+55 24 3025-6649","https://www.google.com/search?q=RM+Auto+Pe%C3%A7as%2FGnv+Volta+Redonda+instagram","Automotivo - Auto Pecas","Prospeccao Ativa","Volta Redonda","Vendas dependem do fluxo de balcao e indicacao de mecanicos; dificuldade em atrair clientes finais que compram online; concorrencia com marketplaces (Mercado Livre, Shopee); estoque de pecas especificas que nao giram.","A RM Auto Peças/Gnv tem nota 4.2 no Google - isso mostra confianca do cliente. Auto pecas que estruturam marketing digital conseguem atrair mecanicos, oficinas e consumidores finais alem do bairro. Quero apresentar como fazemos isso.","Empresa: RM Auto Peças/Gnv | Cidade: Volta Redonda | Tipo: Auto Pecas | Nota Google: 4.2 (47 avaliacoes) | Categorias: Loja de autopeças | Endereco: Zap ( 28 - 99964.4465 - São Lucas, Volta Redonda - RJ, 27263-672, Brasil | DICA SDR: Negocio local do setor automotivo. O dono costuma estar no balcao ou na oficina. Pergunte pelo proprietario ou gerente. Destaque que o mercado de reposicao automotiva cresce forte e quem se posiciona digitalmente agora atrai clientes da regiao toda - nao so do bairro."
"McLaren Auto Center","NUC x McLaren Auto Center","+55 24 3343-2645","https://www.google.com/search?q=McLaren+Auto+Center+Volta+Redonda+instagram","Automotivo - Auto Center","Prospeccao Ativa","Volta Redonda","Agenda com horarios ociosos; clientes so aparecem quando o carro quebra (nao tem preventivo agendado); dificuldade em mostrar diferenciais em relacao a concorrentes; depende de fluxo espontaneo.","Vi que a McLaren Auto Center tem nota 4.3 em Volta Redonda. Auto centers com boa reputacao online multiplicam o fluxo quando investem em posicionamento digital - clientes buscam no Google antes de levar o carro. Quero mostrar como.","Empresa: McLaren Auto Center | Cidade: Volta Redonda | Tipo: Auto Center | Nota Google: 4.3 (47 avaliacoes) | Categorias: Serviço de alinhamento e balanceamento | Endereco: R. Carlos Chagas, 454 - Conforto, Volta Redonda - RJ, 27264-420, Brasil | DICA SDR: Negocio local do setor automotivo. O dono costuma estar no balcao ou na oficina. Pergunte pelo proprietario ou gerente. Destaque que o mercado de reposicao automotiva cresce forte e quem se posiciona digitalmente agora atrai clientes da regiao toda - nao so do bairro."
"Auto Center JR","NUC x Auto Center JR","+55 24 3347-4497","https://www.google.com/search?q=Auto+Center+JR+Volta+Redonda+instagram","Automotivo - Auto Center","Prospeccao Ativa","Volta Redonda","Agenda com horarios ociosos; clientes so aparecem quando o carro quebra (nao tem preventivo agendado); dificuldade em mostrar diferenciais em relacao a concorrentes; depende de fluxo espontaneo.","Vi que a Auto Center JR tem nota 4.8 em Volta Redonda. Auto centers com boa reputacao online multiplicam o fluxo quando investem em posicionamento digital - clientes buscam no Google antes de levar o carro. Quero mostrar como.","Empresa: Auto Center JR | Cidade: Volta Redonda | Tipo: Auto Center | Nota Google: 4.8 (40 avaliacoes) | Categorias: Oficina mecânica | Endereco: Av. Sete de Setembro, 336 - Aterrado, Volta Redonda - RJ, 27213-160, Brasil | DICA SDR: Negocio local do setor automotivo. O dono costuma estar no balcao ou na oficina. Pergunte pelo proprietario ou gerente. Destaque que o mercado de reposicao automotiva cresce forte e quem se posiciona digitalmente agora atrai clientes da regiao toda - nao so do bairro."
"Revizza Car Auto Center","NUC x Revizza Car Auto Center","+55 24 99852-2509","https://www.google.com/search?q=Revizza+Car+Auto+Center+Volta+Redonda+instagram","Automotivo - Auto Center","Prospeccao Ativa","Volta Redonda","Agenda com horarios ociosos; clientes so aparecem quando o carro quebra (nao tem preventivo agendado); dificuldade em mostrar diferenciais em relacao a concorrentes; depende de fluxo espontaneo.","A Revizza Car Auto Center ja e referencia em Volta Redonda com 39 avaliacoes. Imagine atrair clientes de toda a regiao Sul Fluminense com uma estrategia digital que mostre seus diferenciais - quero apresentar como fazemos isso.","Empresa: Revizza Car Auto Center | Cidade: Volta Redonda | Tipo: Auto Center | Nota Google: 4.8 (39 avaliacoes) | Categorias: Oficina mecânica | Endereco: Av. Waldir Sobreira Píres, 95 - Retiro, Volta Redonda - RJ, 27281-346, Brasil | DICA SDR: Negocio local do setor automotivo. O dono costuma estar no balcao ou na oficina. Pergunte pelo proprietario ou gerente. Destaque que o mercado de reposicao automotiva cresce forte e quem se posiciona digitalmente agora atrai clientes da regiao toda - nao so do bairro."
"HELIO AUTO CENTER","NUC x HELIO AUTO CENTER","+55 24 3350-6995","https://www.google.com/search?q=HELIO+AUTO+CENTER+Volta+Redonda+instagram","Automotivo - Auto Center","Prospeccao Ativa","Volta Redonda","Agenda com horarios ociosos; clientes so aparecem quando o carro quebra (nao tem preventivo agendado); dificuldade em mostrar diferenciais em relacao a concorrentes; depende de fluxo espontaneo.","A HELIO AUTO CENTER e um auto center bem avaliado em Volta Redonda (33 avaliacoes). Auto centers que investem em marketing digital atraem clientes de cidades vizinhas e fidelizam com agendamento online. Quero apresentar como funciona.","Empresa: HELIO AUTO CENTER | Cidade: Volta Redonda | Tipo: Auto Center | Nota Google: 4.9 (33 avaliacoes) | Categorias: Serviço de alinhamento e balanceamento | Endereco: 4144, Volta Redonda - RJ, 27274-200, Brasil | DICA SDR: Negocio local do setor automotivo. O dono costuma estar no balcao ou na oficina. Pergunte pelo proprietario ou gerente. Destaque que o mercado de reposicao automotiva cresce forte e quem se posiciona digitalmente agora atrai clientes da regiao toda - nao so do bairro."
"Auto Center Santo Antonio","NUC x Auto Center Santo Antonio","+55 24 3347-2931","https://www.google.com/search?q=Auto+Center+Santo+Antonio+Volta+Redonda+instagram","Automotivo - Auto Center","Prospeccao Ativa","Volta Redonda","Agenda com horarios ociosos; clientes so aparecem quando o carro quebra (nao tem preventivo agendado); dificuldade em mostrar diferenciais em relacao a concorrentes; depende de fluxo espontaneo.","A Auto Center Santo Antonio ja e referencia em Volta Redonda com 22 avaliacoes. Imagine atrair clientes de toda a regiao Sul Fluminense com uma estrategia digital que mostre seus diferenciais - quero apresentar como fazemos isso.","Empresa: Auto Center Santo Antonio | Cidade: Volta Redonda | Tipo: Auto Center | Nota Google: 4.9 (22 avaliacoes) | Categorias: Mecânica para carros | Endereco: Avenida Comércio, 40 - Retiro, Volta Redonda - RJ, 27275-250, Brasil | DICA SDR: Negocio local do setor automotivo. O dono costuma estar no balcao ou na oficina. Pergunte pelo proprietario ou gerente. Destaque que o mercado de reposicao automotiva cresce forte e quem se posiciona digitalmente agora atrai clientes da regiao toda - nao so do bairro."
"Auto Peças em Volta Redonda - DuMotores","NUC x Auto Peças em Volta Redonda - DuMotores","+55 24 3212-1262","https://www.google.com/search?q=Auto+Pe%C3%A7as+em+Volta+Redonda+-+DuMotores+Volta+Redonda+instagram","Automotivo - Auto Pecas","Prospeccao Ativa","Volta Redonda","Vendas dependem do fluxo de balcao e indicacao de mecanicos; dificuldade em atrair clientes finais que compram online; concorrencia com marketplaces (Mercado Livre, Shopee); estoque de pecas especificas que nao giram.","Vi que a Auto Peças em Volta Redonda - DuMotores e referencia em auto pecas em Volta Redonda com 21 avaliacoes. O mercado de reposicao automotiva cresce 12% ao ano e quem investe em presenca digital atrai oficinas e clientes finais da regiao toda. Quero mostrar como potencializar isso.","Empresa: Auto Peças em Volta Redonda - DuMotores | Cidade: Volta Redonda | Tipo: Auto Pecas | Nota Google: 4.6 (21 avaliacoes) | Categorias: Loja de autopeças | Endereco: Av Carlos Chagas 591 São Lucas(207, Volta Redonda - RJ, 27263-505, Brasil | DICA SDR: Negocio local do setor automotivo. O dono costuma estar no balcao ou na oficina. Pergunte pelo proprietario ou gerente. Destaque que o mercado de reposicao automotiva cresce forte e quem se posiciona digitalmente agora atrai clientes da regiao toda - nao so do bairro."
"Auto Center 166","NUC x Auto Center 166","+55 24 98130-0892","https://www.google.com/search?q=Auto+Center+166+Volta+Redonda+instagram","Automotivo - Auto Center","Prospeccao Ativa","Volta Redonda","Agenda com horarios ociosos; clientes so aparecem quando o carro quebra (nao tem preventivo agendado); dificuldade em mostrar diferenciais em relacao a concorrentes; depende de fluxo espontaneo.","A Auto Center 166 ja e referencia em Volta Redonda com 19 avaliacoes. Imagine atrair clientes de toda a regiao Sul Fluminense com uma estrategia digital que mostre seus diferenciais - quero apresentar como fazemos isso.","Empresa: Auto Center 166 | Cidade: Volta Redonda | Tipo: Auto Center | Nota Google: 4.5 (19 avaliacoes) | Categorias: Mecânica para carros | Endereco: Rua Rio Tocantins, 166 - Água Limpa, Volta Redonda - RJ, 27214-435, Brasil | DICA SDR: Negocio local do setor automotivo. O dono costuma estar no balcao ou na oficina. Pergunte pelo proprietario ou gerente. Destaque que o mercado de reposicao automotiva cresce forte e quem se posiciona digitalmente agora atrai clientes da regiao toda - nao so do bairro."
"Troca Fácil Autocenter","NUC x Troca Fácil Autocenter","+55 24 98169-0030","https://www.google.com/search?q=Troca+F%C3%A1cil+Autocenter+Volta+Redonda+instagram","Automotivo - Auto Center","Prospeccao Ativa","Volta Redonda","Agenda com horarios ociosos; clientes so aparecem quando o carro quebra (nao tem preventivo agendado); dificuldade em mostrar diferenciais em relacao a concorrentes; depende de fluxo espontaneo.","A Troca Fácil Autocenter e um auto center bem avaliado em Volta Redonda (16 avaliacoes). Auto centers que investem em marketing digital atraem clientes de cidades vizinhas e fidelizam com agendamento online. Quero apresentar como funciona.","Empresa: Troca Fácil Autocenter | Cidade: Volta Redonda | Tipo: Auto Center | Nota Google: 4.9 (16 avaliacoes) | Categorias: Mecânica para carros | Endereco: R. Cincinato Braga, 125 - Aterrado, Volta Redonda - RJ, 27213-040, Brasil | DICA SDR: Negocio local do setor automotivo. O dono costuma estar no balcao ou na oficina. Pergunte pelo proprietario ou gerente. Destaque que o mercado de reposicao automotiva cresce forte e quem se posiciona digitalmente agora atrai clientes da regiao toda - nao so do bairro."
"GLAUPEC Auto Peças","NUC x GLAUPEC Auto Peças","+55 24 3339-8600","https://www.google.com/search?q=GLAUPEC+Auto+Pe%C3%A7as+Volta+Redonda+instagram","Automotivo - Auto Pecas","Prospeccao Ativa","Volta Redonda","Vendas dependem do fluxo de balcao e indicacao de mecanicos; dificuldade em atrair clientes finais que compram online; concorrencia com marketplaces (Mercado Livre, Shopee); estoque de pecas especificas que nao giram.","Vi que a GLAUPEC Auto Peças e referencia em auto pecas em Volta Redonda com 15 avaliacoes. O mercado de reposicao automotiva cresce 12% ao ano e quem investe em presenca digital atrai oficinas e clientes finais da regiao toda. Quero mostrar como potencializar isso.","Empresa: GLAUPEC Auto Peças | Cidade: Volta Redonda | Tipo: Auto Pecas | Nota Google: 4.5 (15 avaliacoes) | Categorias: Escritório da empresa | Endereco: Av. Alm. Adalberto de Barros Nunes, 3400 - Vila Mury, Volta Redonda - RJ, 27275-600, Brasil | DICA SDR: Negocio local do setor automotivo. O dono costuma estar no balcao ou na oficina. Pergunte pelo proprietario ou gerente. Destaque que o mercado de reposicao automotiva cresce forte e quem se posiciona digitalmente agora atrai clientes da regiao toda - nao so do bairro."
"Auto Center Felipão","NUC x Auto Center Felipão","+55 24 99858-5857","https://www.google.com/search?q=Auto+Center+Felip%C3%A3o+Volta+Redonda+instagram","Automotivo - Auto Center","Prospeccao Ativa","Volta Redonda","Agenda com horarios ociosos; clientes so aparecem quando o carro quebra (nao tem preventivo agendado); dificuldade em mostrar diferenciais em relacao a concorrentes; depende de fluxo espontaneo.","A Auto Center Felipão ja e referencia em Volta Redonda com 14 avaliacoes. Imagine atrair clientes de toda a regiao Sul Fluminense com uma estrategia digital que mostre seus diferenciais - quero apresentar como fazemos isso.","Empresa: Auto Center Felipão | Cidade: Volta Redonda | Tipo: Auto Center | Nota Google: 4.7 (14 avaliacoes) | Categorias: Oficina mecânica | Endereco: R. Gandhi, 56 - Monte Castelo, Volta Redonda - RJ, 27253-123, Brasil | DICA SDR: Negocio local do setor automotivo. O dono costuma estar no balcao ou na oficina. Pergunte pelo proprietario ou gerente. Destaque que o mercado de reposicao automotiva cresce forte e quem se posiciona digitalmente agora atrai clientes da regiao toda - nao so do bairro."
"Auto Center César Pneus Volta Redonda","NUC x Auto Center César Pneus Volta Redonda","+55 24 98122-7654","https://www.google.com/search?q=Auto+Center+C%C3%A9sar+Pneus+Volta+Redonda+Volta+Redonda+instagram","Automotivo - Auto Center","Prospeccao Ativa","Volta Redonda","Agenda com horarios ociosos; clientes so aparecem quando o carro quebra (nao tem preventivo agendado); dificuldade em mostrar diferenciais em relacao a concorrentes; depende de fluxo espontaneo.","A Auto Center César Pneus Volta Redonda e um auto center bem avaliado em Volta Redonda (3 avaliacoes). Auto centers que investem em marketing digital atraem clientes de cidades vizinhas e fidelizam com agendamento online. Quero apresentar como funciona.","Empresa: Auto Center César Pneus Volta Redonda | Cidade: Volta Redonda | Tipo: Auto Center | Nota Google: 4.3 (3 avaliacoes) | Categorias: Mecânica para carros | Endereco: Av. Sávio Cota de Almeida Gama, 725 - Retiro, Volta Redonda - RJ, 27281-421, Brasil | DICA SDR: Negocio local do setor automotivo. O dono costuma estar no balcao ou na oficina. Pergunte pelo proprietario ou gerente. Destaque que o mercado de reposicao automotiva cresce forte e quem se posiciona digitalmente agora atrai clientes da regiao toda - nao so do bairro."
"Resgate Centro Automotivo","NUC x Resgate Centro Automotivo","+55 24 99276-0611","https://www.google.com/search?q=Resgate+Centro+Automotivo+Volta+Redonda+instagram","Automotivo - Auto Center","Prospeccao Ativa","Volta Redonda","Agenda com horarios ociosos; clientes so aparecem quando o carro quebra (nao tem preventivo agendado); dificuldade em mostrar diferenciais em relacao a concorrentes; depende de fluxo espontaneo.","A Resgate Centro Automotivo e um auto center bem avaliado em Volta Redonda (2 avaliacoes). Auto centers que investem em marketing digital atraem clientes de cidades vizinhas e fidelizam com agendamento online. Quero apresentar como funciona.","Empresa: Resgate Centro Automotivo | Cidade: Volta Redonda | Tipo: Auto Center | Nota Google: 5.0 (2 avaliacoes) | Categorias: Oficina mecânica | Endereco: Rua Erica Berbet, N° 21 Vila Rica - Três Poços, Volta Redonda - RJ, 27240-550, Brasil | DICA SDR: Negocio local do setor automotivo. O dono costuma estar no balcao ou na oficina. Pergunte pelo proprietario ou gerente. Destaque que o mercado de reposicao automotiva cresce forte e quem se posiciona digitalmente agora atrai clientes da regiao toda - nao so do bairro."
"Retiro Auto Center","NUC x Retiro Auto Center","+55 24 3333-9505","https://www.google.com/search?q=Retiro+Auto+Center+Volta+Redonda+instagram","Automotivo - Auto Center","Prospeccao Ativa","Volta Redonda","Agenda com horarios ociosos; clientes so aparecem quando o carro quebra (nao tem preventivo agendado); dificuldade em mostrar diferenciais em relacao a concorrentes; depende de fluxo espontaneo.","A Retiro Auto Center ja e referencia em Volta Redonda com 1 avaliacoes. Imagine atrair clientes de toda a regiao Sul Fluminense com uma estrategia digital que mostre seus diferenciais - quero apresentar como fazemos isso.","Empresa: Retiro Auto Center | Cidade: Volta Redonda | Tipo: Auto Center | Nota Google: 5.0 (1 avaliacoes) | Categorias: Mecânica para carros | Endereco: Av. Retiro, 2490 - Retiro, Volta Redonda - RJ, 27275-263, Brasil | DICA SDR: Negocio local do setor automotivo. O dono costuma estar no balcao ou na oficina. Pergunte pelo proprietario ou gerente. Destaque que o mercado de reposicao automotiva cresce forte e quem se posiciona digitalmente agora atrai clientes da regiao toda - nao so do bairro."
