"Nome comercial","Nome da oportunidade","Telefone principal","Instagram","Segmento","Fonte","Tags","Dor provavel","Gancho - Abordagem","Observacoes"
"Kellys Ramalho Clínica Estética","NUC x Kellys Ramalho Clínica Estética","+55 24 99881-1657","https://www.google.com/search?q=Kellys+Ramalho+Cl%C3%ADnica+Est%C3%A9tica+Volta+Redonda+instagram","Estetica e Saude","Prospeccao Ativa","Volta Redonda","Dificuldade em atrair clientes qualificados para procedimentos de maior ticket; depende muito de indicacao e redes sociais organicas sem estrategia.","A Kellys Ramalho Clínica Estética aparece bem posicionada no Google para estetica em Volta Redonda. Percebo que clinicas com essa reputacao costumam ter potencial de crescimento enorme quando investem em posicionamento digital estrategico.","Empresa: Kellys Ramalho Clínica Estética | Local: Volta Redonda | Nota Google: 4.2 (528 avaliacoes) | Categorias: Centro de saúde e beleza, Esteticista, Centro de massagem | DICA SDR: Estrutura enxuta - a recepcionista provavelmente tem acesso direto ao dono. Pergunte pelo proprietario ou responsavel pela clinica. Destaque que clinicas de estetica com boa reputacao online crescem 2-3x quando investem em marketing digital estrategico."
"GIO Estetica Avançada - Volta Redonda","NUC x GIO Estetica Avançada - Volta Redonda","+55 24 99233-7163","https://www.instagram.com/giovoltaredonda","Estetica e Saude","Prospeccao Ativa","Volta Redonda","Dificuldade em atrair clientes qualificados para procedimentos de maior ticket; depende muito de indicacao e redes sociais organicas sem estrategia.","Pesquisando clinicas de estetica em Volta Redonda, a GIO Estetica Avançada - Volta Redonda se destacou com nota 4.8. Muitas clinicas desse porte multiplicam o faturamento quando estruturam o marketing digital - queria mostrar como.","Empresa: GIO Estetica Avançada - Volta Redonda | Local: Volta Redonda | Nota Google: 4.8 (479 avaliacoes) | Categorias: Serviço de depilação a laser, Centro de saúde e beleza | DICA SDR: Estrutura enxuta - a recepcionista provavelmente tem acesso direto ao dono. Pergunte pelo proprietario ou responsavel pela clinica. Destaque que clinicas de estetica com boa reputacao online crescem 2-3x quando investem em marketing digital estrategico."
"Dra Michelle Batalha - Clínica MB","NUC x Dra Michelle Batalha - Clínica MB","+55 24 99856-1376","https://www.google.com/search?q=Dra+Michelle+Batalha+-+Cl%C3%ADnica+MB+Volta+Redonda+instagram","Estetica e Saude","Prospeccao Ativa","Volta Redonda","Dificuldade em atrair clientes qualificados para procedimentos de maior ticket; depende muito de indicacao e redes sociais organicas sem estrategia.","Vi que a Dra Michelle Batalha - Clínica MB tem 370 avaliacoes no Google - isso mostra que voces ja tem uma base de clientes ativa. Imagine potencializar essa visibilidade com uma estrategia digital que atraia ainda mais clientes qualificados na regiao de Volta Redonda.","Empresa: Dra Michelle Batalha - Clínica MB | Local: Volta Redonda | Nota Google: 5.0 (370 avaliacoes) | Categorias: Dermatologista | DICA SDR: Estrutura enxuta - a recepcionista provavelmente tem acesso direto ao dono. Pergunte pelo proprietario ou responsavel pela clinica. Destaque que clinicas de estetica com boa reputacao online crescem 2-3x quando investem em marketing digital estrategico."
"Espaço Helenice Anibal | Volta Redonda, RJ","NUC x Espaço Helenice Anibal | Volta Redonda, RJ","+55 24 99940-5408","https://www.google.com/search?q=Espa%C3%A7o+Helenice+Anibal+%7C+Volta+Redonda%2C+RJ+Volta+Redonda+instagram","Estetica e Saude","Prospeccao Ativa","Volta Redonda","Dificuldade em atrair clientes qualificados para procedimentos de maior ticket; depende muito de indicacao e redes sociais organicas sem estrategia.","A Espaço Helenice Anibal | Volta Redonda, RJ aparece bem posicionada no Google para estetica em Volta Redonda. Percebo que clinicas com essa reputacao costumam ter potencial de crescimento enorme quando investem em posicionamento digital estrategico.","Empresa: Espaço Helenice Anibal | Volta Redonda, RJ | Local: Volta Redonda | Nota Google: 5.0 (247 avaliacoes) | Categorias: Centro de saúde e beleza | DICA SDR: Estrutura enxuta - a recepcionista provavelmente tem acesso direto ao dono. Pergunte pelo proprietario ou responsavel pela clinica. Destaque que clinicas de estetica com boa reputacao online crescem 2-3x quando investem em marketing digital estrategico."
"Clínica Virtuosa Volta Redonda","NUC x Clínica Virtuosa Volta Redonda","+55 24 99968-4764","https://instagram.com/virtuosavoltaredonda?igshid=YmMyMTA2M2Y=","Estetica e Saude","Prospeccao Ativa","Volta Redonda","Dificuldade em atrair clientes qualificados para procedimentos de maior ticket; depende muito de indicacao e redes sociais organicas sem estrategia.","A Clínica Virtuosa Volta Redonda aparece bem posicionada no Google para estetica em Volta Redonda. Percebo que clinicas com essa reputacao costumam ter potencial de crescimento enorme quando investem em posicionamento digital estrategico.","Empresa: Clínica Virtuosa Volta Redonda | Local: Volta Redonda | Nota Google: 4.9 (245 avaliacoes) | Categorias: Centro de saúde e beleza | DICA SDR: Estrutura enxuta - a recepcionista provavelmente tem acesso direto ao dono. Pergunte pelo proprietario ou responsavel pela clinica. Destaque que clinicas de estetica com boa reputacao online crescem 2-3x quando investem em marketing digital estrategico."
"Clínica de Estética SensitForm Resende","NUC x Clínica de Estética SensitForm Resende","+55 24 99811-5164","https://www.google.com/search?q=Cl%C3%ADnica+de+Est%C3%A9tica+SensitForm+Resende+Resende+instagram","Estetica e Saude","Prospeccao Ativa","Resende","Dificuldade em atrair clientes qualificados para procedimentos de maior ticket; depende muito de indicacao e redes sociais organicas sem estrategia.","Vi que a Clínica de Estética SensitForm Resende tem 229 avaliacoes no Google - isso mostra que voces ja tem uma base de clientes ativa. Imagine potencializar essa visibilidade com uma estrategia digital que atraia ainda mais clientes qualificados na regiao de Resende.","Empresa: Clínica de Estética SensitForm Resende | Local: Resende | Nota Google: 4.8 (229 avaliacoes) | Categorias: Centro de saúde e beleza, Serviço de depilação a laser | DICA SDR: Estrutura enxuta - a recepcionista provavelmente tem acesso direto ao dono. Pergunte pelo proprietario ou responsavel pela clinica. Destaque que clinicas de estetica com boa reputacao online crescem 2-3x quando investem em marketing digital estrategico."
"Clínica Simone Sousa | Estética Facial e Corporal em Resende","NUC x Clínica Simone Sousa | Estética Facial e Corporal em Resende","+55 24 99950-6997","https://www.google.com/search?q=Cl%C3%ADnica+Simone+Sousa+%7C+Est%C3%A9tica+Facial+e+Corporal+em+Resende+Resende+instagram","Estetica e Saude","Prospeccao Ativa","Resende","Dificuldade em atrair clientes qualificados para procedimentos de maior ticket; depende muito de indicacao e redes sociais organicas sem estrategia.","Pesquisando clinicas de estetica em Resende, a Clínica Simone Sousa | Estética Facial e Corporal em Resende se destacou com nota 5.0. Muitas clinicas desse porte multiplicam o faturamento quando estruturam o marketing digital - queria mostrar como.","Empresa: Clínica Simone Sousa | Estética Facial e Corporal em Resende | Local: Resende | Nota Google: 5.0 (174 avaliacoes) | Categorias: Centro de saúde e beleza | DICA SDR: Estrutura enxuta - a recepcionista provavelmente tem acesso direto ao dono. Pergunte pelo proprietario ou responsavel pela clinica. Destaque que clinicas de estetica com boa reputacao online crescem 2-3x quando investem em marketing digital estrategico."
"Dra Lígia Horta","NUC x Dra Lígia Horta","+55 24 98140-1102","https://www.google.com/search?q=Dra+L%C3%ADgia+Horta+Volta+Redonda+instagram","Estetica e Saude","Prospeccao Ativa","Volta Redonda","Dificuldade em atrair clientes qualificados para procedimentos de maior ticket; depende muito de indicacao e redes sociais organicas sem estrategia.","A Dra Lígia Horta aparece bem posicionada no Google para estetica em Volta Redonda. Percebo que clinicas com essa reputacao costumam ter potencial de crescimento enorme quando investem em posicionamento digital estrategico.","Empresa: Dra Lígia Horta | Local: Volta Redonda | Nota Google: 5.0 (171 avaliacoes) | Categorias: Dermatologista | DICA SDR: Estrutura enxuta - a recepcionista provavelmente tem acesso direto ao dono. Pergunte pelo proprietario ou responsavel pela clinica. Destaque que clinicas de estetica com boa reputacao online crescem 2-3x quando investem em marketing digital estrategico."
"Salão Nádia","NUC x Salão Nádia","+55 24 99916-5877","https://www.google.com/search?q=Sal%C3%A3o+N%C3%A1dia+Barra+Mansa+instagram","Estetica e Saude","Prospeccao Ativa","Barra Mansa","Dificuldade em atrair clientes qualificados para procedimentos de maior ticket; depende muito de indicacao e redes sociais organicas sem estrategia.","A Salão Nádia aparece bem posicionada no Google para estetica em Barra Mansa. Percebo que clinicas com essa reputacao costumam ter potencial de crescimento enorme quando investem em posicionamento digital estrategico.","Empresa: Salão Nádia | Local: Barra Mansa | Nota Google: 5.0 (147 avaliacoes) | Categorias: Salão de Beleza, Depilação, Manicure | DICA SDR: Estrutura enxuta - a recepcionista provavelmente tem acesso direto ao dono. Pergunte pelo proprietario ou responsavel pela clinica. Destaque que clinicas de estetica com boa reputacao online crescem 2-3x quando investem em marketing digital estrategico."
"Ana Maia Estética Volta Redonda | Depilação à Laser, Limpeza de Pele, Remoção de Tatuagem","NUC x Ana Maia Estética Volta Redonda | Depilação à Laser, Limpeza de Pele, Remoção de Tatuagem","+55 24 99839-0310","https://www.instagram.com/anamaiaestetica?igsh=cWxjcmozaXd6bnNv","Estetica e Saude","Prospeccao Ativa","Volta Redonda","Dificuldade em atrair clientes qualificados para procedimentos de maior ticket; depende muito de indicacao e redes sociais organicas sem estrategia.","Pesquisando clinicas de estetica em Volta Redonda, a Ana Maia Estética Volta Redonda | Depilação à Laser, Limpeza de Pele, Remoção de Tatuagem se destacou com nota 4.9. Muitas clinicas desse porte multiplicam o faturamento quando estruturam o marketing digital - queria mostrar como.","Empresa: Ana Maia Estética Volta Redonda | Depilação à Laser, Limpeza de Pele, Remoção de Tatuagem | Local: Volta Redonda | Nota Google: 4.9 (138 avaliacoes) | Categorias: Centro de saúde e beleza | DICA SDR: Estrutura enxuta - a recepcionista provavelmente tem acesso direto ao dono. Pergunte pelo proprietario ou responsavel pela clinica. Destaque que clinicas de estetica com boa reputacao online crescem 2-3x quando investem em marketing digital estrategico."
"Litiany Pires Fisioterapia Especializada l Desportiva | Acupuntura| Liberação Miofascial l Volta Redonda","NUC x Litiany Pires Fisioterapia Especializada l Desportiva | Acupuntura| Liberação Miofascial l Volta Redonda","+55 24 99997-3435","https://www.google.com/search?q=Litiany+Pires+Fisioterapia+Especializada+l+Desportiva+%7C+Acupuntura%7C+Libera%C3%A7%C3%A3o+Miofascial+l+Volta+Redonda+Volta+Redonda+instagram","Estetica e Saude","Prospeccao Ativa","Volta Redonda","Dificuldade em atrair clientes qualificados para procedimentos de maior ticket; depende muito de indicacao e redes sociais organicas sem estrategia.","Vi que a Litiany Pires Fisioterapia Especializada l Desportiva | Acupuntura| Liberação Miofascial l Volta Redonda tem 133 avaliacoes no Google - isso mostra que voces ja tem uma base de clientes ativa. Imagine potencializar essa visibilidade com uma estrategia digital que atraia ainda mais clientes qualificados na regiao de Volta Redonda.","Empresa: Litiany Pires Fisioterapia Especializada l Desportiva | Acupuntura| Liberação Miofascial l Volta Redonda | Local: Volta Redonda | Nota Google: 5.0 (133 avaliacoes) | Categorias: Fisioterapeuta | DICA SDR: Estrutura enxuta - a recepcionista provavelmente tem acesso direto ao dono. Pergunte pelo proprietario ou responsavel pela clinica. Destaque que clinicas de estetica com boa reputacao online crescem 2-3x quando investem em marketing digital estrategico."
"Serenity Beauty & SPA","NUC x Serenity Beauty & SPA","+55 24 99818-9496","https://www.google.com/search?q=Serenity+Beauty+%26+SPA+Barra+Mansa+instagram","Estetica e Saude","Prospeccao Ativa","Barra Mansa","Dificuldade em atrair clientes qualificados para procedimentos de maior ticket; depende muito de indicacao e redes sociais organicas sem estrategia.","Vi que a Serenity Beauty & SPA tem 130 avaliacoes no Google - isso mostra que voces ja tem uma base de clientes ativa. Imagine potencializar essa visibilidade com uma estrategia digital que atraia ainda mais clientes qualificados na regiao de Barra Mansa.","Empresa: Serenity Beauty & SPA | Local: Barra Mansa | Nota Google: 5.0 (130 avaliacoes) | Categorias: Spa, Esteticista, Centro de massagem | DICA SDR: Estrutura enxuta - a recepcionista provavelmente tem acesso direto ao dono. Pergunte pelo proprietario ou responsavel pela clinica. Destaque que clinicas de estetica com boa reputacao online crescem 2-3x quando investem em marketing digital estrategico."
"Royal Face Clínica de Estética - Volta Redonda","NUC x Royal Face Clínica de Estética - Volta Redonda","+55 24 99961-1089","https://www.google.com/search?q=Royal+Face+Cl%C3%ADnica+de+Est%C3%A9tica+-+Volta+Redonda+Volta+Redonda+instagram","Estetica e Saude","Prospeccao Ativa","Volta Redonda","Dificuldade em atrair clientes qualificados para procedimentos de maior ticket; depende muito de indicacao e redes sociais organicas sem estrategia.","Pesquisando clinicas de estetica em Volta Redonda, a Royal Face Clínica de Estética - Volta Redonda se destacou com nota 4.7. Muitas clinicas desse porte multiplicam o faturamento quando estruturam o marketing digital - queria mostrar como.","Empresa: Royal Face Clínica de Estética - Volta Redonda | Local: Volta Redonda | Nota Google: 4.7 (125 avaliacoes) | Categorias: Centro de saúde e beleza, Esteticista, Spa facial, Clínica especializada | DICA SDR: Estrutura enxuta - a recepcionista provavelmente tem acesso direto ao dono. Pergunte pelo proprietario ou responsavel pela clinica. Destaque que clinicas de estetica com boa reputacao online crescem 2-3x quando investem em marketing digital estrategico."
"BeHealth - Coluna e ATM","NUC x BeHealth - Coluna e ATM","+55 24 99224-1492","https://www.google.com/search?q=BeHealth+-+Coluna+e+ATM+Resende+instagram","Estetica e Saude","Prospeccao Ativa","Resende","Dificuldade em atrair clientes qualificados para procedimentos de maior ticket; depende muito de indicacao e redes sociais organicas sem estrategia.","Vi que a BeHealth - Coluna e ATM tem 114 avaliacoes no Google - isso mostra que voces ja tem uma base de clientes ativa. Imagine potencializar essa visibilidade com uma estrategia digital que atraia ainda mais clientes qualificados na regiao de Resende.","Empresa: BeHealth - Coluna e ATM | Local: Resende | Nota Google: 5.0 (114 avaliacoes) | Categorias: Clínica de Fisioterapia | DICA SDR: Estrutura enxuta - a recepcionista provavelmente tem acesso direto ao dono. Pergunte pelo proprietario ou responsavel pela clinica. Destaque que clinicas de estetica com boa reputacao online crescem 2-3x quando investem em marketing digital estrategico."
"Patrícia Dalboni","NUC x Patrícia Dalboni","+55 24 3348-8888","https://www.google.com/search?q=Patr%C3%ADcia+Dalboni+Volta+Redonda+instagram","Estetica e Saude","Prospeccao Ativa","Volta Redonda","Dificuldade em atrair clientes qualificados para procedimentos de maior ticket; depende muito de indicacao e redes sociais organicas sem estrategia.","A Patrícia Dalboni aparece bem posicionada no Google para estetica em Volta Redonda. Percebo que clinicas com essa reputacao costumam ter potencial de crescimento enorme quando investem em posicionamento digital estrategico.","Empresa: Patrícia Dalboni | Local: Volta Redonda | Nota Google: 4.4 (100 avaliacoes) | Categorias: Clínica de dermatologia, Depilação, Centro de saúde e beleza, Serviço de depilação a laser, Dermatologista, Spa | DICA SDR: Estrutura enxuta - a recepcionista provavelmente tem acesso direto ao dono. Pergunte pelo proprietario ou responsavel pela clinica. Destaque que clinicas de estetica com boa reputacao online crescem 2-3x quando investem em marketing digital estrategico."
"Clínica Roma","NUC x Clínica Roma","+55 24 3343-1000","https://www.google.com/search?q=Cl%C3%ADnica+Roma+Volta+Redonda+instagram","Estetica e Saude","Prospeccao Ativa","Volta Redonda","Dificuldade em atrair clientes qualificados para procedimentos de maior ticket; depende muito de indicacao e redes sociais organicas sem estrategia.","Pesquisando clinicas de estetica em Volta Redonda, a Clínica Roma se destacou com nota 4.9. Muitas clinicas desse porte multiplicam o faturamento quando estruturam o marketing digital - queria mostrar como.","Empresa: Clínica Roma | Local: Volta Redonda | Nota Google: 4.9 (96 avaliacoes) | Categorias: Clínica de dermatologia, Esteticista, Clínica de cirurgia plástica | DICA SDR: Estrutura enxuta - a recepcionista provavelmente tem acesso direto ao dono. Pergunte pelo proprietario ou responsavel pela clinica. Destaque que clinicas de estetica com boa reputacao online crescem 2-3x quando investem em marketing digital estrategico."
"Estética Luana Barbosa","NUC x Estética Luana Barbosa","+55 24 99858-0320","https://www.google.com/search?q=Est%C3%A9tica+Luana+Barbosa+Volta+Redonda+instagram","Estetica e Saude","Prospeccao Ativa","Volta Redonda","Dificuldade em atrair clientes qualificados para procedimentos de maior ticket; depende muito de indicacao e redes sociais organicas sem estrategia.","Pesquisando clinicas de estetica em Volta Redonda, a Estética Luana Barbosa se destacou com nota 5.0. Muitas clinicas desse porte multiplicam o faturamento quando estruturam o marketing digital - queria mostrar como.","Empresa: Estética Luana Barbosa | Local: Volta Redonda | Nota Google: 5.0 (93 avaliacoes) | Categorias: Esteticista, Centro estético, Spa facial, Terapeuta de drenagem linfática | DICA SDR: Estrutura enxuta - a recepcionista provavelmente tem acesso direto ao dono. Pergunte pelo proprietario ou responsavel pela clinica. Destaque que clinicas de estetica com boa reputacao online crescem 2-3x quando investem em marketing digital estrategico."
"Espaço Facial - Harmonização Facial e Corporal","NUC x Espaço Facial - Harmonização Facial e Corporal","+55 24 99951-5411","https://www.instagram.com/espacofacial_voltaredondarj","Estetica e Saude","Prospeccao Ativa","Volta Redonda","Dificuldade em atrair clientes qualificados para procedimentos de maior ticket; depende muito de indicacao e redes sociais organicas sem estrategia.","A Espaço Facial - Harmonização Facial e Corporal aparece bem posicionada no Google para estetica em Volta Redonda. Percebo que clinicas com essa reputacao costumam ter potencial de crescimento enorme quando investem em posicionamento digital estrategico.","Empresa: Espaço Facial - Harmonização Facial e Corporal | Local: Volta Redonda | Nota Google: 4.9 (92 avaliacoes) | Categorias: Centro estético | DICA SDR: Estrutura enxuta - a recepcionista provavelmente tem acesso direto ao dono. Pergunte pelo proprietario ou responsavel pela clinica. Destaque que clinicas de estetica com boa reputacao online crescem 2-3x quando investem em marketing digital estrategico."
"Dra. Inghlide Damanielle, Dermatologista","NUC x Dra. Inghlide Damanielle, Dermatologista","+55 24 99941-5293","https://www.google.com/search?q=Dra.+Inghlide+Damanielle%2C+Dermatologista+Volta+Redonda+instagram","Estetica e Saude","Prospeccao Ativa","Volta Redonda","Dificuldade em atrair clientes qualificados para procedimentos de maior ticket; depende muito de indicacao e redes sociais organicas sem estrategia.","Vi que a Dra. Inghlide Damanielle, Dermatologista tem 90 avaliacoes no Google - isso mostra que voces ja tem uma base de clientes ativa. Imagine potencializar essa visibilidade com uma estrategia digital que atraia ainda mais clientes qualificados na regiao de Volta Redonda.","Empresa: Dra. Inghlide Damanielle, Dermatologista | Local: Volta Redonda | Nota Google: 5.0 (90 avaliacoes) | Categorias: Dermatologista | DICA SDR: Estrutura enxuta - a recepcionista provavelmente tem acesso direto ao dono. Pergunte pelo proprietario ou responsavel pela clinica. Destaque que clinicas de estetica com boa reputacao online crescem 2-3x quando investem em marketing digital estrategico."
"Jéssica Rodrigues Beauty Clinic","NUC x Jéssica Rodrigues Beauty Clinic","+55 24 99904-4846","https://www.google.com/search?q=J%C3%A9ssica+Rodrigues+Beauty+Clinic+Barra+Mansa+instagram","Estetica e Saude","Prospeccao Ativa","Barra Mansa","Dificuldade em atrair clientes qualificados para procedimentos de maior ticket; depende muito de indicacao e redes sociais organicas sem estrategia.","Pesquisando clinicas de estetica em Barra Mansa, a Jéssica Rodrigues Beauty Clinic se destacou com nota 5.0. Muitas clinicas desse porte multiplicam o faturamento quando estruturam o marketing digital - queria mostrar como.","Empresa: Jéssica Rodrigues Beauty Clinic | Local: Barra Mansa | Nota Google: 5.0 (88 avaliacoes) | Categorias: Esteticista | DICA SDR: Estrutura enxuta - a recepcionista provavelmente tem acesso direto ao dono. Pergunte pelo proprietario ou responsavel pela clinica. Destaque que clinicas de estetica com boa reputacao online crescem 2-3x quando investem em marketing digital estrategico."
"Estética Imaculada®","NUC x Estética Imaculada®","+55 24 99943-3387","https://www.google.com/search?q=Est%C3%A9tica+Imaculada%C2%AE+Barra+Mansa+instagram","Estetica e Saude","Prospeccao Ativa","Barra Mansa","Dificuldade em atrair clientes qualificados para procedimentos de maior ticket; depende muito de indicacao e redes sociais organicas sem estrategia.","Pesquisando clinicas de estetica em Barra Mansa, a Estética Imaculada® se destacou com nota 5.0. Muitas clinicas desse porte multiplicam o faturamento quando estruturam o marketing digital - queria mostrar como.","Empresa: Estética Imaculada® | Local: Barra Mansa | Nota Google: 5.0 (74 avaliacoes) | Categorias: Centro de saúde e beleza | DICA SDR: Estrutura enxuta - a recepcionista provavelmente tem acesso direto ao dono. Pergunte pelo proprietario ou responsavel pela clinica. Destaque que clinicas de estetica com boa reputacao online crescem 2-3x quando investem em marketing digital estrategico."
"Espaço QualiSanté - Massoterapia e Cuidados Pessoais","NUC x Espaço QualiSanté - Massoterapia e Cuidados Pessoais","+55 24 99901-6038","https://www.google.com/search?q=Espa%C3%A7o+QualiSant%C3%A9+-+Massoterapia+e+Cuidados+Pessoais+Barra+Mansa+instagram","Estetica e Saude","Prospeccao Ativa","Barra Mansa","Dificuldade em atrair clientes qualificados para procedimentos de maior ticket; depende muito de indicacao e redes sociais organicas sem estrategia.","Vi que a Espaço QualiSanté - Massoterapia e Cuidados Pessoais tem 73 avaliacoes no Google - isso mostra que voces ja tem uma base de clientes ativa. Imagine potencializar essa visibilidade com uma estrategia digital que atraia ainda mais clientes qualificados na regiao de Barra Mansa.","Empresa: Espaço QualiSanté - Massoterapia e Cuidados Pessoais | Local: Barra Mansa | Nota Google: 5.0 (73 avaliacoes) | Categorias: Massoterapeuta, Esteticista, Spa de saúde, Centro de bem-estar | DICA SDR: Estrutura enxuta - a recepcionista provavelmente tem acesso direto ao dono. Pergunte pelo proprietario ou responsavel pela clinica. Destaque que clinicas de estetica com boa reputacao online crescem 2-3x quando investem em marketing digital estrategico."
"Mood Resende Spa and Beauty","NUC x Mood Resende Spa and Beauty","+55 24 99275-9313","https://www.instagram.com/mood_resende/","Estetica e Saude","Prospeccao Ativa","Resende","Dificuldade em atrair clientes qualificados para procedimentos de maior ticket; depende muito de indicacao e redes sociais organicas sem estrategia.","Vi que a Mood Resende Spa and Beauty tem 68 avaliacoes no Google - isso mostra que voces ja tem uma base de clientes ativa. Imagine potencializar essa visibilidade com uma estrategia digital que atraia ainda mais clientes qualificados na regiao de Resende.","Empresa: Mood Resende Spa and Beauty | Local: Resende | Nota Google: 4.8 (68 avaliacoes) | Categorias: Salão de Beleza, Loja de produtos de beleza, Salão de sobrancelhas, Salão de massagem para os pés, Depilação, Serviço de tratamento para a queda de cabelo, Estúdio de maquiagem, Manicure, Cabeleireiro | DICA SDR: Estrutura enxuta - a recepcionista provavelmente tem acesso direto ao dono. Pergunte pelo proprietario ou responsavel pela clinica. Destaque que clinicas de estetica com boa reputacao online crescem 2-3x quando investem em marketing digital estrategico."
"Dra. Christiane Carvalho Dermatologista","NUC x Dra. Christiane Carvalho Dermatologista","+55 24 99979-0909","https://www.google.com/search?q=Dra.+Christiane+Carvalho+Dermatologista+Barra+Mansa+instagram","Estetica e Saude","Prospeccao Ativa","Barra Mansa","Dificuldade em atrair clientes qualificados para procedimentos de maior ticket; depende muito de indicacao e redes sociais organicas sem estrategia.","A Dra. Christiane Carvalho Dermatologista aparece bem posicionada no Google para estetica em Barra Mansa. Percebo que clinicas com essa reputacao costumam ter potencial de crescimento enorme quando investem em posicionamento digital estrategico.","Empresa: Dra. Christiane Carvalho Dermatologista | Local: Barra Mansa | Nota Google: 5.0 (66 avaliacoes) | Categorias: Médico | DICA SDR: Estrutura enxuta - a recepcionista provavelmente tem acesso direto ao dono. Pergunte pelo proprietario ou responsavel pela clinica. Destaque que clinicas de estetica com boa reputacao online crescem 2-3x quando investem em marketing digital estrategico."
"Fernanda Almeida Esteticista e massoterapeuta/massagista","NUC x Fernanda Almeida Esteticista e massoterapeuta/massagista","+55 24 98124-7836","https://www.google.com/search?q=Fernanda+Almeida+Esteticista+e+massoterapeuta%2Fmassagista+Resende+instagram","Estetica e Saude","Prospeccao Ativa","Resende","Dificuldade em atrair clientes qualificados para procedimentos de maior ticket; depende muito de indicacao e redes sociais organicas sem estrategia.","A Fernanda Almeida Esteticista e massoterapeuta/massagista aparece bem posicionada no Google para estetica em Resende. Percebo que clinicas com essa reputacao costumam ter potencial de crescimento enorme quando investem em posicionamento digital estrategico.","Empresa: Fernanda Almeida Esteticista e massoterapeuta/massagista | Local: Resende | Nota Google: 4.9 (64 avaliacoes) | Categorias: Salão de Beleza | DICA SDR: Estrutura enxuta - a recepcionista provavelmente tem acesso direto ao dono. Pergunte pelo proprietario ou responsavel pela clinica. Destaque que clinicas de estetica com boa reputacao online crescem 2-3x quando investem em marketing digital estrategico."
"Clínica Maria da Glória | Dermatologista Barra Mansa e Volta Redonda | Rejuvenescimento Natural","NUC x Clínica Maria da Glória | Dermatologista Barra Mansa e Volta Redonda | Rejuvenescimento Natural","+55 24 99872-1965","https://www.google.com/search?q=Cl%C3%ADnica+Maria+da+Gl%C3%B3ria+%7C+Dermatologista+Barra+Mansa+e+Volta+Redonda+%7C+Rejuvenescimento+Natural+Barra+Mansa+instagram","Estetica e Saude","Prospeccao Ativa","Barra Mansa","Dificuldade em atrair clientes qualificados para procedimentos de maior ticket; depende muito de indicacao e redes sociais organicas sem estrategia.","Pesquisando clinicas de estetica em Barra Mansa, a Clínica Maria da Glória | Dermatologista Barra Mansa e Volta Redonda | Rejuvenescimento Natural se destacou com nota 4.7. Muitas clinicas desse porte multiplicam o faturamento quando estruturam o marketing digital - queria mostrar como.","Empresa: Clínica Maria da Glória | Dermatologista Barra Mansa e Volta Redonda | Rejuvenescimento Natural | Local: Barra Mansa | Nota Google: 4.7 (62 avaliacoes) | Categorias: Dermatologista, Centro estético | DICA SDR: Estrutura enxuta - a recepcionista provavelmente tem acesso direto ao dono. Pergunte pelo proprietario ou responsavel pela clinica. Destaque que clinicas de estetica com boa reputacao online crescem 2-3x quando investem em marketing digital estrategico."
"FISIOSAM montese","NUC x FISIOSAM montese","+55 24 3354-8615","https://www.google.com/search?q=FISIOSAM+montese+Resende+instagram","Estetica e Saude","Prospeccao Ativa","Resende","Dificuldade em atrair clientes qualificados para procedimentos de maior ticket; depende muito de indicacao e redes sociais organicas sem estrategia.","Pesquisando clinicas de estetica em Resende, a FISIOSAM montese se destacou com nota 4.4. Muitas clinicas desse porte multiplicam o faturamento quando estruturam o marketing digital - queria mostrar como.","Empresa: FISIOSAM montese | Local: Resende | Nota Google: 4.4 (57 avaliacoes) | Categorias: Clínica de Fisioterapia, Fisioterapeuta | DICA SDR: Estrutura enxuta - a recepcionista provavelmente tem acesso direto ao dono. Pergunte pelo proprietario ou responsavel pela clinica. Destaque que clinicas de estetica com boa reputacao online crescem 2-3x quando investem em marketing digital estrategico."
"VIP WAY ® Estética Regenerativa DermatoFuncional | Quiropraxia","NUC x VIP WAY ® Estética Regenerativa DermatoFuncional | Quiropraxia","+55 24 3355-1224","https://www.google.com/search?q=VIP+WAY+%C2%AE+Est%C3%A9tica+Regenerativa+DermatoFuncional+%7C+Quiropraxia+Resende+instagram","Estetica e Saude","Prospeccao Ativa","Resende","Dificuldade em atrair clientes qualificados para procedimentos de maior ticket; depende muito de indicacao e redes sociais organicas sem estrategia.","Pesquisando clinicas de estetica em Resende, a VIP WAY ® Estética Regenerativa DermatoFuncional | Quiropraxia se destacou com nota 4.7. Muitas clinicas desse porte multiplicam o faturamento quando estruturam o marketing digital - queria mostrar como.","Empresa: VIP WAY ® Estética Regenerativa DermatoFuncional | Quiropraxia | Local: Resende | Nota Google: 4.7 (57 avaliacoes) | Categorias: Clínica de Fisioterapia, Praticante de medicina alternativa, Esteticista, Clínica de Quiropraxia, Serviço de hipnoterapia, Clínica de saúde mental, Fisioterapeuta, Centro de saúde e beleza, Médico psicossomático, Serviço de emagrecimento | DICA SDR: Estrutura enxuta - a recepcionista provavelmente tem acesso direto ao dono. Pergunte pelo proprietario ou responsavel pela clinica. Destaque que clinicas de estetica com boa reputacao online crescem 2-3x quando investem em marketing digital estrategico."
"CLÍNICA DE FISIOTERAPIA FORÇA & EQUILÍBRIO","NUC x CLÍNICA DE FISIOTERAPIA FORÇA & EQUILÍBRIO","+55 24 3341-0825","https://www.google.com/search?q=CL%C3%8DNICA+DE+FISIOTERAPIA+FOR%C3%87A+%26+EQUIL%C3%8DBRIO+Volta+Redonda+instagram","Estetica e Saude","Prospeccao Ativa","Volta Redonda","Dificuldade em atrair clientes qualificados para procedimentos de maior ticket; depende muito de indicacao e redes sociais organicas sem estrategia.","Pesquisando clinicas de estetica em Volta Redonda, a CLÍNICA DE FISIOTERAPIA FORÇA & EQUILÍBRIO se destacou com nota 5.0. Muitas clinicas desse porte multiplicam o faturamento quando estruturam o marketing digital - queria mostrar como.","Empresa: CLÍNICA DE FISIOTERAPIA FORÇA & EQUILÍBRIO | Local: Volta Redonda | Nota Google: 5.0 (55 avaliacoes) | Categorias: Clínica de Fisioterapia, Estúdio de pilates, Psicanalista | DICA SDR: Estrutura enxuta - a recepcionista provavelmente tem acesso direto ao dono. Pergunte pelo proprietario ou responsavel pela clinica. Destaque que clinicas de estetica com boa reputacao online crescem 2-3x quando investem em marketing digital estrategico."
"Fernanda Cardoso Estética Facial e Corporal | Limpeza de Pele, Peeling e Drenagem Linfática em Volta Redonda","NUC x Fernanda Cardoso Estética Facial e Corporal | Limpeza de Pele, Peeling e Drenagem Linfática em Volta Redonda","+55 24 99846-4624","https://www.google.com/search?q=Fernanda+Cardoso+Est%C3%A9tica+Facial+e+Corporal+%7C+Limpeza+de+Pele%2C+Peeling+e+Drenagem+Linf%C3%A1tica+em+Volta+Redonda+Volta+Redonda+instagram","Estetica e Saude","Prospeccao Ativa","Volta Redonda","Dificuldade em atrair clientes qualificados para procedimentos de maior ticket; depende muito de indicacao e redes sociais organicas sem estrategia.","A Fernanda Cardoso Estética Facial e Corporal | Limpeza de Pele, Peeling e Drenagem Linfática em Volta Redonda aparece bem posicionada no Google para estetica em Volta Redonda. Percebo que clinicas com essa reputacao costumam ter potencial de crescimento enorme quando investem em posicionamento digital estrategico.","Empresa: Fernanda Cardoso Estética Facial e Corporal | Limpeza de Pele, Peeling e Drenagem Linfática em Volta Redonda | Local: Volta Redonda | Nota Google: 5.0 (53 avaliacoes) | Categorias: Centro de saúde e beleza | DICA SDR: Estrutura enxuta - a recepcionista provavelmente tem acesso direto ao dono. Pergunte pelo proprietario ou responsavel pela clinica. Destaque que clinicas de estetica com boa reputacao online crescem 2-3x quando investem em marketing digital estrategico."
"Clínica de Fisioterapia Fision Reabilitação em Volta Redonda","NUC x Clínica de Fisioterapia Fision Reabilitação em Volta Redonda","+55 24 3348-5801","https://www.instagram.com/fisionfisioterapia?igsh=MWd5aHZ4cnJzZWxhdQ==","Estetica e Saude","Prospeccao Ativa","Volta Redonda","Dificuldade em atrair clientes qualificados para procedimentos de maior ticket; depende muito de indicacao e redes sociais organicas sem estrategia.","Pesquisando clinicas de estetica em Volta Redonda, a Clínica de Fisioterapia Fision Reabilitação em Volta Redonda se destacou com nota 4.8. Muitas clinicas desse porte multiplicam o faturamento quando estruturam o marketing digital - queria mostrar como.","Empresa: Clínica de Fisioterapia Fision Reabilitação em Volta Redonda | Local: Volta Redonda | Nota Google: 4.8 (50 avaliacoes) | Categorias: Clínica de Fisioterapia, Fisioterapeuta, Estúdio de pilates | DICA SDR: Estrutura enxuta - a recepcionista provavelmente tem acesso direto ao dono. Pergunte pelo proprietario ou responsavel pela clinica. Destaque que clinicas de estetica com boa reputacao online crescem 2-3x quando investem em marketing digital estrategico."
"Dra. Keid Innecco | Fisioterapeuta Integrativa","NUC x Dra. Keid Innecco | Fisioterapeuta Integrativa","+55 24 99940-7971","https://www.google.com/search?q=Dra.+Keid+Innecco+%7C+Fisioterapeuta+Integrativa+Volta+Redonda+instagram","Estetica e Saude","Prospeccao Ativa","Volta Redonda","Dificuldade em atrair clientes qualificados para procedimentos de maior ticket; depende muito de indicacao e redes sociais organicas sem estrategia.","A Dra. Keid Innecco | Fisioterapeuta Integrativa aparece bem posicionada no Google para estetica em Volta Redonda. Percebo que clinicas com essa reputacao costumam ter potencial de crescimento enorme quando investem em posicionamento digital estrategico.","Empresa: Dra. Keid Innecco | Fisioterapeuta Integrativa | Local: Volta Redonda | Nota Google: 5.0 (48 avaliacoes) | Categorias: Fisioterapeuta | DICA SDR: Estrutura enxuta - a recepcionista provavelmente tem acesso direto ao dono. Pergunte pelo proprietario ou responsavel pela clinica. Destaque que clinicas de estetica com boa reputacao online crescem 2-3x quando investem em marketing digital estrategico."
"Cleiton Fernandes Fisioterapeuta","NUC x Cleiton Fernandes Fisioterapeuta","+55 24 99225-9104","https://www.google.com/search?q=Cleiton+Fernandes+Fisioterapeuta+Resende+instagram","Estetica e Saude","Prospeccao Ativa","Resende","Dificuldade em atrair clientes qualificados para procedimentos de maior ticket; depende muito de indicacao e redes sociais organicas sem estrategia.","Vi que a Cleiton Fernandes Fisioterapeuta tem 46 avaliacoes no Google - isso mostra que voces ja tem uma base de clientes ativa. Imagine potencializar essa visibilidade com uma estrategia digital que atraia ainda mais clientes qualificados na regiao de Resende.","Empresa: Cleiton Fernandes Fisioterapeuta | Local: Resende | Nota Google: 5.0 (46 avaliacoes) | Categorias: Fisioterapeuta, Clínica de Quiropraxia | DICA SDR: Estrutura enxuta - a recepcionista provavelmente tem acesso direto ao dono. Pergunte pelo proprietario ou responsavel pela clinica. Destaque que clinicas de estetica com boa reputacao online crescem 2-3x quando investem em marketing digital estrategico."
"RS Fisioclin Fisioterapia Ltda","NUC x RS Fisioclin Fisioterapia Ltda","+55 24 99815-0911","https://www.instagram.com/rsfisioclin/","Estetica e Saude","Prospeccao Ativa","Resende","Dificuldade em atrair clientes qualificados para procedimentos de maior ticket; depende muito de indicacao e redes sociais organicas sem estrategia.","Pesquisando clinicas de estetica em Resende, a RS Fisioclin Fisioterapia Ltda se destacou com nota 5.0. Muitas clinicas desse porte multiplicam o faturamento quando estruturam o marketing digital - queria mostrar como.","Empresa: RS Fisioclin Fisioterapia Ltda | Local: Resende | Nota Google: 5.0 (45 avaliacoes) | Categorias: Clínica de Fisioterapia | DICA SDR: Estrutura enxuta - a recepcionista provavelmente tem acesso direto ao dono. Pergunte pelo proprietario ou responsavel pela clinica. Destaque que clinicas de estetica com boa reputacao online crescem 2-3x quando investem em marketing digital estrategico."
"Fill Estética Avançada","NUC x Fill Estética Avançada","+55 24 99851-1773","https://www.google.com/search?q=Fill+Est%C3%A9tica+Avan%C3%A7ada+Volta+Redonda+instagram","Estetica e Saude","Prospeccao Ativa","Volta Redonda","Dificuldade em atrair clientes qualificados para procedimentos de maior ticket; depende muito de indicacao e redes sociais organicas sem estrategia.","Vi que a Fill Estética Avançada tem 44 avaliacoes no Google - isso mostra que voces ja tem uma base de clientes ativa. Imagine potencializar essa visibilidade com uma estrategia digital que atraia ainda mais clientes qualificados na regiao de Volta Redonda.","Empresa: Fill Estética Avançada | Local: Volta Redonda | Nota Google: 4.9 (44 avaliacoes) | Categorias: Centro de saúde e beleza, Esteticista, Serviço de tratamento para a queda de cabelo, Spa de saúde | DICA SDR: Estrutura enxuta - a recepcionista provavelmente tem acesso direto ao dono. Pergunte pelo proprietario ou responsavel pela clinica. Destaque que clinicas de estetica com boa reputacao online crescem 2-3x quando investem em marketing digital estrategico."
"Dra. Luiza Lee - HARMONIZAÇÃO FACIAL","NUC x Dra. Luiza Lee - HARMONIZAÇÃO FACIAL","+55 24 99963-9806","https://www.google.com/search?q=Dra.+Luiza+Lee+-+HARMONIZA%C3%87%C3%83O+FACIAL+Resende+instagram","Estetica e Saude","Prospeccao Ativa","Resende","Dificuldade em atrair clientes qualificados para procedimentos de maior ticket; depende muito de indicacao e redes sociais organicas sem estrategia.","Vi que a Dra. Luiza Lee - HARMONIZAÇÃO FACIAL tem 43 avaliacoes no Google - isso mostra que voces ja tem uma base de clientes ativa. Imagine potencializar essa visibilidade com uma estrategia digital que atraia ainda mais clientes qualificados na regiao de Resende.","Empresa: Dra. Luiza Lee - HARMONIZAÇÃO FACIAL | Local: Resende | Nota Google: 5.0 (43 avaliacoes) | Categorias: Centro de saúde e beleza, Esteticista, Centro estético | DICA SDR: Estrutura enxuta - a recepcionista provavelmente tem acesso direto ao dono. Pergunte pelo proprietario ou responsavel pela clinica. Destaque que clinicas de estetica com boa reputacao online crescem 2-3x quando investem em marketing digital estrategico."
"Royal Face Clínica de Estética - Resende","NUC x Royal Face Clínica de Estética - Resende","+55 24 99954-4526","https://www.google.com/search?q=Royal+Face+Cl%C3%ADnica+de+Est%C3%A9tica+-+Resende+Resende+instagram","Estetica e Saude","Prospeccao Ativa","Resende","Dificuldade em atrair clientes qualificados para procedimentos de maior ticket; depende muito de indicacao e redes sociais organicas sem estrategia.","A Royal Face Clínica de Estética - Resende aparece bem posicionada no Google para estetica em Resende. Percebo que clinicas com essa reputacao costumam ter potencial de crescimento enorme quando investem em posicionamento digital estrategico.","Empresa: Royal Face Clínica de Estética - Resende | Local: Resende | Nota Google: 4.9 (41 avaliacoes) | Categorias: Centro de saúde e beleza | DICA SDR: Estrutura enxuta - a recepcionista provavelmente tem acesso direto ao dono. Pergunte pelo proprietario ou responsavel pela clinica. Destaque que clinicas de estetica com boa reputacao online crescem 2-3x quando investem em marketing digital estrategico."
"Dra. Laís Brandão","NUC x Dra. Laís Brandão","+55 24 99958-1307","https://www.google.com/search?q=Dra.+Lai%CC%81s+Brand%C3%A3o+Volta+Redonda+instagram","Estetica e Saude","Prospeccao Ativa","Volta Redonda","Dificuldade em atrair clientes qualificados para procedimentos de maior ticket; depende muito de indicacao e redes sociais organicas sem estrategia.","Vi que a Dra. Laís Brandão tem 41 avaliacoes no Google - isso mostra que voces ja tem uma base de clientes ativa. Imagine potencializar essa visibilidade com uma estrategia digital que atraia ainda mais clientes qualificados na regiao de Volta Redonda.","Empresa: Dra. Laís Brandão | Local: Volta Redonda | Nota Google: 4.8 (41 avaliacoes) | Categorias: Dermatologista | DICA SDR: Estrutura enxuta - a recepcionista provavelmente tem acesso direto ao dono. Pergunte pelo proprietario ou responsavel pela clinica. Destaque que clinicas de estetica com boa reputacao online crescem 2-3x quando investem em marketing digital estrategico."
"Dra. Natalia Oliveira | Tricologia e Estética Avançada em Volta Redonda","NUC x Dra. Natalia Oliveira | Tricologia e Estética Avançada em Volta Redonda","+55 24 97404-8355","https://www.google.com/search?q=Dra.+Natalia+Oliveira+%7C+Tricologia+e+Est%C3%A9tica+Avan%C3%A7ada+em+Volta+Redonda+Volta+Redonda+instagram","Estetica e Saude","Prospeccao Ativa","Volta Redonda","Dificuldade em atrair clientes qualificados para procedimentos de maior ticket; depende muito de indicacao e redes sociais organicas sem estrategia.","Pesquisando clinicas de estetica em Volta Redonda, a Dra. Natalia Oliveira | Tricologia e Estética Avançada em Volta Redonda se destacou com nota 5.0. Muitas clinicas desse porte multiplicam o faturamento quando estruturam o marketing digital - queria mostrar como.","Empresa: Dra. Natalia Oliveira | Tricologia e Estética Avançada em Volta Redonda | Local: Volta Redonda | Nota Google: 5.0 (41 avaliacoes) | Categorias: Serviço de tratamento para a queda de cabelo, Centro de saúde e beleza | DICA SDR: Estrutura enxuta - a recepcionista provavelmente tem acesso direto ao dono. Pergunte pelo proprietario ou responsavel pela clinica. Destaque que clinicas de estetica com boa reputacao online crescem 2-3x quando investem em marketing digital estrategico."
"Polifisio 33 - Dr. Vinícius Couri","NUC x Polifisio 33 - Dr. Vinícius Couri","+55 24 3343-3512","https://www.google.com/search?q=Polifisio+33+-+Dr.+Vin%C3%ADcius+Couri+Volta+Redonda+instagram","Estetica e Saude","Prospeccao Ativa","Volta Redonda","Dificuldade em atrair clientes qualificados para procedimentos de maior ticket; depende muito de indicacao e redes sociais organicas sem estrategia.","A Polifisio 33 - Dr. Vinícius Couri aparece bem posicionada no Google para estetica em Volta Redonda. Percebo que clinicas com essa reputacao costumam ter potencial de crescimento enorme quando investem em posicionamento digital estrategico.","Empresa: Polifisio 33 - Dr. Vinícius Couri | Local: Volta Redonda | Nota Google: 4.6 (38 avaliacoes) | Categorias: Clínica de Fisioterapia | DICA SDR: Estrutura enxuta - a recepcionista provavelmente tem acesso direto ao dono. Pergunte pelo proprietario ou responsavel pela clinica. Destaque que clinicas de estetica com boa reputacao online crescem 2-3x quando investem em marketing digital estrategico."
"Says Centro De Ensino","NUC x Says Centro De Ensino","+55 24 3360-5314","https://www.google.com/search?q=Says+Centro+De+Ensino+Resende+instagram","Educacao - Idiomas","Prospeccao Ativa","Resende","Turmas com vagas ociosas; dificuldade em captar alunos novos fora do boca a boca; concorrencia com apps e cursos online.","Vi a Says Centro De Ensino bem avaliada em Resende (nota 4.9). Trabalhamos com escolas de idiomas que triplicaram a captacao de alunos com estrategia digital focada - acho que faz sentido para voces.","Empresa: Says Centro De Ensino | Local: Resende | Nota Google: 4.9 (293 avaliacoes) | Categorias: Escola técnica com aprendizagem profissional, Escola de informática, Curso de desenho, Escola de inglês, Escola de administração | DICA SDR: Escola de idiomas tem estrutura compacta - o dono geralmente esta no local. Pergunte pelo diretor ou proprietario. Destaque captacao de alunos via Google e redes sociais como diferencial competitivo."
"Instituto Gastronômico das Américas - Volta Redonda","NUC x Instituto Gastronômico das Américas - Volta Redonda","+55 24 99920-6351","https://www.google.com/search?q=Instituto+Gastron%C3%B4mico+das+Am%C3%A9ricas+-+Volta+Redonda+Volta+Redonda+instagram","Educacao - Idiomas","Prospeccao Ativa","Volta Redonda","Turmas com vagas ociosas; dificuldade em captar alunos novos fora do boca a boca; concorrencia com apps e cursos online.","A Instituto Gastronômico das Américas - Volta Redonda tem uma presenca interessante em Volta Redonda com 133 avaliacoes. Escolas de idiomas que investem em marketing digital conseguem preencher turmas antes mesmo de abrir inscricoes - queria apresentar como fazemos isso.","Empresa: Instituto Gastronômico das Américas - Volta Redonda | Local: Volta Redonda | Nota Google: 4.9 (133 avaliacoes) | Categorias: Escola de culinária | DICA SDR: Escola de idiomas tem estrutura compacta - o dono geralmente esta no local. Pergunte pelo diretor ou proprietario. Destaque captacao de alunos via Google e redes sociais como diferencial competitivo."
"Curso Oxford | Resende","NUC x Curso Oxford | Resende","+55 24 99825-9988","https://www.google.com/search?q=Curso+Oxford+%7C+Resende+Resende+instagram","Educacao - Idiomas","Prospeccao Ativa","Resende","Turmas com vagas ociosas; dificuldade em captar alunos novos fora do boca a boca; concorrencia com apps e cursos online.","Vi a Curso Oxford | Resende bem avaliada em Resende (nota 4.6). Trabalhamos com escolas de idiomas que triplicaram a captacao de alunos com estrategia digital focada - acho que faz sentido para voces.","Empresa: Curso Oxford | Resende | Local: Resende | Nota Google: 4.6 (110 avaliacoes) | Categorias: Escola de inglês, Escola de informática, Escola de idiomas, Escola | DICA SDR: Escola de idiomas tem estrutura compacta - o dono geralmente esta no local. Pergunte pelo diretor ou proprietario. Destaque captacao de alunos via Google e redes sociais como diferencial competitivo."
"Instituto Gourmet Volta Redonda","NUC x Instituto Gourmet Volta Redonda","+55 24 3027-4115","https://www.google.com/search?q=Instituto+Gourmet+Volta+Redonda+Volta+Redonda+instagram","Educacao - Idiomas","Prospeccao Ativa","Volta Redonda","Turmas com vagas ociosas; dificuldade em captar alunos novos fora do boca a boca; concorrencia com apps e cursos online.","Vi a Instituto Gourmet Volta Redonda bem avaliada em Volta Redonda (nota 4.9). Trabalhamos com escolas de idiomas que triplicaram a captacao de alunos com estrategia digital focada - acho que faz sentido para voces.","Empresa: Instituto Gourmet Volta Redonda | Local: Volta Redonda | Nota Google: 4.9 (54 avaliacoes) | Categorias: Escola de culinária | DICA SDR: Escola de idiomas tem estrutura compacta - o dono geralmente esta no local. Pergunte pelo diretor ou proprietario. Destaque captacao de alunos via Google e redes sociais como diferencial competitivo."
"People Cursos Tecnologia e Idiomas","NUC x People Cursos Tecnologia e Idiomas","+55 24 99940-9672","https://www.google.com/search?q=People+Cursos+Tecnologia+e+Idiomas+Barra+Mansa+instagram","Educacao - Idiomas","Prospeccao Ativa","Barra Mansa","Turmas com vagas ociosas; dificuldade em captar alunos novos fora do boca a boca; concorrencia com apps e cursos online.","Pesquisando escolas de idiomas na regiao, a People Cursos Tecnologia e Idiomas chamou atencao. O mercado de idiomas em Barra Mansa tem demanda crescente e uma boa estrategia digital pode colocar voces na frente da concorrencia local.","Empresa: People Cursos Tecnologia e Idiomas | Local: Barra Mansa | Nota Google: 5.0 (40 avaliacoes) | Categorias: Centro educacional | DICA SDR: Escola de idiomas tem estrutura compacta - o dono geralmente esta no local. Pergunte pelo diretor ou proprietario. Destaque captacao de alunos via Google e redes sociais como diferencial competitivo."
"Senac Barra Mansa","NUC x Senac Barra Mansa","+55 24 3512-7133","https://www.google.com/search?q=Senac+Barra+Mansa+Barra+Mansa+instagram","Educacao - Idiomas","Prospeccao Ativa","Barra Mansa","Turmas com vagas ociosas; dificuldade em captar alunos novos fora do boca a boca; concorrencia com apps e cursos online.","A Senac Barra Mansa tem uma presenca interessante em Barra Mansa com 40 avaliacoes. Escolas de idiomas que investem em marketing digital conseguem preencher turmas antes mesmo de abrir inscricoes - queria apresentar como fazemos isso.","Empresa: Senac Barra Mansa | Local: Barra Mansa | Nota Google: 4.4 (40 avaliacoes) | Categorias: Educação superior, Centro de aprendizagem, Escola técnica com aprendizagem profissional, Centro de aprendizagem a distância, Centro educacional, Escola técnica | DICA SDR: Escola de idiomas tem estrutura compacta - o dono geralmente esta no local. Pergunte pelo diretor ou proprietario. Destaque captacao de alunos via Google e redes sociais como diferencial competitivo."
"Monitorias Reforço Escolar Barra Mansa RJ | Aulas particulares Brasil","NUC x Monitorias Reforço Escolar Barra Mansa RJ | Aulas particulares Brasil","+55 24 99224-3262","https://www.google.com/search?q=Monitorias+Refor%C3%A7o+Escolar+Barra+Mansa+RJ+%7C+Aulas+particulares+Brasil+Sul+Fluminense+instagram","Educacao - Idiomas","Prospeccao Ativa","Sul Fluminense","Turmas com vagas ociosas; dificuldade em captar alunos novos fora do boca a boca; concorrencia com apps e cursos online.","Vi a Monitorias Reforço Escolar Barra Mansa RJ | Aulas particulares Brasil bem avaliada em Sul Fluminense (nota 5.0). Trabalhamos com escolas de idiomas que triplicaram a captacao de alunos com estrategia digital focada - acho que faz sentido para voces.","Empresa: Monitorias Reforço Escolar Barra Mansa RJ | Aulas particulares Brasil | Local: Sul Fluminense | Nota Google: 5.0 (33 avaliacoes) | Categorias: Centro educacional, Escola técnica com aprendizagem profissional, Escola mista, Escola de inglês, Service establishment, Escola de gramática, Escola de Matemática, Escola técnica, Aulas particulares, Escola técnica de ensino médio | DICA SDR: Escola de idiomas tem estrutura compacta - o dono geralmente esta no local. Pergunte pelo diretor ou proprietario. Destaque captacao de alunos via Google e redes sociais como diferencial competitivo."
"Professor Carlos Leal - Inglês Particular","NUC x Professor Carlos Leal - Inglês Particular","+55 24 99839-9297","https://www.google.com/search?q=Professor+Carlos+Leal+-+Ingl%C3%AAs+Particular+Volta+Redonda+instagram","Educacao - Idiomas","Prospeccao Ativa","Volta Redonda","Turmas com vagas ociosas; dificuldade em captar alunos novos fora do boca a boca; concorrencia com apps e cursos online.","Vi a Professor Carlos Leal - Inglês Particular bem avaliada em Volta Redonda (nota 5.0). Trabalhamos com escolas de idiomas que triplicaram a captacao de alunos com estrategia digital focada - acho que faz sentido para voces.","Empresa: Professor Carlos Leal - Inglês Particular | Local: Volta Redonda | Nota Google: 5.0 (28 avaliacoes) | Categorias: Aulas particulares | DICA SDR: Escola de idiomas tem estrutura compacta - o dono geralmente esta no local. Pergunte pelo diretor ou proprietario. Destaque captacao de alunos via Google e redes sociais como diferencial competitivo."
"DEFA Curso de Alemão","NUC x DEFA Curso de Alemão","+55 24 99957-9830","https://www.google.com/search?q=DEFA+Curso+de+Alem%C3%A3o+Resende+instagram","Educacao - Idiomas","Prospeccao Ativa","Resende","Turmas com vagas ociosas; dificuldade em captar alunos novos fora do boca a boca; concorrencia com apps e cursos online.","A DEFA Curso de Alemão tem uma presenca interessante em Resende com 21 avaliacoes. Escolas de idiomas que investem em marketing digital conseguem preencher turmas antes mesmo de abrir inscricoes - queria apresentar como fazemos isso.","Empresa: DEFA Curso de Alemão | Local: Resende | Nota Google: 5.0 (21 avaliacoes) | Categorias: Escola de idiomas | DICA SDR: Escola de idiomas tem estrutura compacta - o dono geralmente esta no local. Pergunte pelo diretor ou proprietario. Destaque captacao de alunos via Google e redes sociais como diferencial competitivo."
"Speekrs Languages","NUC x Speekrs Languages","+55 24 98836-4452","https://www.instagram.com/speekrs.languages/","Educacao - Idiomas","Prospeccao Ativa","Volta Redonda","Turmas com vagas ociosas; dificuldade em captar alunos novos fora do boca a boca; concorrencia com apps e cursos online.","Pesquisando escolas de idiomas na regiao, a Speekrs Languages chamou atencao. O mercado de idiomas em Volta Redonda tem demanda crescente e uma boa estrategia digital pode colocar voces na frente da concorrencia local.","Empresa: Speekrs Languages | Local: Volta Redonda | Nota Google: 5.0 (19 avaliacoes) | Categorias: Centro Educacional | DICA SDR: Escola de idiomas tem estrutura compacta - o dono geralmente esta no local. Pergunte pelo diretor ou proprietario. Destaque captacao de alunos via Google e redes sociais como diferencial competitivo."
"Seu Inglês Nativo - Campos Elíseos - English Course","NUC x Seu Inglês Nativo - Campos Elíseos - English Course","+55 24 99852-6883","https://www.google.com/search?q=Seu+Ingl%C3%AAs+Nativo+-+Campos+El%C3%ADseos+-+English+Course+Resende+instagram","Educacao - Idiomas","Prospeccao Ativa","Resende","Turmas com vagas ociosas; dificuldade em captar alunos novos fora do boca a boca; concorrencia com apps e cursos online.","Vi a Seu Inglês Nativo - Campos Elíseos - English Course bem avaliada em Resende (nota 4.8). Trabalhamos com escolas de idiomas que triplicaram a captacao de alunos com estrategia digital focada - acho que faz sentido para voces.","Empresa: Seu Inglês Nativo - Campos Elíseos - English Course | Local: Resende | Nota Google: 4.8 (17 avaliacoes) | Categorias: Escola de inglês | DICA SDR: Escola de idiomas tem estrutura compacta - o dono geralmente esta no local. Pergunte pelo diretor ou proprietario. Destaque captacao de alunos via Google e redes sociais como diferencial competitivo."
"englishbycarine","NUC x englishbycarine","+55 24 99833-7315","https://www.google.com/search?q=englishbycarine+Resende+instagram","Educacao - Idiomas","Prospeccao Ativa","Resende","Turmas com vagas ociosas; dificuldade em captar alunos novos fora do boca a boca; concorrencia com apps e cursos online.","Pesquisando escolas de idiomas na regiao, a englishbycarine chamou atencao. O mercado de idiomas em Resende tem demanda crescente e uma boa estrategia digital pode colocar voces na frente da concorrencia local.","Empresa: englishbycarine | Local: Resende | Nota Google: 5.0 (15 avaliacoes) | Categorias: Escola de idiomas | DICA SDR: Escola de idiomas tem estrutura compacta - o dono geralmente esta no local. Pergunte pelo diretor ou proprietario. Destaque captacao de alunos via Google e redes sociais como diferencial competitivo."
"Great! English Conversation","NUC x Great! English Conversation","+55 24 98158-0071","https://www.google.com/search?q=Great%21+English+Conversation+Volta+Redonda+instagram","Educacao - Idiomas","Prospeccao Ativa","Volta Redonda","Turmas com vagas ociosas; dificuldade em captar alunos novos fora do boca a boca; concorrencia com apps e cursos online.","Vi a Great! English Conversation bem avaliada em Volta Redonda (nota 5.0). Trabalhamos com escolas de idiomas que triplicaram a captacao de alunos com estrategia digital focada - acho que faz sentido para voces.","Empresa: Great! English Conversation | Local: Volta Redonda | Nota Google: 5.0 (14 avaliacoes) | Categorias: Escola de inglês, Escola de idiomas | DICA SDR: Escola de idiomas tem estrutura compacta - o dono geralmente esta no local. Pergunte pelo diretor ou proprietario. Destaque captacao de alunos via Google e redes sociais como diferencial competitivo."
"High English Center","NUC x High English Center","+55 24 99213-7699","https://www.google.com/search?q=High+English+Center+Volta+Redonda+instagram","Educacao - Idiomas","Prospeccao Ativa","Volta Redonda","Turmas com vagas ociosas; dificuldade em captar alunos novos fora do boca a boca; concorrencia com apps e cursos online.","A High English Center tem uma presenca interessante em Volta Redonda com 13 avaliacoes. Escolas de idiomas que investem em marketing digital conseguem preencher turmas antes mesmo de abrir inscricoes - queria apresentar como fazemos isso.","Empresa: High English Center | Local: Volta Redonda | Nota Google: 5.0 (13 avaliacoes) | Categorias: Escola de inglês | DICA SDR: Escola de idiomas tem estrutura compacta - o dono geralmente esta no local. Pergunte pelo diretor ou proprietario. Destaque captacao de alunos via Google e redes sociais como diferencial competitivo."
"YES Retiro - Volta Redonda","NUC x YES Retiro - Volta Redonda","+55 24 99996-1085","https://www.google.com/search?q=YES+Retiro+-+Volta+Redonda+Volta+Redonda+instagram","Educacao - Idiomas","Prospeccao Ativa","Volta Redonda","Turmas com vagas ociosas; dificuldade em captar alunos novos fora do boca a boca; concorrencia com apps e cursos online.","A YES Retiro - Volta Redonda tem uma presenca interessante em Volta Redonda com 12 avaliacoes. Escolas de idiomas que investem em marketing digital conseguem preencher turmas antes mesmo de abrir inscricoes - queria apresentar como fazemos isso.","Empresa: YES Retiro - Volta Redonda | Local: Volta Redonda | Nota Google: 5.0 (12 avaliacoes) | Categorias: Escola de idiomas | DICA SDR: Escola de idiomas tem estrutura compacta - o dono geralmente esta no local. Pergunte pelo diretor ou proprietario. Destaque captacao de alunos via Google e redes sociais como diferencial competitivo."
"People Tech and English","NUC x People Tech and English","+55 17 3214-8699","https://www.google.com/search?q=People+Tech+and+English+Barra+Mansa+instagram","Educacao - Idiomas","Prospeccao Ativa","Barra Mansa","Turmas com vagas ociosas; dificuldade em captar alunos novos fora do boca a boca; concorrencia com apps e cursos online.","A People Tech and English tem uma presenca interessante em Barra Mansa com 9 avaliacoes. Escolas de idiomas que investem em marketing digital conseguem preencher turmas antes mesmo de abrir inscricoes - queria apresentar como fazemos isso.","Empresa: People Tech and English | Local: Barra Mansa | Nota Google: 5.0 (9 avaliacoes) | Categorias: Escola de idiomas | DICA SDR: Escola de idiomas tem estrutura compacta - o dono geralmente esta no local. Pergunte pelo diretor ou proprietario. Destaque captacao de alunos via Google e redes sociais como diferencial competitivo."
"Your Way Languages","NUC x Your Way Languages","+55 24 3321-2466","https://www.google.com/search?q=Your+Way+Languages+Resende+instagram","Educacao - Idiomas","Prospeccao Ativa","Resende","Turmas com vagas ociosas; dificuldade em captar alunos novos fora do boca a boca; concorrencia com apps e cursos online.","A Your Way Languages tem uma presenca interessante em Resende com 8 avaliacoes. Escolas de idiomas que investem em marketing digital conseguem preencher turmas antes mesmo de abrir inscricoes - queria apresentar como fazemos isso.","Empresa: Your Way Languages | Local: Resende | Nota Google: 5.0 (8 avaliacoes) | Categorias: Escola de inglês | DICA SDR: Escola de idiomas tem estrutura compacta - o dono geralmente esta no local. Pergunte pelo diretor ou proprietario. Destaque captacao de alunos via Google e redes sociais como diferencial competitivo."
"Yankee Language School - Barra Mansa","NUC x Yankee Language School - Barra Mansa","+55 24 99828-2981","https://instagram.com/yankeelanguageschool","Educacao - Idiomas","Prospeccao Ativa","Barra Mansa","Turmas com vagas ociosas; dificuldade em captar alunos novos fora do boca a boca; concorrencia com apps e cursos online.","Pesquisando escolas de idiomas na regiao, a Yankee Language School - Barra Mansa chamou atencao. O mercado de idiomas em Barra Mansa tem demanda crescente e uma boa estrategia digital pode colocar voces na frente da concorrencia local.","Empresa: Yankee Language School - Barra Mansa | Local: Barra Mansa | Nota Google: 5.0 (8 avaliacoes) | Categorias: Escola de idiomas | DICA SDR: Escola de idiomas tem estrutura compacta - o dono geralmente esta no local. Pergunte pelo diretor ou proprietario. Destaque captacao de alunos via Google e redes sociais como diferencial competitivo."
"Revolution School Barra Mansa","NUC x Revolution School Barra Mansa","+55 24 99825-7118","https://www.google.com/search?q=Revolution+School+Barra+Mansa+Barra+Mansa+instagram","Educacao - Idiomas","Prospeccao Ativa","Barra Mansa","Turmas com vagas ociosas; dificuldade em captar alunos novos fora do boca a boca; concorrencia com apps e cursos online.","Pesquisando escolas de idiomas na regiao, a Revolution School Barra Mansa chamou atencao. O mercado de idiomas em Barra Mansa tem demanda crescente e uma boa estrategia digital pode colocar voces na frente da concorrencia local.","Empresa: Revolution School Barra Mansa | Local: Barra Mansa | Nota Google: 5.0 (7 avaliacoes) | Categorias: Escola de inglês | DICA SDR: Escola de idiomas tem estrutura compacta - o dono geralmente esta no local. Pergunte pelo diretor ou proprietario. Destaque captacao de alunos via Google e redes sociais como diferencial competitivo."
"Carol Teaches You","NUC x Carol Teaches You","+55 92 98445-0352","https://www.google.com/search?q=Carol+Teaches+You+Barra+Mansa+instagram","Educacao - Idiomas","Prospeccao Ativa","Barra Mansa","Turmas com vagas ociosas; dificuldade em captar alunos novos fora do boca a boca; concorrencia com apps e cursos online.","A Carol Teaches You tem uma presenca interessante em Barra Mansa com 7 avaliacoes. Escolas de idiomas que investem em marketing digital conseguem preencher turmas antes mesmo de abrir inscricoes - queria apresentar como fazemos isso.","Empresa: Carol Teaches You | Local: Barra Mansa | Nota Google: 5.0 (7 avaliacoes) | Categorias: Escola de inglês | DICA SDR: Escola de idiomas tem estrutura compacta - o dono geralmente esta no local. Pergunte pelo diretor ou proprietario. Destaque captacao de alunos via Google e redes sociais como diferencial competitivo."
"Garfield Sabidinho","NUC x Garfield Sabidinho","+55 24 3326-6787","https://www.google.com/search?q=Garfield+Sabidinho+Barra+Mansa+instagram","Educacao - Idiomas","Prospeccao Ativa","Barra Mansa","Turmas com vagas ociosas; dificuldade em captar alunos novos fora do boca a boca; concorrencia com apps e cursos online.","A Garfield Sabidinho tem uma presenca interessante em Barra Mansa com 6 avaliacoes. Escolas de idiomas que investem em marketing digital conseguem preencher turmas antes mesmo de abrir inscricoes - queria apresentar como fazemos isso.","Empresa: Garfield Sabidinho | Local: Barra Mansa | Nota Google: 5.0 (6 avaliacoes) | Categorias: Centro Educacional | DICA SDR: Escola de idiomas tem estrutura compacta - o dono geralmente esta no local. Pergunte pelo diretor ou proprietario. Destaque captacao de alunos via Google e redes sociais como diferencial competitivo."
"Inglês para crianças","NUC x Inglês para crianças","+55 24 99299-0767","https://www.google.com/search?q=Ingl%C3%AAs+para+crian%C3%A7as+Volta+Redonda+instagram","Educacao - Idiomas","Prospeccao Ativa","Volta Redonda","Turmas com vagas ociosas; dificuldade em captar alunos novos fora do boca a boca; concorrencia com apps e cursos online.","Vi a Inglês para crianças bem avaliada em Volta Redonda (nota 5.0). Trabalhamos com escolas de idiomas que triplicaram a captacao de alunos com estrategia digital focada - acho que faz sentido para voces.","Empresa: Inglês para crianças | Local: Volta Redonda | Nota Google: 5.0 (6 avaliacoes) | Categorias: Escola de inglês | DICA SDR: Escola de idiomas tem estrutura compacta - o dono geralmente esta no local. Pergunte pelo diretor ou proprietario. Destaque captacao de alunos via Google e redes sociais como diferencial competitivo."
"YES! Vila Santa Cecília - Volta Redonda","NUC x YES! Vila Santa Cecília - Volta Redonda","+55 24 3512-3050","https://www.google.com/search?q=YES%21+Vila+Santa+Cec%C3%ADlia+-+Volta+Redonda+Volta+Redonda+instagram","Educacao - Idiomas","Prospeccao Ativa","Volta Redonda","Turmas com vagas ociosas; dificuldade em captar alunos novos fora do boca a boca; concorrencia com apps e cursos online.","A YES! Vila Santa Cecília - Volta Redonda tem uma presenca interessante em Volta Redonda com 5 avaliacoes. Escolas de idiomas que investem em marketing digital conseguem preencher turmas antes mesmo de abrir inscricoes - queria apresentar como fazemos isso.","Empresa: YES! Vila Santa Cecília - Volta Redonda | Local: Volta Redonda | Nota Google: 5.0 (5 avaliacoes) | Categorias: Escola de idiomas | DICA SDR: Escola de idiomas tem estrutura compacta - o dono geralmente esta no local. Pergunte pelo diretor ou proprietario. Destaque captacao de alunos via Google e redes sociais como diferencial competitivo."
"My Kids","NUC x My Kids","+55 24 99828-4112","https://www.instagram.com/mykidsbm/","Educacao - Idiomas","Prospeccao Ativa","Barra Mansa","Turmas com vagas ociosas; dificuldade em captar alunos novos fora do boca a boca; concorrencia com apps e cursos online.","Pesquisando escolas de idiomas na regiao, a My Kids chamou atencao. O mercado de idiomas em Barra Mansa tem demanda crescente e uma boa estrategia digital pode colocar voces na frente da concorrencia local.","Empresa: My Kids | Local: Barra Mansa | Nota Google: 5.0 (5 avaliacoes) | Categorias: Escola de inglês | DICA SDR: Escola de idiomas tem estrutura compacta - o dono geralmente esta no local. Pergunte pelo diretor ou proprietario. Destaque captacao de alunos via Google e redes sociais como diferencial competitivo."
"Contazen Assessoria Contábil Digital","NUC x Contazen Assessoria Contábil Digital","+55 24 99907-7845","https://www.google.com/search?q=Contazen+Assessoria+Cont%C3%A1bil+Digital+Volta+Redonda+instagram","Servicos - Contabilidade","Prospeccao Ativa","Volta Redonda","Carteira de clientes estagnada; atrai empresas de ticket baixo; dificuldade em se diferenciar dos concorrentes na regiao.","Pesquisando escritorios em Volta Redonda, a Contazen Assessoria Contábil Digital se destacou. Contabilidades que estruturam marketing digital atraem empresas maiores e reduzem dependencia de indicacao - faz sentido conversar sobre isso.","Empresa: Contazen Assessoria Contábil Digital | Local: Volta Redonda | Nota Google: 5.0 (127 avaliacoes) | Categorias: Escritório de contabilidade | DICA SDR: Escritorio de contabilidade tem equipe pequena - o contador principal costuma estar acessivel. Fale em captacao de clientes empresariais de maior porte e posicionamento como referencia na regiao."
"Contabilidade Real","NUC x Contabilidade Real","+55 24 3345-4445","https://www.google.com/search?q=Contabilidade+Real+Volta+Redonda+instagram","Servicos - Contabilidade","Prospeccao Ativa","Volta Redonda","Carteira de clientes estagnada; atrai empresas de ticket baixo; dificuldade em se diferenciar dos concorrentes na regiao.","A Contabilidade Real tem 120 avaliacoes no Google em Volta Redonda. Escritorios de contabilidade que investem em presenca digital conquistam clientes empresariais de maior ticket - queria apresentar como.","Empresa: Contabilidade Real | Local: Volta Redonda | Nota Google: 5.0 (120 avaliacoes) | Categorias: Escritório de contabilidade, Assessoria contábil, Consultoria, Assessoria de recursos humanos, Declaração de impostos | DICA SDR: Escritorio de contabilidade tem equipe pequena - o contador principal costuma estar acessivel. Fale em captacao de clientes empresariais de maior porte e posicionamento como referencia na regiao."
"NZD Contabilidade Ltda","NUC x NZD Contabilidade Ltda","+55 24 3026-5648","https://www.google.com/search?q=NZD+Contabilidade+Ltda+Volta+Redonda+instagram","Servicos - Contabilidade","Prospeccao Ativa","Volta Redonda","Carteira de clientes estagnada; atrai empresas de ticket baixo; dificuldade em se diferenciar dos concorrentes na regiao.","A NZD Contabilidade Ltda tem 111 avaliacoes no Google em Volta Redonda. Escritorios de contabilidade que investem em presenca digital conquistam clientes empresariais de maior ticket - queria apresentar como.","Empresa: NZD Contabilidade Ltda | Local: Volta Redonda | Nota Google: 5.0 (111 avaliacoes) | Categorias: Escritório de contabilidade | DICA SDR: Escritorio de contabilidade tem equipe pequena - o contador principal costuma estar acessivel. Fale em captacao de clientes empresariais de maior porte e posicionamento como referencia na regiao."
"Elo Contabilidade e Consultoria Empresarial","NUC x Elo Contabilidade e Consultoria Empresarial","+55 24 3350-2412","https://www.google.com/search?q=Elo+Contabilidade+e+Consultoria+Empresarial+Volta+Redonda+instagram","Servicos - Contabilidade","Prospeccao Ativa","Volta Redonda","Carteira de clientes estagnada; atrai empresas de ticket baixo; dificuldade em se diferenciar dos concorrentes na regiao.","A Elo Contabilidade e Consultoria Empresarial tem 91 avaliacoes no Google em Volta Redonda. Escritorios de contabilidade que investem em presenca digital conquistam clientes empresariais de maior ticket - queria apresentar como.","Empresa: Elo Contabilidade e Consultoria Empresarial | Local: Volta Redonda | Nota Google: 5.0 (91 avaliacoes) | Categorias: Escritório de contabilidade, Serviço de escrituração contábil, Consultoria empresarial, Escritório de impostos municipais, Departamento Fiscal | DICA SDR: Escritorio de contabilidade tem equipe pequena - o contador principal costuma estar acessivel. Fale em captacao de clientes empresariais de maior porte e posicionamento como referencia na regiao."
"Rede Contábil Digital","NUC x Rede Contábil Digital","+55 24 98143-3131","https://www.google.com/search?q=Rede+Cont%C3%A1bil+Digital+Volta+Redonda+instagram","Servicos - Contabilidade","Prospeccao Ativa","Volta Redonda","Carteira de clientes estagnada; atrai empresas de ticket baixo; dificuldade em se diferenciar dos concorrentes na regiao.","Pesquisando escritorios em Volta Redonda, a Rede Contábil Digital se destacou. Contabilidades que estruturam marketing digital atraem empresas maiores e reduzem dependencia de indicacao - faz sentido conversar sobre isso.","Empresa: Rede Contábil Digital | Local: Volta Redonda | Nota Google: 5.0 (70 avaliacoes) | Categorias: Assessoria contábil, Serviço de escrituração contábil, Declaração de impostos | DICA SDR: Escritorio de contabilidade tem equipe pequena - o contador principal costuma estar acessivel. Fale em captacao de clientes empresariais de maior porte e posicionamento como referencia na regiao."
"Guedes Contabilidade","NUC x Guedes Contabilidade","+55 24 3323-4279","https://www.google.com/search?q=Guedes+Contabilidade+Barra+Mansa+instagram","Servicos - Contabilidade","Prospeccao Ativa","Barra Mansa","Carteira de clientes estagnada; atrai empresas de ticket baixo; dificuldade em se diferenciar dos concorrentes na regiao.","Pesquisando escritorios em Barra Mansa, a Guedes Contabilidade se destacou. Contabilidades que estruturam marketing digital atraem empresas maiores e reduzem dependencia de indicacao - faz sentido conversar sobre isso.","Empresa: Guedes Contabilidade | Local: Barra Mansa | Nota Google: 5.0 (68 avaliacoes) | Categorias: Assessoria contábil, Escritório de contabilidade, Perito em contabilidade, Serviço de contabilidade de custos, Associação de assistência para imposto de renda, Assessor fiscal, Declaração de impostos, Serviço de declaração de impostos | DICA SDR: Escritorio de contabilidade tem equipe pequena - o contador principal costuma estar acessivel. Fale em captacao de clientes empresariais de maior porte e posicionamento como referencia na regiao."
"Life Contábil","NUC x Life Contábil","+55 24 99281-3341","https://www.google.com/search?q=Life+Cont%C3%A1bil+Volta+Redonda+instagram","Servicos - Contabilidade","Prospeccao Ativa","Volta Redonda","Carteira de clientes estagnada; atrai empresas de ticket baixo; dificuldade em se diferenciar dos concorrentes na regiao.","A Life Contábil tem 57 avaliacoes no Google em Volta Redonda. Escritorios de contabilidade que investem em presenca digital conquistam clientes empresariais de maior ticket - queria apresentar como.","Empresa: Life Contábil | Local: Volta Redonda | Nota Google: 5.0 (57 avaliacoes) | Categorias: Assessoria contábil | DICA SDR: Escritorio de contabilidade tem equipe pequena - o contador principal costuma estar acessivel. Fale em captacao de clientes empresariais de maior porte e posicionamento como referencia na regiao."
"Delano Furtado - Advocacia e Consultoria Jurídica","NUC x Delano Furtado - Advocacia e Consultoria Jurídica","+55 24 99922-5628","https://www.google.com/search?q=Delano+Furtado+-+Advocacia+e+Consultoria+Jur%C3%ADdica+Volta+Redonda+instagram","Servicos - Advocacia","Prospeccao Ativa","Volta Redonda","Depende de indicacao para novos clientes; dificuldade em se posicionar como especialista na regiao; pouca presenca digital.","Vi a Delano Furtado - Advocacia e Consultoria Jurídica bem avaliada em Volta Redonda. O marketing juridico digital esta crescendo e escritorios que se posicionam agora saem na frente - queria mostrar como fazemos isso.","Empresa: Delano Furtado - Advocacia e Consultoria Jurídica | Local: Volta Redonda | Nota Google: 5.0 (365 avaliacoes) | Categorias: Advogado, Advogado(a) civil, Centro de defesa do consumidor, Advogado especialista em divórcios, Advogado trabalhista, Advogado de Direito de Família, Serviços jurídicos, Advogado previdenciário, Advogado processual | DICA SDR: Escritorio de advocacia tem estrutura compacta - o advogado titular costuma estar presente. Aborde com linguagem profissional, fale em marketing juridico digital e captacao de clientes qualificados."
"Diego Bruno Advocacia","NUC x Diego Bruno Advocacia","+55 24 98119-2869","https://www.google.com/search?q=Diego+Bruno+Advocacia+Barra+Mansa+instagram","Servicos - Advocacia","Prospeccao Ativa","Barra Mansa","Depende de indicacao para novos clientes; dificuldade em se posicionar como especialista na regiao; pouca presenca digital.","A Diego Bruno Advocacia tem presenca no Google em Barra Mansa com 346 avaliacoes. Escritorios de advocacia que investem em posicionamento digital atraem clientes qualificados sem depender so de indicacao.","Empresa: Diego Bruno Advocacia | Local: Barra Mansa | Nota Google: 5.0 (346 avaliacoes) | Categorias: Advogado previdenciário, Advogado trabalhista | DICA SDR: Escritorio de advocacia tem estrutura compacta - o advogado titular costuma estar presente. Aborde com linguagem profissional, fale em marketing juridico digital e captacao de clientes qualificados."
"Hércules Anton Advogados","NUC x Hércules Anton Advogados","+55 24 99974-3060","https://www.google.com/search?q=H%C3%A9rcules+Anton+Advogados+Barra+Mansa+instagram","Servicos - Advocacia","Prospeccao Ativa","Barra Mansa","Depende de indicacao para novos clientes; dificuldade em se posicionar como especialista na regiao; pouca presenca digital.","Vi a Hércules Anton Advogados bem avaliada em Barra Mansa. O marketing juridico digital esta crescendo e escritorios que se posicionam agora saem na frente - queria mostrar como fazemos isso.","Empresa: Hércules Anton Advogados | Local: Barra Mansa | Nota Google: 4.6 (261 avaliacoes) | Categorias: Advogado, Serviços jurídicos | DICA SDR: Escritorio de advocacia tem estrutura compacta - o advogado titular costuma estar presente. Aborde com linguagem profissional, fale em marketing juridico digital e captacao de clientes qualificados."
"Gomes&Coelho - Advogados","NUC x Gomes&Coelho - Advogados","+55 24 98104-7799","https://www.google.com/search?q=Gomes%26Coelho+-+Advogados+Barra+Mansa+instagram","Servicos - Advocacia","Prospeccao Ativa","Barra Mansa","Depende de indicacao para novos clientes; dificuldade em se posicionar como especialista na regiao; pouca presenca digital.","Vi a Gomes&Coelho - Advogados bem avaliada em Barra Mansa. O marketing juridico digital esta crescendo e escritorios que se posicionam agora saem na frente - queria mostrar como fazemos isso.","Empresa: Gomes&Coelho - Advogados | Local: Barra Mansa | Nota Google: 5.0 (202 avaliacoes) | Categorias: Advogado previdenciário | DICA SDR: Escritorio de advocacia tem estrutura compacta - o advogado titular costuma estar presente. Aborde com linguagem profissional, fale em marketing juridico digital e captacao de clientes qualificados."
"Moraes & Silva Advogados Associados","NUC x Moraes & Silva Advogados Associados","+55 24 3348-8441","https://www.google.com/search?q=Moraes+%26+Silva+Advogados+Associados+Volta+Redonda+instagram","Servicos - Advocacia","Prospeccao Ativa","Volta Redonda","Depende de indicacao para novos clientes; dificuldade em se posicionar como especialista na regiao; pouca presenca digital.","Vi a Moraes & Silva Advogados Associados bem avaliada em Volta Redonda. O marketing juridico digital esta crescendo e escritorios que se posicionam agora saem na frente - queria mostrar como fazemos isso.","Empresa: Moraes & Silva Advogados Associados | Local: Volta Redonda | Nota Google: 5.0 (160 avaliacoes) | Categorias: Serviços jurídicos, Advogado | DICA SDR: Escritorio de advocacia tem estrutura compacta - o advogado titular costuma estar presente. Aborde com linguagem profissional, fale em marketing juridico digital e captacao de clientes qualificados."
"Lesliê Vieira - Advocacia e Consultoria","NUC x Lesliê Vieira - Advocacia e Consultoria","+55 24 3347-3827","https://www.google.com/search?q=Lesli%C3%AA+Vieira+-+Advocacia+e+Consultoria+Volta+Redonda+instagram","Servicos - Advocacia","Prospeccao Ativa","Volta Redonda","Depende de indicacao para novos clientes; dificuldade em se posicionar como especialista na regiao; pouca presenca digital.","A Lesliê Vieira - Advocacia e Consultoria tem presenca no Google em Volta Redonda com 150 avaliacoes. Escritorios de advocacia que investem em posicionamento digital atraem clientes qualificados sem depender so de indicacao.","Empresa: Lesliê Vieira - Advocacia e Consultoria | Local: Volta Redonda | Nota Google: 4.9 (150 avaliacoes) | Categorias: Advogado, Advogado contencioso, Advogado(a) civil, Advogado criminal, Advogado trabalhista, Advogado de Direito de Família, Advogado imobiliário, Advogado previdenciário, Advogado processual | DICA SDR: Escritorio de advocacia tem estrutura compacta - o advogado titular costuma estar presente. Aborde com linguagem profissional, fale em marketing juridico digital e captacao de clientes qualificados."
"Clínica Ser Instituto de Psicologia e Desenvolvimento","NUC x Clínica Ser Instituto de Psicologia e Desenvolvimento","+55 24 99975-7943","https://www.instagram.com/serinstitutopd/","Saude - Psicologia","Prospeccao Ativa","Volta Redonda","Agenda com horarios vagos; depende muito de indicacao para novos pacientes; pouca visibilidade online em relacao a concorrentes.","Vi que a Clínica Ser Instituto de Psicologia e Desenvolvimento esta bem posicionada em Volta Redonda. Muitos consultorios de psicologia perdem pacientes para concorrentes com melhor presenca online - queria mostrar como resolver isso.","Empresa: Clínica Ser Instituto de Psicologia e Desenvolvimento | Local: Volta Redonda | Nota Google: 5.0 (78 avaliacoes) | Categorias: Psicólogo, Nutricionista, Psiquiatra, Clínica de psicopedagogia | DICA SDR: Consultorio de psicologia e estrutura muito enxuta - o proprietario costuma atender na sala ao lado. Aborde com sensibilidade, fale em visibilidade profissional e captacao de pacientes qualificados."
"Psicóloga em Volta Redonda | Beatriz Cândido Nogueira","NUC x Psicóloga em Volta Redonda | Beatriz Cândido Nogueira","+55 24 99950-7551","https://www.google.com/search?q=Psic%C3%B3loga+em+Volta+Redonda+%7C+Beatriz+C%C3%A2ndido+Nogueira+Volta+Redonda+instagram","Saude - Psicologia","Prospeccao Ativa","Volta Redonda","Agenda com horarios vagos; depende muito de indicacao para novos pacientes; pouca visibilidade online em relacao a concorrentes.","Vi que a Psicóloga em Volta Redonda | Beatriz Cândido Nogueira esta bem posicionada em Volta Redonda. Muitos consultorios de psicologia perdem pacientes para concorrentes com melhor presenca online - queria mostrar como resolver isso.","Empresa: Psicóloga em Volta Redonda | Beatriz Cândido Nogueira | Local: Volta Redonda | Nota Google: 5.0 (63 avaliacoes) | Categorias: Psicólogo, Psicólogo infantil, Psicanalista | DICA SDR: Consultorio de psicologia e estrutura muito enxuta - o proprietario costuma atender na sala ao lado. Aborde com sensibilidade, fale em visibilidade profissional e captacao de pacientes qualificados."
"Psicólogo Matheus Duarte | Aplicador ABA | Psicologia Analítica | Barra Mansa - RJ","NUC x Psicólogo Matheus Duarte | Aplicador ABA | Psicologia Analítica | Barra Mansa - RJ","+55 24 99315-0766","https://www.google.com/search?q=Psic%C3%B3logo+Matheus+Duarte+%7C+Aplicador+ABA+%7C+Psicologia+Anal%C3%ADtica+%7C+Barra+Mansa+-+RJ+Barra+Mansa+instagram","Saude - Psicologia","Prospeccao Ativa","Barra Mansa","Agenda com horarios vagos; depende muito de indicacao para novos pacientes; pouca visibilidade online em relacao a concorrentes.","A Psicólogo Matheus Duarte | Aplicador ABA | Psicologia Analítica | Barra Mansa - RJ tem 54 avaliacoes em Barra Mansa - isso mostra confianca dos pacientes. Clinicas de psicologia que estruturam presenca digital atraem pacientes mais qualificados e reduzem dependencia de indicacao.","Empresa: Psicólogo Matheus Duarte | Aplicador ABA | Psicologia Analítica | Barra Mansa - RJ | Local: Barra Mansa | Nota Google: 5.0 (54 avaliacoes) | Categorias: Psicólogo | DICA SDR: Consultorio de psicologia e estrutura muito enxuta - o proprietario costuma atender na sala ao lado. Aborde com sensibilidade, fale em visibilidade profissional e captacao de pacientes qualificados."
"Psicóloga Nathália Seixas","NUC x Psicóloga Nathália Seixas","+55 24 99998-2894","https://www.google.com/search?q=Psic%C3%B3loga+Nath%C3%A1lia+Seixas+Barra+Mansa+instagram","Saude - Psicologia","Prospeccao Ativa","Barra Mansa","Agenda com horarios vagos; depende muito de indicacao para novos pacientes; pouca visibilidade online em relacao a concorrentes.","Vi que a Psicóloga Nathália Seixas esta bem posicionada em Barra Mansa. Muitos consultorios de psicologia perdem pacientes para concorrentes com melhor presenca online - queria mostrar como resolver isso.","Empresa: Psicóloga Nathália Seixas | Local: Barra Mansa | Nota Google: 5.0 (54 avaliacoes) | Categorias: Psicólogo | DICA SDR: Consultorio de psicologia e estrutura muito enxuta - o proprietario costuma atender na sala ao lado. Aborde com sensibilidade, fale em visibilidade profissional e captacao de pacientes qualificados."
"Psicólogo Ramon Saldanha - Volta Redonda","NUC x Psicólogo Ramon Saldanha - Volta Redonda","+55 24 99909-4112","https://www.instagram.com/psi.ramonsaldanha/","Saude - Psicologia","Prospeccao Ativa","Volta Redonda","Agenda com horarios vagos; depende muito de indicacao para novos pacientes; pouca visibilidade online em relacao a concorrentes.","Vi que a Psicólogo Ramon Saldanha - Volta Redonda esta bem posicionada em Volta Redonda. Muitos consultorios de psicologia perdem pacientes para concorrentes com melhor presenca online - queria mostrar como resolver isso.","Empresa: Psicólogo Ramon Saldanha - Volta Redonda | Local: Volta Redonda | Nota Google: 5.0 (47 avaliacoes) | Categorias: Psicólogo, Terapeuta de casal, Terapeuta | DICA SDR: Consultorio de psicologia e estrutura muito enxuta - o proprietario costuma atender na sala ao lado. Aborde com sensibilidade, fale em visibilidade profissional e captacao de pacientes qualificados."
"Sérgio Paulo Vianna Cintra - Psicólogo em Volta Redonda","NUC x Sérgio Paulo Vianna Cintra - Psicólogo em Volta Redonda","+55 24 98808-3972","https://www.google.com/search?q=S%C3%A9rgio+Paulo+Vianna+Cintra+-+Psic%C3%B3logo+em+Volta+Redonda+Volta+Redonda+instagram","Saude - Psicologia","Prospeccao Ativa","Volta Redonda","Agenda com horarios vagos; depende muito de indicacao para novos pacientes; pouca visibilidade online em relacao a concorrentes.","A Sérgio Paulo Vianna Cintra - Psicólogo em Volta Redonda tem 45 avaliacoes em Volta Redonda - isso mostra confianca dos pacientes. Clinicas de psicologia que estruturam presenca digital atraem pacientes mais qualificados e reduzem dependencia de indicacao.","Empresa: Sérgio Paulo Vianna Cintra - Psicólogo em Volta Redonda | Local: Volta Redonda | Nota Google: 4.9 (45 avaliacoes) | Categorias: Psicólogo | DICA SDR: Consultorio de psicologia e estrutura muito enxuta - o proprietario costuma atender na sala ao lado. Aborde com sensibilidade, fale em visibilidade profissional e captacao de pacientes qualificados."
"Psicóloga Amanda Brum - Psiquê Psicologia Clínica","NUC x Psicóloga Amanda Brum - Psiquê Psicologia Clínica","+55 24 99995-5944","https://www.google.com/search?q=Psic%C3%B3loga+Amanda+Brum+-+Psiqu%C3%AA+Psicologia+Cl%C3%ADnica+Volta+Redonda+instagram","Saude - Psicologia","Prospeccao Ativa","Volta Redonda","Agenda com horarios vagos; depende muito de indicacao para novos pacientes; pouca visibilidade online em relacao a concorrentes.","A Psicóloga Amanda Brum - Psiquê Psicologia Clínica tem 35 avaliacoes em Volta Redonda - isso mostra confianca dos pacientes. Clinicas de psicologia que estruturam presenca digital atraem pacientes mais qualificados e reduzem dependencia de indicacao.","Empresa: Psicóloga Amanda Brum - Psiquê Psicologia Clínica | Local: Volta Redonda | Nota Google: 5.0 (35 avaliacoes) | Categorias: Psicólogo, Psicólogo infantil, Psicoterapeuta infantil, Clínica de saúde mental, Serviço de saúde mental, Psicanalista | DICA SDR: Consultorio de psicologia e estrutura muito enxuta - o proprietario costuma atender na sala ao lado. Aborde com sensibilidade, fale em visibilidade profissional e captacao de pacientes qualificados."
"Ótica Sider Premium - 33 - Vila","NUC x Ótica Sider Premium - 33 - Vila","+55 24 3212-1746","https://www.google.com/search?q=%C3%93tica+Sider+Premium+-+33+-+Vila+Volta+Redonda+instagram","Comercio - Optica","Prospeccao Ativa","Volta Redonda","Concorrencia com grandes redes; dificuldade em fidelizar clientes locais; vendas dependem de fluxo de loja fisica.","A Ótica Sider Premium - 33 - Vila tem 304 avaliacoes em Volta Redonda. Opticas locais que investem em marketing digital conseguem competir com grandes redes e fidelizar clientes da regiao - queria apresentar como.","Empresa: Ótica Sider Premium - 33 - Vila | Local: Volta Redonda | Nota Google: 5.0 (304 avaliacoes) | Categorias: Ótica | DICA SDR: Optica local geralmente tem o dono presente no balcao ou no escritorio dos fundos. Fale em competir com grandes redes usando presenca digital e fidelizacao de clientes da regiao."
"Ótica Boa Vista","NUC x Ótica Boa Vista","+55 24 99833-9393","https://www.google.com/search?q=%C3%93tica+Boa+Vista+Volta+Redonda+instagram","Comercio - Optica","Prospeccao Ativa","Volta Redonda","Concorrencia com grandes redes; dificuldade em fidelizar clientes locais; vendas dependem de fluxo de loja fisica.","A Ótica Boa Vista tem 235 avaliacoes em Volta Redonda. Opticas locais que investem em marketing digital conseguem competir com grandes redes e fidelizar clientes da regiao - queria apresentar como.","Empresa: Ótica Boa Vista | Local: Volta Redonda | Nota Google: 5.0 (235 avaliacoes) | Categorias: Ótica | DICA SDR: Optica local geralmente tem o dono presente no balcao ou no escritorio dos fundos. Fale em competir com grandes redes usando presenca digital e fidelizacao de clientes da regiao."
"Ótica Mercadão dos Óculos Volta Redonda","NUC x Ótica Mercadão dos Óculos Volta Redonda","+55 24 99987-9428","https://www.google.com/search?q=%C3%93tica+Mercad%C3%A3o+dos+%C3%93culos+Volta+Redonda+Volta+Redonda+instagram","Comercio - Optica","Prospeccao Ativa","Volta Redonda","Concorrencia com grandes redes; dificuldade em fidelizar clientes locais; vendas dependem de fluxo de loja fisica.","A Ótica Mercadão dos Óculos Volta Redonda tem 113 avaliacoes em Volta Redonda. Opticas locais que investem em marketing digital conseguem competir com grandes redes e fidelizar clientes da regiao - queria apresentar como.","Empresa: Ótica Mercadão dos Óculos Volta Redonda | Local: Volta Redonda | Nota Google: 4.9 (113 avaliacoes) | Categorias: Ótica | DICA SDR: Optica local geralmente tem o dono presente no balcao ou no escritorio dos fundos. Fale em competir com grandes redes usando presenca digital e fidelizacao de clientes da regiao."
"Ótica da Hora","NUC x Ótica da Hora","+55 24 99962-9234","https://www.google.com/search?q=%C3%93tica+da+Hora+Barra+Mansa+instagram","Comercio - Optica","Prospeccao Ativa","Barra Mansa","Concorrencia com grandes redes; dificuldade em fidelizar clientes locais; vendas dependem de fluxo de loja fisica.","Vi a Ótica da Hora no Google Maps de Barra Mansa. Opticas com boa reputacao online multiplicam vendas quando estruturam presenca digital - acho que faz sentido para voces.","Empresa: Ótica da Hora | Local: Barra Mansa | Nota Google: 5.0 (89 avaliacoes) | Categorias: Ótica, Fornecedor de lentes de contato, Ourives, Relojoaria | DICA SDR: Optica local geralmente tem o dono presente no balcao ou no escritorio dos fundos. Fale em competir com grandes redes usando presenca digital e fidelizacao de clientes da regiao."
"Óticas Luvi Volta Redonda","NUC x Óticas Luvi Volta Redonda","+55 24 98857-7466","https://www.google.com/search?q=%C3%93ticas+Luvi+Volta+Redonda+Volta+Redonda+instagram","Comercio - Optica","Prospeccao Ativa","Volta Redonda","Concorrencia com grandes redes; dificuldade em fidelizar clientes locais; vendas dependem de fluxo de loja fisica.","Vi a Óticas Luvi Volta Redonda no Google Maps de Volta Redonda. Opticas com boa reputacao online multiplicam vendas quando estruturam presenca digital - acho que faz sentido para voces.","Empresa: Óticas Luvi Volta Redonda | Local: Volta Redonda | Nota Google: 4.8 (89 avaliacoes) | Categorias: Ótica | DICA SDR: Optica local geralmente tem o dono presente no balcao ou no escritorio dos fundos. Fale em competir com grandes redes usando presenca digital e fidelizacao de clientes da regiao."
"Autoescola São José","NUC x Autoescola São José","+55 24 3323-1409","https://www.google.com/search?q=Autoescola+S%C3%A3o+Jos%C3%A9+Barra+Mansa+instagram","Educacao - Autoescola","Prospeccao Ativa","Barra Mansa","Turmas com vagas ociosas; alunos escolhem pelo preco, nao pela qualidade; dificuldade em se diferenciar das concorrentes.","Pesquisando autoescolas em Barra Mansa, a Autoescola São José chamou atencao. O aluno de hoje pesquisa no Google antes de escolher - queria mostrar como colocar voces em primeiro nessa busca.","Empresa: Autoescola São José | Local: Barra Mansa | Nota Google: 4.9 (406 avaliacoes) | Categorias: Autoescola | DICA SDR: Autoescola tem estrutura administrativa enxuta - o dono geralmente esta na secretaria. Fale em lotar turmas com captacao digital e reduzir custo por aluno."
"AUTO ESCOLA DIRIJA","NUC x AUTO ESCOLA DIRIJA","+55 24 3341-2381","https://www.google.com/search?q=AUTO+ESCOLA+DIRIJA+Volta+Redonda+instagram","Educacao - Autoescola","Prospeccao Ativa","Volta Redonda","Turmas com vagas ociosas; alunos escolhem pelo preco, nao pela qualidade; dificuldade em se diferenciar das concorrentes.","A AUTO ESCOLA DIRIJA tem 338 avaliacoes em Volta Redonda. Autoescolas que investem em marketing digital preenchem turmas mais rapido e reduzem custo de aquisicao por aluno - queria mostrar como funciona.","Empresa: AUTO ESCOLA DIRIJA | Local: Volta Redonda | Nota Google: 4.9 (338 avaliacoes) | Categorias: Autoescola | DICA SDR: Autoescola tem estrutura administrativa enxuta - o dono geralmente esta na secretaria. Fale em lotar turmas com captacao digital e reduzir custo por aluno."
"Auto Escola Cobrinha Centro de Formação de Condutores","NUC x Auto Escola Cobrinha Centro de Formação de Condutores","+55 24 3337-5700","https://www.google.com/search?q=Auto+Escola+Cobrinha+Centro+de+Forma%C3%A7%C3%A3o+de+Condutores+Volta+Redonda+instagram","Educacao - Autoescola","Prospeccao Ativa","Volta Redonda","Turmas com vagas ociosas; alunos escolhem pelo preco, nao pela qualidade; dificuldade em se diferenciar das concorrentes.","A Auto Escola Cobrinha Centro de Formação de Condutores tem 334 avaliacoes em Volta Redonda. Autoescolas que investem em marketing digital preenchem turmas mais rapido e reduzem custo de aquisicao por aluno - queria mostrar como funciona.","Empresa: Auto Escola Cobrinha Centro de Formação de Condutores | Local: Volta Redonda | Nota Google: 4.9 (334 avaliacoes) | Categorias: Autoescola, Auto moto escola | DICA SDR: Autoescola tem estrutura administrativa enxuta - o dono geralmente esta na secretaria. Fale em lotar turmas com captacao digital e reduzir custo por aluno."
"Autoescola Habilitar","NUC x Autoescola Habilitar","+55 24 99828-7545","https://www.google.com/search?q=Autoescola+Habilitar+Barra+Mansa+instagram","Educacao - Autoescola","Prospeccao Ativa","Barra Mansa","Turmas com vagas ociosas; alunos escolhem pelo preco, nao pela qualidade; dificuldade em se diferenciar das concorrentes.","A Autoescola Habilitar tem 327 avaliacoes em Barra Mansa. Autoescolas que investem em marketing digital preenchem turmas mais rapido e reduzem custo de aquisicao por aluno - queria mostrar como funciona.","Empresa: Autoescola Habilitar | Local: Barra Mansa | Nota Google: 5.0 (327 avaliacoes) | Categorias: Autoescola | DICA SDR: Autoescola tem estrutura administrativa enxuta - o dono geralmente esta na secretaria. Fale em lotar turmas com captacao digital e reduzir custo por aluno."
"Auto Escola Riviera Barra Mansa","NUC x Auto Escola Riviera Barra Mansa","+55 24 3323-1488","https://www.google.com/search?q=Auto+Escola+Riviera+Barra+Mansa+Barra+Mansa+instagram","Educacao - Autoescola","Prospeccao Ativa","Barra Mansa","Turmas com vagas ociosas; alunos escolhem pelo preco, nao pela qualidade; dificuldade em se diferenciar das concorrentes.","Pesquisando autoescolas em Barra Mansa, a Auto Escola Riviera Barra Mansa chamou atencao. O aluno de hoje pesquisa no Google antes de escolher - queria mostrar como colocar voces em primeiro nessa busca.","Empresa: Auto Escola Riviera Barra Mansa | Local: Barra Mansa | Nota Google: 4.7 (321 avaliacoes) | Categorias: Autoescola, Departamento de trânsito, Local do exame prático de direção, Auto moto escola | DICA SDR: Autoescola tem estrutura administrativa enxuta - o dono geralmente esta na secretaria. Fale em lotar turmas com captacao digital e reduzir custo por aluno."
"Bluevet - Atendimento Veterinario em Volta Redonda","NUC x Bluevet - Atendimento Veterinario em Volta Redonda","+55 24 98127-1723","https://www.google.com/search?q=Bluevet+-+Atendimento+Veterinario+em+Volta+Redonda+Volta+Redonda+instagram","Saude Animal - Veterinaria","Prospeccao Ativa","Volta Redonda","Concorrencia com pet shops que oferecem consultas baratas; dificuldade em fidelizar tutores; marketing boca a boca limitado.","A Bluevet - Atendimento Veterinario em Volta Redonda tem 1381 avaliacoes em Volta Redonda. Clinicas veterinarias que investem em marketing digital fidelizam tutores e atraem novos clientes da regiao toda - queria mostrar como.","Empresa: Bluevet - Atendimento Veterinario em Volta Redonda | Local: Volta Redonda | Nota Google: 4.9 (1381 avaliacoes) | Categorias: Veterinário, Serviço veterinário de emergência, Pet Shop, Farmácia veterinária | DICA SDR: Clinica veterinaria pequena/media tem o veterinario-dono acessivel. Fale em fidelizacao de tutores e captacao de novos clientes no mercado pet, que cresce forte."
"Clive Veterinária","NUC x Clive Veterinária","+55 24 3345-8403","https://www.google.com/search?q=Clive+Veterin%C3%A1ria+Volta+Redonda+instagram","Saude Animal - Veterinaria","Prospeccao Ativa","Volta Redonda","Concorrencia com pet shops que oferecem consultas baratas; dificuldade em fidelizar tutores; marketing boca a boca limitado.","A Clive Veterinária tem 648 avaliacoes em Volta Redonda. Clinicas veterinarias que investem em marketing digital fidelizam tutores e atraem novos clientes da regiao toda - queria mostrar como.","Empresa: Clive Veterinária | Local: Volta Redonda | Nota Google: 4.5 (648 avaliacoes) | Categorias: Veterinário | DICA SDR: Clinica veterinaria pequena/media tem o veterinario-dono acessivel. Fale em fidelizacao de tutores e captacao de novos clientes no mercado pet, que cresce forte."
"Clínica Veterinária 24 Horas | São Francisco","NUC x Clínica Veterinária 24 Horas | São Francisco","+55 24 3347-2218","https://www.google.com/search?q=Cl%C3%ADnica+Veterin%C3%A1ria+24+Horas+%7C+Sa%CC%83o+Francisco+Volta+Redonda+instagram","Saude Animal - Veterinaria","Prospeccao Ativa","Volta Redonda","Concorrencia com pet shops que oferecem consultas baratas; dificuldade em fidelizar tutores; marketing boca a boca limitado.","Vi a Clínica Veterinária 24 Horas | São Francisco bem avaliada em Volta Redonda. O mercado pet so cresce e clinicas com boa presenca digital captam muito mais clientes - faz sentido conversar sobre isso.","Empresa: Clínica Veterinária 24 Horas | São Francisco | Local: Volta Redonda | Nota Google: 4.5 (502 avaliacoes) | Categorias: Hospital Veterinário, Veterinário | DICA SDR: Clinica veterinaria pequena/media tem o veterinario-dono acessivel. Fale em fidelizacao de tutores e captacao de novos clientes no mercado pet, que cresce forte."
"Hospital Veterinário São Lázaro","NUC x Hospital Veterinário São Lázaro","+55 24 99880-7043","https://www.google.com/search?q=Hospital+Veterin%C3%A1rio+S%C3%A3o+L%C3%A1zaro+Volta+Redonda+instagram","Saude Animal - Veterinaria","Prospeccao Ativa","Volta Redonda","Concorrencia com pet shops que oferecem consultas baratas; dificuldade em fidelizar tutores; marketing boca a boca limitado.","Vi a Hospital Veterinário São Lázaro bem avaliada em Volta Redonda. O mercado pet so cresce e clinicas com boa presenca digital captam muito mais clientes - faz sentido conversar sobre isso.","Empresa: Hospital Veterinário São Lázaro | Local: Volta Redonda | Nota Google: 4.2 (398 avaliacoes) | Categorias: Hospital Veterinário | DICA SDR: Clinica veterinaria pequena/media tem o veterinario-dono acessivel. Fale em fidelizacao de tutores e captacao de novos clientes no mercado pet, que cresce forte."
"Studio de Pilates Clara Velasco","NUC x Studio de Pilates Clara Velasco","+55 24 99966-5614","https://www.instagram.com/pilatesclaravelasco?igsh=MTc3ZXo5NTdkZ3Z3Ng==","Saude - Pilates","Prospeccao Ativa","Volta Redonda","Agenda com horarios vagos; depende de indicacao; dificuldade em mostrar diferencial em relacao a academias tradicionais.","A Studio de Pilates Clara Velasco tem 30 avaliacoes em Volta Redonda. Estudios de pilates com presenca digital estruturada conseguem lotar a agenda sem depender so de indicacao - queria apresentar como.","Empresa: Studio de Pilates Clara Velasco | Local: Volta Redonda | Nota Google: 5.0 (30 avaliacoes) | Categorias: Estúdio de pilates | DICA SDR: Estudio de pilates e muito compacto - a dona/instrutor principal costuma estar no local. Aborde com foco em agenda lotada e captacao de alunos sem depender de indicacao."
"Movimento Cura Pilates Studio","NUC x Movimento Cura Pilates Studio","+55 24 98133-7170","https://instagram.com/pilates.movimentocura?igshid=NmE0MzVhZDY=","Saude - Pilates","Prospeccao Ativa","Volta Redonda","Agenda com horarios vagos; depende de indicacao; dificuldade em mostrar diferencial em relacao a academias tradicionais.","A Movimento Cura Pilates Studio tem 30 avaliacoes em Volta Redonda. Estudios de pilates com presenca digital estruturada conseguem lotar a agenda sem depender so de indicacao - queria apresentar como.","Empresa: Movimento Cura Pilates Studio | Local: Volta Redonda | Nota Google: 5.0 (30 avaliacoes) | Categorias: Estúdio de pilates | DICA SDR: Estudio de pilates e muito compacto - a dona/instrutor principal costuma estar no local. Aborde com foco em agenda lotada e captacao de alunos sem depender de indicacao."
