"Nome comercial","Nome da oportunidade","Telefone principal","Instagram","Segmento","Fonte","Tags","Dor provavel","Gancho - Abordagem","Observacoes"
"Constance - Barra Mansa","NUC TikTok Shop x Constance - Barra Mansa","+55 31 4040-4563","https://www.google.com/search?q=Constance+-+Barra+Mansa+Barra+Mansa+instagram","Calcados","Prospeccao Ativa - TikTok Shop","Barra Mansa","Vendas sazonais com meses fracos; estoque de numeracoes que nao giram; concorrencia com grandes redes online; dificuldade em atrair publico jovem.","A Constance - Barra Mansa tem 2 avaliacoes em Barra Mansa. No TikTok Shop, videos de 'outfit of the day' com foco em calcados convertem muito. Quero apresentar como implementar esse canal de vendas no seu negocio.","Empresa: Constance - Barra Mansa | Local: Barra Mansa | Nota Google: 5.0 (2 avaliacoes) | Categorias: Loja de calçado | RANKING TIKTOK SHOP: Calcados - Categoria #4 global (~6% do GMV) | POR QUE ESSE NEGOCIO: Calcados femininos e casuais tem forte demanda no TikTok Shop. Unboxing e 'outfit of the day' com foco nos pes viralizam. Ticket medio bom (R$100-300). | PROPOSTA: Implementacao completa de TikTok Shop + apresentadora dedicada que vende os produtos em lives. O negocio so precisa fornecer os produtos - NUC cuida de toda a operacao digital."
"Via Z Barra Mansa","NUC TikTok Shop x Via Z Barra Mansa","+55 24 3401-0595","https://instagram.com/viaz_barramansa?utm_medium=copy_link","Calcados","Prospeccao Ativa - TikTok Shop","Barra Mansa","Vendas sazonais com meses fracos; estoque de numeracoes que nao giram; concorrencia com grandes redes online; dificuldade em atrair publico jovem.","A Via Z Barra Mansa tem 2 avaliacoes em Barra Mansa. No TikTok Shop, videos de 'outfit of the day' com foco em calcados convertem muito. Quero apresentar como implementar esse canal de vendas no seu negocio.","Empresa: Via Z Barra Mansa | Local: Barra Mansa | Nota Google: 1.0 (2 avaliacoes) | Categorias: Loja de calçado | RANKING TIKTOK SHOP: Calcados - Categoria #4 global (~6% do GMV) | POR QUE ESSE NEGOCIO: Calcados femininos e casuais tem forte demanda no TikTok Shop. Unboxing e 'outfit of the day' com foco nos pes viralizam. Ticket medio bom (R$100-300). | PROPOSTA: Implementacao completa de TikTok Shop + apresentadora dedicada que vende os produtos em lives. O negocio so precisa fornecer os produtos - NUC cuida de toda a operacao digital."
"Kiuza Calçados","NUC TikTok Shop x Kiuza Calçados","Prospectar presencialmente","https://www.google.com/search?q=Kiuza+Cal%C3%A7ados+Barra+Mansa+instagram","Calcados","Prospeccao Ativa - TikTok Shop","Barra Mansa","Vendas sazonais com meses fracos; estoque de numeracoes que nao giram; concorrencia com grandes redes online; dificuldade em atrair publico jovem.","Calcados sao uma das categorias que mais crescem no TikTok Shop. A Kiuza Calçados pode ter uma apresentadora mostrando seus modelos ao vivo, com unboxing e combinacoes de looks - o link de compra aparece direto na tela.","Empresa: Kiuza Calçados | Local: Barra Mansa | Nota Google: 5.0 (2 avaliacoes) | Categorias: Loja de calçado | RANKING TIKTOK SHOP: Calcados - Categoria #4 global (~6% do GMV) | POR QUE ESSE NEGOCIO: Calcados femininos e casuais tem forte demanda no TikTok Shop. Unboxing e 'outfit of the day' com foco nos pes viralizam. Ticket medio bom (R$100-300). | PROPOSTA: Implementacao completa de TikTok Shop + apresentadora dedicada que vende os produtos em lives. O negocio so precisa fornecer os produtos - NUC cuida de toda a operacao digital."
"Mayra Calçados","NUC TikTok Shop x Mayra Calçados","+55 24 3323-1021","https://www.instagram.com/calcadosmayra/?hl=pt-br","Calcados","Prospeccao Ativa - TikTok Shop","Barra Mansa","Vendas sazonais com meses fracos; estoque de numeracoes que nao giram; concorrencia com grandes redes online; dificuldade em atrair publico jovem.","Calcados sao uma das categorias que mais crescem no TikTok Shop. A Mayra Calçados pode ter uma apresentadora mostrando seus modelos ao vivo, com unboxing e combinacoes de looks - o link de compra aparece direto na tela.","Empresa: Mayra Calçados | Local: Barra Mansa | Categorias: Loja de calçado | RANKING TIKTOK SHOP: Calcados - Categoria #4 global (~6% do GMV) | POR QUE ESSE NEGOCIO: Calcados femininos e casuais tem forte demanda no TikTok Shop. Unboxing e 'outfit of the day' com foco nos pes viralizam. Ticket medio bom (R$100-300). | PROPOSTA: Implementacao completa de TikTok Shop + apresentadora dedicada que vende os produtos em lives. O negocio so precisa fornecer os produtos - NUC cuida de toda a operacao digital."
"Espaço Verde SUPLEMENTOS e Alimentação Fitness","NUC TikTok Shop x Espaço Verde SUPLEMENTOS e Alimentação Fitness","+55 24 3326-9848","https://www.google.com/search?q=Espa%C3%A7o+Verde+SUPLEMENTOS+e+Alimenta%C3%A7%C3%A3o+Fitness+Barra+Mansa+instagram","Saude e Bem-Estar","Prospeccao Ativa - TikTok Shop","Barra Mansa","Cliente precisa de educacao antes de comprar; concorrencia com e-commerces especializados; dificuldade em escalar vendas alem do bairro; margem pressionada por distribuidores.","Saude e wellness e a categoria que MAIS CRESCE no TikTok Shop (+55% ao ano). A Espaço Verde SUPLEMENTOS e Alimentação Fitness vende exatamente o que essa demanda explosiva procura. Quero mostrar como uma apresentadora pode educar e vender seus produtos em lives.","Empresa: Espaço Verde SUPLEMENTOS e Alimentação Fitness | Local: Barra Mansa | Nota Google: 4.7 (124 avaliacoes) | Categorias: Loja de vitaminas e suplementos, Diner, Loja de produtos naturais, Restaurante, Loja de artigos esportivos | RANKING TIKTOK SHOP: Saude, Wellness e Suplementos - Categoria #5 global (11.2% do GMV) | POR QUE ESSE NEGOCIO: Categoria #3 global (11.2% GMV) e a que MAIS CRESCE (+55%). Suplementos, produtos naturais e wellness tem demanda explosiva. Conteudo educativo + venda = combinacao perfeita no TikTok. | PROPOSTA: Implementacao completa de TikTok Shop + apresentadora dedicada que vende os produtos em lives. O negocio so precisa fornecer os produtos - NUC cuida de toda a operacao digital."
"Vida Leve Barra Mansa","NUC TikTok Shop x Vida Leve Barra Mansa","+55 24 99850-6009","https://www.google.com/search?q=Vida+Leve+Barra+Mansa+Barra+Mansa+instagram","Saude e Bem-Estar","Prospeccao Ativa - TikTok Shop","Barra Mansa","Cliente precisa de educacao antes de comprar; concorrencia com e-commerces especializados; dificuldade em escalar vendas alem do bairro; margem pressionada por distribuidores.","Suplementos e produtos naturais lideram o crescimento no TikTok Shop globalmente. A Vida Leve Barra Mansa tem 49 avaliacoes e ja e confiavel - imagine adicionar um canal onde uma apresentadora explica e vende seus produtos ao vivo.","Empresa: Vida Leve Barra Mansa | Local: Barra Mansa | Nota Google: 5.0 (49 avaliacoes) | Categorias: Loja de produtos naturais | RANKING TIKTOK SHOP: Saude, Wellness e Suplementos - Categoria #5 global (11.2% do GMV) | POR QUE ESSE NEGOCIO: Categoria #3 global (11.2% GMV) e a que MAIS CRESCE (+55%). Suplementos, produtos naturais e wellness tem demanda explosiva. Conteudo educativo + venda = combinacao perfeita no TikTok. | PROPOSTA: Implementacao completa de TikTok Shop + apresentadora dedicada que vende os produtos em lives. O negocio so precisa fornecer os produtos - NUC cuida de toda a operacao digital."
"Sr. Alecrim - Centro | Barra Mansa","NUC TikTok Shop x Sr. Alecrim - Centro | Barra Mansa","+55 24 98188-2187","https://www.google.com/search?q=Sr.+Alecrim+-+Centro+%7C+Barra+Mansa+Barra+Mansa+instagram","Saude e Bem-Estar","Prospeccao Ativa - TikTok Shop","Barra Mansa","Cliente precisa de educacao antes de comprar; concorrencia com e-commerces especializados; dificuldade em escalar vendas alem do bairro; margem pressionada por distribuidores.","Saude e wellness e a categoria que MAIS CRESCE no TikTok Shop (+55% ao ano). A Sr. Alecrim - Centro | Barra Mansa vende exatamente o que essa demanda explosiva procura. Quero mostrar como uma apresentadora pode educar e vender seus produtos em lives.","Empresa: Sr. Alecrim - Centro | Barra Mansa | Local: Barra Mansa | Nota Google: 4.8 (37 avaliacoes) | Categorias: Loja de vitaminas e suplementos, Loja de produtos naturais, Loja de comidas naturais, Loja de alimentos orgânicos | RANKING TIKTOK SHOP: Saude, Wellness e Suplementos - Categoria #5 global (11.2% do GMV) | POR QUE ESSE NEGOCIO: Categoria #3 global (11.2% GMV) e a que MAIS CRESCE (+55%). Suplementos, produtos naturais e wellness tem demanda explosiva. Conteudo educativo + venda = combinacao perfeita no TikTok. | PROPOSTA: Implementacao completa de TikTok Shop + apresentadora dedicada que vende os produtos em lives. O negocio so precisa fornecer os produtos - NUC cuida de toda a operacao digital."
"Braves Suplementos | Barra Mansa","NUC TikTok Shop x Braves Suplementos | Barra Mansa","+55 24 99200-1283","https://www.google.com/search?q=Braves+Suplementos+%7C+Barra+Mansa+Barra+Mansa+instagram","Saude e Bem-Estar","Prospeccao Ativa - TikTok Shop","Barra Mansa","Cliente precisa de educacao antes de comprar; concorrencia com e-commerces especializados; dificuldade em escalar vendas alem do bairro; margem pressionada por distribuidores.","Saude e wellness e a categoria que MAIS CRESCE no TikTok Shop (+55% ao ano). A Braves Suplementos | Barra Mansa vende exatamente o que essa demanda explosiva procura. Quero mostrar como uma apresentadora pode educar e vender seus produtos em lives.","Empresa: Braves Suplementos | Barra Mansa | Local: Barra Mansa | Nota Google: 5.0 (36 avaliacoes) | Categorias: Loja de vitaminas e suplementos, Loja de Conveniência, Loja de produtos naturais, Loja de produtos de nutrição esportiva | RANKING TIKTOK SHOP: Saude, Wellness e Suplementos - Categoria #5 global (11.2% do GMV) | POR QUE ESSE NEGOCIO: Categoria #3 global (11.2% GMV) e a que MAIS CRESCE (+55%). Suplementos, produtos naturais e wellness tem demanda explosiva. Conteudo educativo + venda = combinacao perfeita no TikTok. | PROPOSTA: Implementacao completa de TikTok Shop + apresentadora dedicada que vende os produtos em lives. O negocio so precisa fornecer os produtos - NUC cuida de toda a operacao digital."
"Atlantiva Natural Rio de Janeiro","NUC TikTok Shop x Atlantiva Natural Rio de Janeiro","+55 24 99969-4223","https://www.google.com/search?q=Atlantiva+Natural+Rio+de+Janeiro+Barra+Mansa+instagram","Saude e Bem-Estar","Prospeccao Ativa - TikTok Shop","Barra Mansa","Cliente precisa de educacao antes de comprar; concorrencia com e-commerces especializados; dificuldade em escalar vendas alem do bairro; margem pressionada por distribuidores.","Suplementos e produtos naturais lideram o crescimento no TikTok Shop globalmente. A Atlantiva Natural Rio de Janeiro tem 18 avaliacoes e ja e confiavel - imagine adicionar um canal onde uma apresentadora explica e vende seus produtos ao vivo.","Empresa: Atlantiva Natural Rio de Janeiro | Local: Barra Mansa | Nota Google: 5.0 (18 avaliacoes) | Categorias: Loja de produtos naturais | RANKING TIKTOK SHOP: Saude, Wellness e Suplementos - Categoria #5 global (11.2% do GMV) | POR QUE ESSE NEGOCIO: Categoria #3 global (11.2% GMV) e a que MAIS CRESCE (+55%). Suplementos, produtos naturais e wellness tem demanda explosiva. Conteudo educativo + venda = combinacao perfeita no TikTok. | PROPOSTA: Implementacao completa de TikTok Shop + apresentadora dedicada que vende os produtos em lives. O negocio so precisa fornecer os produtos - NUC cuida de toda a operacao digital."
"Grão Empório Natural","NUC TikTok Shop x Grão Empório Natural","+55 24 3028-2576","https://www.google.com/search?q=Gr%C3%A3o+Emp%C3%B3rio+Natural+Barra+Mansa+instagram","Saude e Bem-Estar","Prospeccao Ativa - TikTok Shop","Barra Mansa","Cliente precisa de educacao antes de comprar; concorrencia com e-commerces especializados; dificuldade em escalar vendas alem do bairro; margem pressionada por distribuidores.","Saude e wellness e a categoria que MAIS CRESCE no TikTok Shop (+55% ao ano). A Grão Empório Natural vende exatamente o que essa demanda explosiva procura. Quero mostrar como uma apresentadora pode educar e vender seus produtos em lives.","Empresa: Grão Empório Natural | Local: Barra Mansa | Nota Google: 4.3 (12 avaliacoes) | Categorias: Loja de produtos naturais | RANKING TIKTOK SHOP: Saude, Wellness e Suplementos - Categoria #5 global (11.2% do GMV) | POR QUE ESSE NEGOCIO: Categoria #3 global (11.2% GMV) e a que MAIS CRESCE (+55%). Suplementos, produtos naturais e wellness tem demanda explosiva. Conteudo educativo + venda = combinacao perfeita no TikTok. | PROPOSTA: Implementacao completa de TikTok Shop + apresentadora dedicada que vende os produtos em lives. O negocio so precisa fornecer os produtos - NUC cuida de toda a operacao digital."
"Pro Gold Suplementos","NUC TikTok Shop x Pro Gold Suplementos","+55 24 99917-2999","https://www.google.com/search?q=Pro+Gold+Suplementos+Barra+Mansa+instagram","Saude e Bem-Estar","Prospeccao Ativa - TikTok Shop","Barra Mansa","Cliente precisa de educacao antes de comprar; concorrencia com e-commerces especializados; dificuldade em escalar vendas alem do bairro; margem pressionada por distribuidores.","Suplementos e produtos naturais lideram o crescimento no TikTok Shop globalmente. A Pro Gold Suplementos tem 11 avaliacoes e ja e confiavel - imagine adicionar um canal onde uma apresentadora explica e vende seus produtos ao vivo.","Empresa: Pro Gold Suplementos | Local: Barra Mansa | Nota Google: 4.8 (11 avaliacoes) | Categorias: Loja de vitaminas e suplementos | RANKING TIKTOK SHOP: Saude, Wellness e Suplementos - Categoria #5 global (11.2% do GMV) | POR QUE ESSE NEGOCIO: Categoria #3 global (11.2% GMV) e a que MAIS CRESCE (+55%). Suplementos, produtos naturais e wellness tem demanda explosiva. Conteudo educativo + venda = combinacao perfeita no TikTok. | PROPOSTA: Implementacao completa de TikTok Shop + apresentadora dedicada que vende os produtos em lives. O negocio so precisa fornecer os produtos - NUC cuida de toda a operacao digital."
"Herbalife Shake Panyelle Barra Mansa - Rio de Janeiro","NUC TikTok Shop x Herbalife Shake Panyelle Barra Mansa - Rio de Janeiro","+55 24 99942-5312","https://www.google.com/search?q=Herbalife+Shake+Panyelle+Barra+Mansa+-+Rio+de+Janeiro+Barra+Mansa+instagram","Saude e Bem-Estar","Prospeccao Ativa - TikTok Shop","Barra Mansa","Cliente precisa de educacao antes de comprar; concorrencia com e-commerces especializados; dificuldade em escalar vendas alem do bairro; margem pressionada por distribuidores.","Saude e wellness e a categoria que MAIS CRESCE no TikTok Shop (+55% ao ano). A Herbalife Shake Panyelle Barra Mansa - Rio de Janeiro vende exatamente o que essa demanda explosiva procura. Quero mostrar como uma apresentadora pode educar e vender seus produtos em lives.","Empresa: Herbalife Shake Panyelle Barra Mansa - Rio de Janeiro | Local: Barra Mansa | Nota Google: 4.3 (11 avaliacoes) | Categorias: Fornecedor de produtos alimentícios, Diner, Restaurante de alimentos sem glúten, Restaurante de comida natural, Herbalista, Loja de sucos, Restaurante, Casa de chá, Centro de bem-estar, Programa de bem-estar | RANKING TIKTOK SHOP: Saude, Wellness e Suplementos - Categoria #5 global (11.2% do GMV) | POR QUE ESSE NEGOCIO: Categoria #3 global (11.2% GMV) e a que MAIS CRESCE (+55%). Suplementos, produtos naturais e wellness tem demanda explosiva. Conteudo educativo + venda = combinacao perfeita no TikTok. | PROPOSTA: Implementacao completa de TikTok Shop + apresentadora dedicada que vende os produtos em lives. O negocio so precisa fornecer os produtos - NUC cuida de toda a operacao digital."
"Mundo dos Suplementos","NUC TikTok Shop x Mundo dos Suplementos","+55 24 99998-8657","https://instagram.com/mundo.dos.suplementosbm?igshid=YmMyMTA2M2Y=","Saude e Bem-Estar","Prospeccao Ativa - TikTok Shop","Barra Mansa","Cliente precisa de educacao antes de comprar; concorrencia com e-commerces especializados; dificuldade em escalar vendas alem do bairro; margem pressionada por distribuidores.","Saude e wellness e a categoria que MAIS CRESCE no TikTok Shop (+55% ao ano). A Mundo dos Suplementos vende exatamente o que essa demanda explosiva procura. Quero mostrar como uma apresentadora pode educar e vender seus produtos em lives.","Empresa: Mundo dos Suplementos | Local: Barra Mansa | Nota Google: 5.0 (8 avaliacoes) | Categorias: Loja de vitaminas e suplementos | RANKING TIKTOK SHOP: Saude, Wellness e Suplementos - Categoria #5 global (11.2% do GMV) | POR QUE ESSE NEGOCIO: Categoria #3 global (11.2% GMV) e a que MAIS CRESCE (+55%). Suplementos, produtos naturais e wellness tem demanda explosiva. Conteudo educativo + venda = combinacao perfeita no TikTok. | PROPOSTA: Implementacao completa de TikTok Shop + apresentadora dedicada que vende os produtos em lives. O negocio so precisa fornecer os produtos - NUC cuida de toda a operacao digital."
"Mundo Fit BM","NUC TikTok Shop x Mundo Fit BM","+55 24 99939-4767","https://www.google.com/search?q=Mundo+Fit+BM+Barra+Mansa+instagram","Saude e Bem-Estar","Prospeccao Ativa - TikTok Shop","Barra Mansa","Cliente precisa de educacao antes de comprar; concorrencia com e-commerces especializados; dificuldade em escalar vendas alem do bairro; margem pressionada por distribuidores.","Suplementos e produtos naturais lideram o crescimento no TikTok Shop globalmente. A Mundo Fit BM tem 7 avaliacoes e ja e confiavel - imagine adicionar um canal onde uma apresentadora explica e vende seus produtos ao vivo.","Empresa: Mundo Fit BM | Local: Barra Mansa | Nota Google: 5.0 (7 avaliacoes) | Categorias: Restaurante de comida natural | RANKING TIKTOK SHOP: Saude, Wellness e Suplementos - Categoria #5 global (11.2% do GMV) | POR QUE ESSE NEGOCIO: Categoria #3 global (11.2% GMV) e a que MAIS CRESCE (+55%). Suplementos, produtos naturais e wellness tem demanda explosiva. Conteudo educativo + venda = combinacao perfeita no TikTok. | PROPOSTA: Implementacao completa de TikTok Shop + apresentadora dedicada que vende os produtos em lives. O negocio so precisa fornecer os produtos - NUC cuida de toda a operacao digital."
"CPX COMPLEXO MULTIMARCAS E SUPLEMENTOS","NUC TikTok Shop x CPX COMPLEXO MULTIMARCAS E SUPLEMENTOS","+55 24 99922-8385","https://www.google.com/search?q=CPX+COMPLEXO+MULTIMARCAS+E+SUPLEMENTOS+Barra+Mansa+instagram","Saude e Bem-Estar","Prospeccao Ativa - TikTok Shop","Barra Mansa","Cliente precisa de educacao antes de comprar; concorrencia com e-commerces especializados; dificuldade em escalar vendas alem do bairro; margem pressionada por distribuidores.","Saude e wellness e a categoria que MAIS CRESCE no TikTok Shop (+55% ao ano). A CPX COMPLEXO MULTIMARCAS E SUPLEMENTOS vende exatamente o que essa demanda explosiva procura. Quero mostrar como uma apresentadora pode educar e vender seus produtos em lives.","Empresa: CPX COMPLEXO MULTIMARCAS E SUPLEMENTOS | Local: Barra Mansa | Nota Google: 5.0 (1 avaliacoes) | Categorias: Loja | RANKING TIKTOK SHOP: Saude, Wellness e Suplementos - Categoria #5 global (11.2% do GMV) | POR QUE ESSE NEGOCIO: Categoria #3 global (11.2% GMV) e a que MAIS CRESCE (+55%). Suplementos, produtos naturais e wellness tem demanda explosiva. Conteudo educativo + venda = combinacao perfeita no TikTok. | PROPOSTA: Implementacao completa de TikTok Shop + apresentadora dedicada que vende os produtos em lives. O negocio so precisa fornecer os produtos - NUC cuida de toda a operacao digital."
"Sr Alecrim - Ano Bom | Barra Mansa","NUC TikTok Shop x Sr Alecrim - Ano Bom | Barra Mansa","+55 24 99837-0173","https://www.google.com/search?q=Sr+Alecrim+-+Ano+Bom+%7C+Barra+Mansa+Barra+Mansa+instagram","Saude e Bem-Estar","Prospeccao Ativa - TikTok Shop","Barra Mansa","Cliente precisa de educacao antes de comprar; concorrencia com e-commerces especializados; dificuldade em escalar vendas alem do bairro; margem pressionada por distribuidores.","Saude e wellness e a categoria que MAIS CRESCE no TikTok Shop (+55% ao ano). A Sr Alecrim - Ano Bom | Barra Mansa vende exatamente o que essa demanda explosiva procura. Quero mostrar como uma apresentadora pode educar e vender seus produtos em lives.","Empresa: Sr Alecrim - Ano Bom | Barra Mansa | Local: Barra Mansa | Nota Google: 5.0 (1 avaliacoes) | Categorias: Loja de produtos naturais | RANKING TIKTOK SHOP: Saude, Wellness e Suplementos - Categoria #5 global (11.2% do GMV) | POR QUE ESSE NEGOCIO: Categoria #3 global (11.2% GMV) e a que MAIS CRESCE (+55%). Suplementos, produtos naturais e wellness tem demanda explosiva. Conteudo educativo + venda = combinacao perfeita no TikTok. | PROPOSTA: Implementacao completa de TikTok Shop + apresentadora dedicada que vende os produtos em lives. O negocio so precisa fornecer os produtos - NUC cuida de toda a operacao digital."
"KING SUPLEMENTOS","NUC TikTok Shop x KING SUPLEMENTOS","+55 24 99859-9141","https://www.google.com/search?q=KING+SUPLEMENTOS+Barra+Mansa+instagram","Saude e Bem-Estar","Prospeccao Ativa - TikTok Shop","Barra Mansa","Cliente precisa de educacao antes de comprar; concorrencia com e-commerces especializados; dificuldade em escalar vendas alem do bairro; margem pressionada por distribuidores.","Saude e wellness e a categoria que MAIS CRESCE no TikTok Shop (+55% ao ano). A KING SUPLEMENTOS vende exatamente o que essa demanda explosiva procura. Quero mostrar como uma apresentadora pode educar e vender seus produtos em lives.","Empresa: KING SUPLEMENTOS | Local: Barra Mansa | Categorias: Loja de vitaminas e suplementos | RANKING TIKTOK SHOP: Saude, Wellness e Suplementos - Categoria #5 global (11.2% do GMV) | POR QUE ESSE NEGOCIO: Categoria #3 global (11.2% GMV) e a que MAIS CRESCE (+55%). Suplementos, produtos naturais e wellness tem demanda explosiva. Conteudo educativo + venda = combinacao perfeita no TikTok. | PROPOSTA: Implementacao completa de TikTok Shop + apresentadora dedicada que vende os produtos em lives. O negocio so precisa fornecer os produtos - NUC cuida de toda a operacao digital."
"Nutri Care","NUC TikTok Shop x Nutri Care","Prospectar presencialmente","https://www.google.com/search?q=Nutri+Care+Barra+Mansa+instagram","Saude e Bem-Estar","Prospeccao Ativa - TikTok Shop","Barra Mansa","Cliente precisa de educacao antes de comprar; concorrencia com e-commerces especializados; dificuldade em escalar vendas alem do bairro; margem pressionada por distribuidores.","Saude e wellness e a categoria que MAIS CRESCE no TikTok Shop (+55% ao ano). A Nutri Care vende exatamente o que essa demanda explosiva procura. Quero mostrar como uma apresentadora pode educar e vender seus produtos em lives.","Empresa: Nutri Care | Local: Barra Mansa | Categorias: Loja de vitaminas e suplementos, Nutricionista | RANKING TIKTOK SHOP: Saude, Wellness e Suplementos - Categoria #5 global (11.2% do GMV) | POR QUE ESSE NEGOCIO: Categoria #3 global (11.2% GMV) e a que MAIS CRESCE (+55%). Suplementos, produtos naturais e wellness tem demanda explosiva. Conteudo educativo + venda = combinacao perfeita no TikTok. | PROPOSTA: Implementacao completa de TikTok Shop + apresentadora dedicada que vende os produtos em lives. O negocio so precisa fornecer os produtos - NUC cuida de toda a operacao digital."
"Monstros e Musas Suplementos","NUC TikTok Shop x Monstros e Musas Suplementos","+55 24 99868-8153","https://www.google.com/search?q=Monstros+e+Musas+Suplementos+Barra+Mansa+instagram","Saude e Bem-Estar","Prospeccao Ativa - TikTok Shop","Barra Mansa","Cliente precisa de educacao antes de comprar; concorrencia com e-commerces especializados; dificuldade em escalar vendas alem do bairro; margem pressionada por distribuidores.","Suplementos e produtos naturais lideram o crescimento no TikTok Shop globalmente. A Monstros e Musas Suplementos tem 0 avaliacoes e ja e confiavel - imagine adicionar um canal onde uma apresentadora explica e vende seus produtos ao vivo.","Empresa: Monstros e Musas Suplementos | Local: Barra Mansa | Categorias: Loja de vitaminas e suplementos | RANKING TIKTOK SHOP: Saude, Wellness e Suplementos - Categoria #5 global (11.2% do GMV) | POR QUE ESSE NEGOCIO: Categoria #3 global (11.2% GMV) e a que MAIS CRESCE (+55%). Suplementos, produtos naturais e wellness tem demanda explosiva. Conteudo educativo + venda = combinacao perfeita no TikTok. | PROPOSTA: Implementacao completa de TikTok Shop + apresentadora dedicada que vende os produtos em lives. O negocio so precisa fornecer os produtos - NUC cuida de toda a operacao digital."
"Health Supplements","NUC TikTok Shop x Health Supplements","Prospectar presencialmente","https://www.google.com/search?q=Health+Supplements+Barra+Mansa+instagram","Saude e Bem-Estar","Prospeccao Ativa - TikTok Shop","Barra Mansa","Cliente precisa de educacao antes de comprar; concorrencia com e-commerces especializados; dificuldade em escalar vendas alem do bairro; margem pressionada por distribuidores.","Suplementos e produtos naturais lideram o crescimento no TikTok Shop globalmente. A Health Supplements tem 0 avaliacoes e ja e confiavel - imagine adicionar um canal onde uma apresentadora explica e vende seus produtos ao vivo.","Empresa: Health Supplements | Local: Barra Mansa | Categorias: Loja de vitaminas e suplementos | RANKING TIKTOK SHOP: Saude, Wellness e Suplementos - Categoria #5 global (11.2% do GMV) | POR QUE ESSE NEGOCIO: Categoria #3 global (11.2% GMV) e a que MAIS CRESCE (+55%). Suplementos, produtos naturais e wellness tem demanda explosiva. Conteudo educativo + venda = combinacao perfeita no TikTok. | PROPOSTA: Implementacao completa de TikTok Shop + apresentadora dedicada que vende os produtos em lives. O negocio so precisa fornecer os produtos - NUC cuida de toda a operacao digital."
"Comercial online","NUC TikTok Shop x Comercial online","+55 21 98263-9107","https://www.google.com/search?q=Comercial+online+Barra+Mansa+instagram","Saude e Bem-Estar","Prospeccao Ativa - TikTok Shop","Barra Mansa","Cliente precisa de educacao antes de comprar; concorrencia com e-commerces especializados; dificuldade em escalar vendas alem do bairro; margem pressionada por distribuidores.","Saude e wellness e a categoria que MAIS CRESCE no TikTok Shop (+55% ao ano). A Comercial online vende exatamente o que essa demanda explosiva procura. Quero mostrar como uma apresentadora pode educar e vender seus produtos em lives.","Empresa: Comercial online | Local: Barra Mansa | Categorias: Loja de vitaminas e suplementos | RANKING TIKTOK SHOP: Saude, Wellness e Suplementos - Categoria #5 global (11.2% do GMV) | POR QUE ESSE NEGOCIO: Categoria #3 global (11.2% GMV) e a que MAIS CRESCE (+55%). Suplementos, produtos naturais e wellness tem demanda explosiva. Conteudo educativo + venda = combinacao perfeita no TikTok. | PROPOSTA: Implementacao completa de TikTok Shop + apresentadora dedicada que vende os produtos em lives. O negocio so precisa fornecer os produtos - NUC cuida de toda a operacao digital."
"Produtos Naturais Vida Abundante","NUC TikTok Shop x Produtos Naturais Vida Abundante","+55 24 99942-1440","https://www.google.com/search?q=Produtos+Naturais+Vida+Abundante+Barra+Mansa+instagram","Saude e Bem-Estar","Prospeccao Ativa - TikTok Shop","Barra Mansa","Cliente precisa de educacao antes de comprar; concorrencia com e-commerces especializados; dificuldade em escalar vendas alem do bairro; margem pressionada por distribuidores.","Suplementos e produtos naturais lideram o crescimento no TikTok Shop globalmente. A Produtos Naturais Vida Abundante tem 0 avaliacoes e ja e confiavel - imagine adicionar um canal onde uma apresentadora explica e vende seus produtos ao vivo.","Empresa: Produtos Naturais Vida Abundante | Local: Barra Mansa | Categorias: Loja de produtos naturais | RANKING TIKTOK SHOP: Saude, Wellness e Suplementos - Categoria #5 global (11.2% do GMV) | POR QUE ESSE NEGOCIO: Categoria #3 global (11.2% GMV) e a que MAIS CRESCE (+55%). Suplementos, produtos naturais e wellness tem demanda explosiva. Conteudo educativo + venda = combinacao perfeita no TikTok. | PROPOSTA: Implementacao completa de TikTok Shop + apresentadora dedicada que vende os produtos em lives. O negocio so precisa fornecer os produtos - NUC cuida de toda a operacao digital."
"Pet Magic","NUC TikTok Shop x Pet Magic","Prospectar presencialmente","http://instagram.com/thepetmagic","Produtos Pet","Prospeccao Ativa - TikTok Shop","Barra Mansa","Concorrencia com grandes pet shops online; cliente compra por preco, nao por relacionamento; dificuldade em mostrar diferencial dos produtos; vendas limitadas a vizinhanca.","O mercado pet cresce 14% ao ano no Brasil e no TikTok Shop explode. A Pet Magic tem 225 avaliacoes - imagine petiscos, brinquedos e acessorios sendo apresentados ao vivo com bichinhos. A conversao e altissima.","Empresa: Pet Magic | Local: Barra Mansa | Nota Google: 5.0 (225 avaliacoes) | Categorias: Pet Shop | RANKING TIKTOK SHOP: Pet Shop - Categoria #6 global (~5% do GMV) | POR QUE ESSE NEGOCIO: Maior potencial VIRAL do TikTok. Produtos para pets unem emocao + entretenimento (pilares do algoritmo). Mercado pet brasileiro cresce 14% ao ano. Petiscos, brinquedos e roupinhas vendem muito em live. | PROPOSTA: Implementacao completa de TikTok Shop + apresentadora dedicada que vende os produtos em lives. O negocio so precisa fornecer os produtos - NUC cuida de toda a operacao digital."
"Petshop Carinho animal","NUC TikTok Shop x Petshop Carinho animal","+55 24 99914-7760","https://www.google.com/search?q=Petshop+Carinho+animal+Barra+Mansa+instagram","Produtos Pet","Prospeccao Ativa - TikTok Shop","Barra Mansa","Concorrencia com grandes pet shops online; cliente compra por preco, nao por relacionamento; dificuldade em mostrar diferencial dos produtos; vendas limitadas a vizinhanca.","Produtos pet tem o MAIOR potencial viral do TikTok - emocao + entretenimento sao os pilares do algoritmo. A Petshop Carinho animal pode ter uma apresentadora mostrando seus produtos com pets reais em lives que geram vendas e viralizam.","Empresa: Petshop Carinho animal | Local: Barra Mansa | Nota Google: 5.0 (38 avaliacoes) | Categorias: Pet Shop, Banho e tosa | RANKING TIKTOK SHOP: Pet Shop - Categoria #6 global (~5% do GMV) | POR QUE ESSE NEGOCIO: Maior potencial VIRAL do TikTok. Produtos para pets unem emocao + entretenimento (pilares do algoritmo). Mercado pet brasileiro cresce 14% ao ano. Petiscos, brinquedos e roupinhas vendem muito em live. | PROPOSTA: Implementacao completa de TikTok Shop + apresentadora dedicada que vende os produtos em lives. O negocio so precisa fornecer os produtos - NUC cuida de toda a operacao digital."
"PetShop Sabichinhos","NUC TikTok Shop x PetShop Sabichinhos","+55 24 98132-7884","https://www.google.com/search?q=PetShop+Sabichinhos+Barra+Mansa+instagram","Produtos Pet","Prospeccao Ativa - TikTok Shop","Barra Mansa","Concorrencia com grandes pet shops online; cliente compra por preco, nao por relacionamento; dificuldade em mostrar diferencial dos produtos; vendas limitadas a vizinhanca.","O mercado pet cresce 14% ao ano no Brasil e no TikTok Shop explode. A PetShop Sabichinhos tem 35 avaliacoes - imagine petiscos, brinquedos e acessorios sendo apresentados ao vivo com bichinhos. A conversao e altissima.","Empresa: PetShop Sabichinhos | Local: Barra Mansa | Nota Google: 4.6 (35 avaliacoes) | Categorias: Pet Shop | RANKING TIKTOK SHOP: Pet Shop - Categoria #6 global (~5% do GMV) | POR QUE ESSE NEGOCIO: Maior potencial VIRAL do TikTok. Produtos para pets unem emocao + entretenimento (pilares do algoritmo). Mercado pet brasileiro cresce 14% ao ano. Petiscos, brinquedos e roupinhas vendem muito em live. | PROPOSTA: Implementacao completa de TikTok Shop + apresentadora dedicada que vende os produtos em lives. O negocio so precisa fornecer os produtos - NUC cuida de toda a operacao digital."
"Fênix Pet shop","NUC TikTok Shop x Fênix Pet shop","+55 24 99999-0137","https://www.google.com/search?q=F%C3%AAnix+Pet+shop+Barra+Mansa+instagram","Produtos Pet","Prospeccao Ativa - TikTok Shop","Barra Mansa","Concorrencia com grandes pet shops online; cliente compra por preco, nao por relacionamento; dificuldade em mostrar diferencial dos produtos; vendas limitadas a vizinhanca.","O mercado pet cresce 14% ao ano no Brasil e no TikTok Shop explode. A Fênix Pet shop tem 30 avaliacoes - imagine petiscos, brinquedos e acessorios sendo apresentados ao vivo com bichinhos. A conversao e altissima.","Empresa: Fênix Pet shop | Local: Barra Mansa | Nota Google: 5.0 (30 avaliacoes) | Categorias: Loja especializada em aquários, Banho e tosa, Loja de suprimentos para animais de estimação, Pet Shop | RANKING TIKTOK SHOP: Pet Shop - Categoria #6 global (~5% do GMV) | POR QUE ESSE NEGOCIO: Maior potencial VIRAL do TikTok. Produtos para pets unem emocao + entretenimento (pilares do algoritmo). Mercado pet brasileiro cresce 14% ao ano. Petiscos, brinquedos e roupinhas vendem muito em live. | PROPOSTA: Implementacao completa de TikTok Shop + apresentadora dedicada que vende os produtos em lives. O negocio so precisa fornecer os produtos - NUC cuida de toda a operacao digital."
"NiloPet","NUC TikTok Shop x NiloPet","+55 24 3028-2221","https://www.google.com/search?q=NiloPet+Barra+Mansa+instagram","Produtos Pet","Prospeccao Ativa - TikTok Shop","Barra Mansa","Concorrencia com grandes pet shops online; cliente compra por preco, nao por relacionamento; dificuldade em mostrar diferencial dos produtos; vendas limitadas a vizinhanca.","Produtos pet tem o MAIOR potencial viral do TikTok - emocao + entretenimento sao os pilares do algoritmo. A NiloPet pode ter uma apresentadora mostrando seus produtos com pets reais em lives que geram vendas e viralizam.","Empresa: NiloPet | Local: Barra Mansa | Nota Google: 5.0 (18 avaliacoes) | Categorias: Pet Shop | RANKING TIKTOK SHOP: Pet Shop - Categoria #6 global (~5% do GMV) | POR QUE ESSE NEGOCIO: Maior potencial VIRAL do TikTok. Produtos para pets unem emocao + entretenimento (pilares do algoritmo). Mercado pet brasileiro cresce 14% ao ano. Petiscos, brinquedos e roupinhas vendem muito em live. | PROPOSTA: Implementacao completa de TikTok Shop + apresentadora dedicada que vende os produtos em lives. O negocio so precisa fornecer os produtos - NUC cuida de toda a operacao digital."
"Agro Nova Esperança","NUC TikTok Shop x Agro Nova Esperança","+55 24 3402-0674","https://www.google.com/search?q=Agro+Nova+Esperan%C3%A7a+Barra+Mansa+instagram","Produtos Pet","Prospeccao Ativa - TikTok Shop","Barra Mansa","Concorrencia com grandes pet shops online; cliente compra por preco, nao por relacionamento; dificuldade em mostrar diferencial dos produtos; vendas limitadas a vizinhanca.","Produtos pet tem o MAIOR potencial viral do TikTok - emocao + entretenimento sao os pilares do algoritmo. A Agro Nova Esperança pode ter uma apresentadora mostrando seus produtos com pets reais em lives que geram vendas e viralizam.","Empresa: Agro Nova Esperança | Local: Barra Mansa | Nota Google: 5.0 (18 avaliacoes) | Categorias: Pet Shop | RANKING TIKTOK SHOP: Pet Shop - Categoria #6 global (~5% do GMV) | POR QUE ESSE NEGOCIO: Maior potencial VIRAL do TikTok. Produtos para pets unem emocao + entretenimento (pilares do algoritmo). Mercado pet brasileiro cresce 14% ao ano. Petiscos, brinquedos e roupinhas vendem muito em live. | PROPOSTA: Implementacao completa de TikTok Shop + apresentadora dedicada que vende os produtos em lives. O negocio so precisa fornecer os produtos - NUC cuida de toda a operacao digital."
"Agro e Pet Barra Mansa","NUC TikTok Shop x Agro e Pet Barra Mansa","+55 24 99964-0102","https://www.instagram.com/agroepetbarramansa/","Produtos Pet","Prospeccao Ativa - TikTok Shop","Barra Mansa","Concorrencia com grandes pet shops online; cliente compra por preco, nao por relacionamento; dificuldade em mostrar diferencial dos produtos; vendas limitadas a vizinhanca.","Produtos pet tem o MAIOR potencial viral do TikTok - emocao + entretenimento sao os pilares do algoritmo. A Agro e Pet Barra Mansa pode ter uma apresentadora mostrando seus produtos com pets reais em lives que geram vendas e viralizam.","Empresa: Agro e Pet Barra Mansa | Local: Barra Mansa | Nota Google: 4.7 (14 avaliacoes) | Categorias: Pet Shop | RANKING TIKTOK SHOP: Pet Shop - Categoria #6 global (~5% do GMV) | POR QUE ESSE NEGOCIO: Maior potencial VIRAL do TikTok. Produtos para pets unem emocao + entretenimento (pilares do algoritmo). Mercado pet brasileiro cresce 14% ao ano. Petiscos, brinquedos e roupinhas vendem muito em live. | PROPOSTA: Implementacao completa de TikTok Shop + apresentadora dedicada que vende os produtos em lives. O negocio so precisa fornecer os produtos - NUC cuida de toda a operacao digital."
"Renan Gás - Pet Shop e Material de Construção","NUC TikTok Shop x Renan Gás - Pet Shop e Material de Construção","+55 24 99903-2923","https://www.google.com/search?q=Renan+G%C3%A1s+-+Pet+Shop+e+Material+de+Constru%C3%A7%C3%A3o+Barra+Mansa+instagram","Produtos Pet","Prospeccao Ativa - TikTok Shop","Barra Mansa","Concorrencia com grandes pet shops online; cliente compra por preco, nao por relacionamento; dificuldade em mostrar diferencial dos produtos; vendas limitadas a vizinhanca.","Produtos pet tem o MAIOR potencial viral do TikTok - emocao + entretenimento sao os pilares do algoritmo. A Renan Gás - Pet Shop e Material de Construção pode ter uma apresentadora mostrando seus produtos com pets reais em lives que geram vendas e viralizam.","Empresa: Renan Gás - Pet Shop e Material de Construção | Local: Barra Mansa | Nota Google: 4.9 (14 avaliacoes) | Categorias: Pet Shop | RANKING TIKTOK SHOP: Pet Shop - Categoria #6 global (~5% do GMV) | POR QUE ESSE NEGOCIO: Maior potencial VIRAL do TikTok. Produtos para pets unem emocao + entretenimento (pilares do algoritmo). Mercado pet brasileiro cresce 14% ao ano. Petiscos, brinquedos e roupinhas vendem muito em live. | PROPOSTA: Implementacao completa de TikTok Shop + apresentadora dedicada que vende os produtos em lives. O negocio so precisa fornecer os produtos - NUC cuida de toda a operacao digital."
"Barra Pet","NUC TikTok Shop x Barra Pet","+55 24 2106-1221","https://www.google.com/search?q=Barra+Pet+Barra+Mansa+instagram","Produtos Pet","Prospeccao Ativa - TikTok Shop","Barra Mansa","Concorrencia com grandes pet shops online; cliente compra por preco, nao por relacionamento; dificuldade em mostrar diferencial dos produtos; vendas limitadas a vizinhanca.","Produtos pet tem o MAIOR potencial viral do TikTok - emocao + entretenimento sao os pilares do algoritmo. A Barra Pet pode ter uma apresentadora mostrando seus produtos com pets reais em lives que geram vendas e viralizam.","Empresa: Barra Pet | Local: Barra Mansa | Nota Google: 4.3 (12 avaliacoes) | Categorias: Pet Shop | RANKING TIKTOK SHOP: Pet Shop - Categoria #6 global (~5% do GMV) | POR QUE ESSE NEGOCIO: Maior potencial VIRAL do TikTok. Produtos para pets unem emocao + entretenimento (pilares do algoritmo). Mercado pet brasileiro cresce 14% ao ano. Petiscos, brinquedos e roupinhas vendem muito em live. | PROPOSTA: Implementacao completa de TikTok Shop + apresentadora dedicada que vende os produtos em lives. O negocio so precisa fornecer os produtos - NUC cuida de toda a operacao digital."
"Gi Decor | Loja De Decoração","NUC TikTok Shop x Gi Decor | Loja De Decoração","+55 24 3322-9895","https://www.google.com/search?q=%F0%9F%8E%81Gi+Decor+%7C+Loja+De+Decora%C3%A7%C3%A3o+Barra+Mansa+instagram","Produtos Pet","Prospeccao Ativa - TikTok Shop","Barra Mansa","Concorrencia com grandes pet shops online; cliente compra por preco, nao por relacionamento; dificuldade em mostrar diferencial dos produtos; vendas limitadas a vizinhanca.","Produtos pet tem o MAIOR potencial viral do TikTok - emocao + entretenimento sao os pilares do algoritmo. A Gi Decor | Loja De Decoração pode ter uma apresentadora mostrando seus produtos com pets reais em lives que geram vendas e viralizam.","Empresa: Gi Decor | Loja De Decoração | Local: Barra Mansa | Nota Google: 5.0 (11 avaliacoes) | Categorias: Loja de artigos domésticos, Escritório de arquitetura de interiores, Decorador de interiores, Designer de interiores, Loja de presentes | RANKING TIKTOK SHOP: Pet Shop - Categoria #6 global (~5% do GMV) | POR QUE ESSE NEGOCIO: Maior potencial VIRAL do TikTok. Produtos para pets unem emocao + entretenimento (pilares do algoritmo). Mercado pet brasileiro cresce 14% ao ano. Petiscos, brinquedos e roupinhas vendem muito em live. | PROPOSTA: Implementacao completa de TikTok Shop + apresentadora dedicada que vende os produtos em lives. O negocio so precisa fornecer os produtos - NUC cuida de toda a operacao digital."
"Dona da Casa - Utilidades, Brinquedos, Presentes, Decoração","NUC TikTok Shop x Dona da Casa - Utilidades, Brinquedos, Presentes, Decoração","+55 24 99981-3980","https://www.google.com/search?q=Dona+da+Casa+-+Utilidades%2C+Brinquedos%2C+Presentes%2C+Decora%C3%A7%C3%A3o+Barra+Mansa+instagram","Produtos Pet","Prospeccao Ativa - TikTok Shop","Barra Mansa","Concorrencia com grandes pet shops online; cliente compra por preco, nao por relacionamento; dificuldade em mostrar diferencial dos produtos; vendas limitadas a vizinhanca.","Produtos pet tem o MAIOR potencial viral do TikTok - emocao + entretenimento sao os pilares do algoritmo. A Dona da Casa - Utilidades, Brinquedos, Presentes, Decoração pode ter uma apresentadora mostrando seus produtos com pets reais em lives que geram vendas e viralizam.","Empresa: Dona da Casa - Utilidades, Brinquedos, Presentes, Decoração | Local: Barra Mansa | Nota Google: 4.9 (10 avaliacoes) | Categorias: Loja de artigos domésticos, Loja de utensílios de cozinha, Loja de artigos para cama, mesa e banho, Loja de presentes, Loja de Brinquedos, Loja de variedades | RANKING TIKTOK SHOP: Pet Shop - Categoria #6 global (~5% do GMV) | POR QUE ESSE NEGOCIO: Maior potencial VIRAL do TikTok. Produtos para pets unem emocao + entretenimento (pilares do algoritmo). Mercado pet brasileiro cresce 14% ao ano. Petiscos, brinquedos e roupinhas vendem muito em live. | PROPOSTA: Implementacao completa de TikTok Shop + apresentadora dedicada que vende os produtos em lives. O negocio so precisa fornecer os produtos - NUC cuida de toda a operacao digital."
"Amigão Pet Shop","NUC TikTok Shop x Amigão Pet Shop","+55 24 98156-6544","https://www.google.com/search?q=Amig%C3%A3o+Pet+Shop+Barra+Mansa+instagram","Produtos Pet","Prospeccao Ativa - TikTok Shop","Barra Mansa","Concorrencia com grandes pet shops online; cliente compra por preco, nao por relacionamento; dificuldade em mostrar diferencial dos produtos; vendas limitadas a vizinhanca.","O mercado pet cresce 14% ao ano no Brasil e no TikTok Shop explode. A Amigão Pet Shop tem 1 avaliacoes - imagine petiscos, brinquedos e acessorios sendo apresentados ao vivo com bichinhos. A conversao e altissima.","Empresa: Amigão Pet Shop | Local: Barra Mansa | Nota Google: 5.0 (1 avaliacoes) | Categorias: Pet Shop | RANKING TIKTOK SHOP: Pet Shop - Categoria #6 global (~5% do GMV) | POR QUE ESSE NEGOCIO: Maior potencial VIRAL do TikTok. Produtos para pets unem emocao + entretenimento (pilares do algoritmo). Mercado pet brasileiro cresce 14% ao ano. Petiscos, brinquedos e roupinhas vendem muito em live. | PROPOSTA: Implementacao completa de TikTok Shop + apresentadora dedicada que vende os produtos em lives. O negocio so precisa fornecer os produtos - NUC cuida de toda a operacao digital."
"Ponto Doce","NUC TikTok Shop x Ponto Doce","+55 24 3322-6032","https://www.google.com/search?q=Ponto+Doce+Barra+Mansa+instagram","Alimentacao - Confeitaria","Prospeccao Ativa - TikTok Shop","Barra Mansa","Vendas limitadas a encomendas e delivery local; dificuldade em escalar sem perder qualidade artesanal; depende de datas comemorativas; marketing boca a boca tem alcance limitado.","Food & Beverage cresce +42% no TikTok Shop. A Ponto Doce tem 561 avaliacoes e ja e referencia. Imagine uma live onde a apresentadora mostra seus doces sendo feitos e o publico compra na hora - essa e a nova forma de vender.","Empresa: Ponto Doce | Local: Barra Mansa | Nota Google: 4.4 (561 avaliacoes) | Categorias: Doceria | RANKING TIKTOK SHOP: Confeitaria e Doces Artesanais - Categoria #7 global (~7% do GMV) | POR QUE ESSE NEGOCIO: Food & Beverage cresce +42% no TikTok Shop. Videos de preparo de doces artesanais viralizam organicamente. Brigadeiros gourmet, bolos personalizados e chocolates artesanais tem margem alta. | PROPOSTA: Implementacao completa de TikTok Shop + apresentadora dedicada que vende os produtos em lives. O negocio so precisa fornecer os produtos - NUC cuida de toda a operacao digital."
"Vanessa Pedrosa - Bolos e Festas","NUC TikTok Shop x Vanessa Pedrosa - Bolos e Festas","+55 24 99955-4403","https://www.google.com/search?q=Vanessa+Pedrosa+-+Bolos+e+Festas+Barra+Mansa+instagram","Alimentacao - Confeitaria","Prospeccao Ativa - TikTok Shop","Barra Mansa","Vendas limitadas a encomendas e delivery local; dificuldade em escalar sem perder qualidade artesanal; depende de datas comemorativas; marketing boca a boca tem alcance limitado.","Videos de confeitaria e doces artesanais viralizam organicamente no TikTok. A Vanessa Pedrosa - Bolos e Festas pode ter uma apresentadora mostrando o preparo ao vivo e vendendo direto pelo TikTok Shop - brigadeiros, bolos, chocolates com link de compra na tela.","Empresa: Vanessa Pedrosa - Bolos e Festas | Local: Barra Mansa | Nota Google: 4.4 (357 avaliacoes) | Categorias: Confeitaria | RANKING TIKTOK SHOP: Confeitaria e Doces Artesanais - Categoria #7 global (~7% do GMV) | POR QUE ESSE NEGOCIO: Food & Beverage cresce +42% no TikTok Shop. Videos de preparo de doces artesanais viralizam organicamente. Brigadeiros gourmet, bolos personalizados e chocolates artesanais tem margem alta. | PROPOSTA: Implementacao completa de TikTok Shop + apresentadora dedicada que vende os produtos em lives. O negocio so precisa fornecer os produtos - NUC cuida de toda a operacao digital."
"Doce Recheio - Barra Mansa","NUC TikTok Shop x Doce Recheio - Barra Mansa","+55 24 99905-3402","https://www.google.com/search?q=Doce+Recheio+-+Barra+Mansa+Barra+Mansa+instagram","Alimentacao - Confeitaria","Prospeccao Ativa - TikTok Shop","Barra Mansa","Vendas limitadas a encomendas e delivery local; dificuldade em escalar sem perder qualidade artesanal; depende de datas comemorativas; marketing boca a boca tem alcance limitado.","Videos de confeitaria e doces artesanais viralizam organicamente no TikTok. A Doce Recheio - Barra Mansa pode ter uma apresentadora mostrando o preparo ao vivo e vendendo direto pelo TikTok Shop - brigadeiros, bolos, chocolates com link de compra na tela.","Empresa: Doce Recheio - Barra Mansa | Local: Barra Mansa | Nota Google: 5.0 (312 avaliacoes) | Categorias: Doceria | RANKING TIKTOK SHOP: Confeitaria e Doces Artesanais - Categoria #7 global (~7% do GMV) | POR QUE ESSE NEGOCIO: Food & Beverage cresce +42% no TikTok Shop. Videos de preparo de doces artesanais viralizam organicamente. Brigadeiros gourmet, bolos personalizados e chocolates artesanais tem margem alta. | PROPOSTA: Implementacao completa de TikTok Shop + apresentadora dedicada que vende os produtos em lives. O negocio so precisa fornecer os produtos - NUC cuida de toda a operacao digital."
"Barra Doce","NUC TikTok Shop x Barra Doce","+55 24 3322-5655","https://www.google.com/search?q=Barra+Doce+Barra+Mansa+instagram","Alimentacao - Confeitaria","Prospeccao Ativa - TikTok Shop","Barra Mansa","Vendas limitadas a encomendas e delivery local; dificuldade em escalar sem perder qualidade artesanal; depende de datas comemorativas; marketing boca a boca tem alcance limitado.","Videos de confeitaria e doces artesanais viralizam organicamente no TikTok. A Barra Doce pode ter uma apresentadora mostrando o preparo ao vivo e vendendo direto pelo TikTok Shop - brigadeiros, bolos, chocolates com link de compra na tela.","Empresa: Barra Doce | Local: Barra Mansa | Nota Google: 4.3 (74 avaliacoes) | Categorias: Doceria | RANKING TIKTOK SHOP: Confeitaria e Doces Artesanais - Categoria #7 global (~7% do GMV) | POR QUE ESSE NEGOCIO: Food & Beverage cresce +42% no TikTok Shop. Videos de preparo de doces artesanais viralizam organicamente. Brigadeiros gourmet, bolos personalizados e chocolates artesanais tem margem alta. | PROPOSTA: Implementacao completa de TikTok Shop + apresentadora dedicada que vende os produtos em lives. O negocio so precisa fornecer os produtos - NUC cuida de toda a operacao digital."
"Salgados artesanais e Doces artesanais _Disk Delicias Vera Mohallem","NUC TikTok Shop x Salgados artesanais e Doces artesanais _Disk Delicias Vera Mohallem","+55 24 99277-0330","https://www.instagram.com/diskdeliciasvera/","Alimentacao - Confeitaria","Prospeccao Ativa - TikTok Shop","Barra Mansa","Vendas limitadas a encomendas e delivery local; dificuldade em escalar sem perder qualidade artesanal; depende de datas comemorativas; marketing boca a boca tem alcance limitado.","Videos de confeitaria e doces artesanais viralizam organicamente no TikTok. A Salgados artesanais e Doces artesanais _Disk Delicias Vera Mohallem pode ter uma apresentadora mostrando o preparo ao vivo e vendendo direto pelo TikTok Shop - brigadeiros, bolos, chocolates com link de compra na tela.","Empresa: Salgados artesanais e Doces artesanais _Disk Delicias Vera Mohallem | Local: Barra Mansa | Nota Google: 4.9 (66 avaliacoes) | Categorias: Fabricação de alimentos, Loja de bolos, Serviços para festas infantis, Chocolateria, Loja de chocolates, Buffet de doces e sobremesas, Doceria, Loja de alimentos congelados, Confeitaria, Confeitaria para casamentos | RANKING TIKTOK SHOP: Confeitaria e Doces Artesanais - Categoria #7 global (~7% do GMV) | POR QUE ESSE NEGOCIO: Food & Beverage cresce +42% no TikTok Shop. Videos de preparo de doces artesanais viralizam organicamente. Brigadeiros gourmet, bolos personalizados e chocolates artesanais tem margem alta. | PROPOSTA: Implementacao completa de TikTok Shop + apresentadora dedicada que vende os produtos em lives. O negocio so precisa fornecer os produtos - NUC cuida de toda a operacao digital."
"vovó simone doces","NUC TikTok Shop x vovó simone doces","+55 24 3322-0741","https://www.google.com/search?q=vov%C3%B3+simone+doces+Barra+Mansa+instagram","Alimentacao - Confeitaria","Prospeccao Ativa - TikTok Shop","Barra Mansa","Vendas limitadas a encomendas e delivery local; dificuldade em escalar sem perder qualidade artesanal; depende de datas comemorativas; marketing boca a boca tem alcance limitado.","Videos de confeitaria e doces artesanais viralizam organicamente no TikTok. A vovó simone doces pode ter uma apresentadora mostrando o preparo ao vivo e vendendo direto pelo TikTok Shop - brigadeiros, bolos, chocolates com link de compra na tela.","Empresa: vovó simone doces | Local: Barra Mansa | Nota Google: 4.8 (60 avaliacoes) | Categorias: Loja de chocolates | RANKING TIKTOK SHOP: Confeitaria e Doces Artesanais - Categoria #7 global (~7% do GMV) | POR QUE ESSE NEGOCIO: Food & Beverage cresce +42% no TikTok Shop. Videos de preparo de doces artesanais viralizam organicamente. Brigadeiros gourmet, bolos personalizados e chocolates artesanais tem margem alta. | PROPOSTA: Implementacao completa de TikTok Shop + apresentadora dedicada que vende os produtos em lives. O negocio so precisa fornecer os produtos - NUC cuida de toda a operacao digital."
"Oba, Temos Brownie!","NUC TikTok Shop x Oba, Temos Brownie!","+55 24 99290-3262","https://www.google.com/search?q=Oba%2C+Temos+Brownie%21+Barra+Mansa+instagram","Alimentacao - Confeitaria","Prospeccao Ativa - TikTok Shop","Barra Mansa","Vendas limitadas a encomendas e delivery local; dificuldade em escalar sem perder qualidade artesanal; depende de datas comemorativas; marketing boca a boca tem alcance limitado.","Food & Beverage cresce +42% no TikTok Shop. A Oba, Temos Brownie! tem 42 avaliacoes e ja e referencia. Imagine uma live onde a apresentadora mostra seus doces sendo feitos e o publico compra na hora - essa e a nova forma de vender.","Empresa: Oba, Temos Brownie! | Local: Barra Mansa | Nota Google: 4.9 (42 avaliacoes) | Categorias: Doceria | RANKING TIKTOK SHOP: Confeitaria e Doces Artesanais - Categoria #7 global (~7% do GMV) | POR QUE ESSE NEGOCIO: Food & Beverage cresce +42% no TikTok Shop. Videos de preparo de doces artesanais viralizam organicamente. Brigadeiros gourmet, bolos personalizados e chocolates artesanais tem margem alta. | PROPOSTA: Implementacao completa de TikTok Shop + apresentadora dedicada que vende os produtos em lives. O negocio so precisa fornecer os produtos - NUC cuida de toda a operacao digital."
"Torta Mania Gourmet","NUC TikTok Shop x Torta Mania Gourmet","+55 24 99827-2338","https://www.google.com/search?q=Torta+Mania+Gourmet+Barra+Mansa+instagram","Alimentacao - Confeitaria","Prospeccao Ativa - TikTok Shop","Barra Mansa","Vendas limitadas a encomendas e delivery local; dificuldade em escalar sem perder qualidade artesanal; depende de datas comemorativas; marketing boca a boca tem alcance limitado.","Videos de confeitaria e doces artesanais viralizam organicamente no TikTok. A Torta Mania Gourmet pode ter uma apresentadora mostrando o preparo ao vivo e vendendo direto pelo TikTok Shop - brigadeiros, bolos, chocolates com link de compra na tela.","Empresa: Torta Mania Gourmet | Local: Barra Mansa | Nota Google: 4.5 (33 avaliacoes) | Categorias: Confeitaria, Loja de bolos, Doceria | RANKING TIKTOK SHOP: Confeitaria e Doces Artesanais - Categoria #7 global (~7% do GMV) | POR QUE ESSE NEGOCIO: Food & Beverage cresce +42% no TikTok Shop. Videos de preparo de doces artesanais viralizam organicamente. Brigadeiros gourmet, bolos personalizados e chocolates artesanais tem margem alta. | PROPOSTA: Implementacao completa de TikTok Shop + apresentadora dedicada que vende os produtos em lives. O negocio so precisa fornecer os produtos - NUC cuida de toda a operacao digital."
"Eduardo Alves Doces","NUC TikTok Shop x Eduardo Alves Doces","+55 24 99254-8170","https://www.google.com/search?q=Eduardo+Alves+Doces+Barra+Mansa+instagram","Alimentacao - Confeitaria","Prospeccao Ativa - TikTok Shop","Barra Mansa","Vendas limitadas a encomendas e delivery local; dificuldade em escalar sem perder qualidade artesanal; depende de datas comemorativas; marketing boca a boca tem alcance limitado.","Food & Beverage cresce +42% no TikTok Shop. A Eduardo Alves Doces tem 25 avaliacoes e ja e referencia. Imagine uma live onde a apresentadora mostra seus doces sendo feitos e o publico compra na hora - essa e a nova forma de vender.","Empresa: Eduardo Alves Doces | Local: Barra Mansa | Nota Google: 5.0 (25 avaliacoes) | Categorias: Doceria | RANKING TIKTOK SHOP: Confeitaria e Doces Artesanais - Categoria #7 global (~7% do GMV) | POR QUE ESSE NEGOCIO: Food & Beverage cresce +42% no TikTok Shop. Videos de preparo de doces artesanais viralizam organicamente. Brigadeiros gourmet, bolos personalizados e chocolates artesanais tem margem alta. | PROPOSTA: Implementacao completa de TikTok Shop + apresentadora dedicada que vende os produtos em lives. O negocio so precisa fornecer os produtos - NUC cuida de toda a operacao digital."
"Bruna Monteiro Confeitaria","NUC TikTok Shop x Bruna Monteiro Confeitaria","+55 24 99285-0911","https://www.google.com/search?q=Bruna+Monteiro+Confeitaria+Barra+Mansa+instagram","Alimentacao - Confeitaria","Prospeccao Ativa - TikTok Shop","Barra Mansa","Vendas limitadas a encomendas e delivery local; dificuldade em escalar sem perder qualidade artesanal; depende de datas comemorativas; marketing boca a boca tem alcance limitado.","Food & Beverage cresce +42% no TikTok Shop. A Bruna Monteiro Confeitaria tem 21 avaliacoes e ja e referencia. Imagine uma live onde a apresentadora mostra seus doces sendo feitos e o publico compra na hora - essa e a nova forma de vender.","Empresa: Bruna Monteiro Confeitaria | Local: Barra Mansa | Nota Google: 5.0 (21 avaliacoes) | Categorias: Confeitaria | RANKING TIKTOK SHOP: Confeitaria e Doces Artesanais - Categoria #7 global (~7% do GMV) | POR QUE ESSE NEGOCIO: Food & Beverage cresce +42% no TikTok Shop. Videos de preparo de doces artesanais viralizam organicamente. Brigadeiros gourmet, bolos personalizados e chocolates artesanais tem margem alta. | PROPOSTA: Implementacao completa de TikTok Shop + apresentadora dedicada que vende os produtos em lives. O negocio so precisa fornecer os produtos - NUC cuida de toda a operacao digital."
"Doceria Tamires Serafim","NUC TikTok Shop x Doceria Tamires Serafim","+55 24 99816-7923","https://www.google.com/search?q=Doceria+Tamires+Serafim+Barra+Mansa+instagram","Alimentacao - Confeitaria","Prospeccao Ativa - TikTok Shop","Barra Mansa","Vendas limitadas a encomendas e delivery local; dificuldade em escalar sem perder qualidade artesanal; depende de datas comemorativas; marketing boca a boca tem alcance limitado.","Food & Beverage cresce +42% no TikTok Shop. A Doceria Tamires Serafim tem 14 avaliacoes e ja e referencia. Imagine uma live onde a apresentadora mostra seus doces sendo feitos e o publico compra na hora - essa e a nova forma de vender.","Empresa: Doceria Tamires Serafim | Local: Barra Mansa | Nota Google: 5.0 (14 avaliacoes) | Categorias: Doceria | RANKING TIKTOK SHOP: Confeitaria e Doces Artesanais - Categoria #7 global (~7% do GMV) | POR QUE ESSE NEGOCIO: Food & Beverage cresce +42% no TikTok Shop. Videos de preparo de doces artesanais viralizam organicamente. Brigadeiros gourmet, bolos personalizados e chocolates artesanais tem margem alta. | PROPOSTA: Implementacao completa de TikTok Shop + apresentadora dedicada que vende os produtos em lives. O negocio so precisa fornecer os produtos - NUC cuida de toda a operacao digital."
"Delícias da Nize","NUC TikTok Shop x Delícias da Nize","+55 24 99920-7843","https://www.google.com/search?q=Del%C3%ADcias+da+Nize+Barra+Mansa+instagram","Alimentacao - Confeitaria","Prospeccao Ativa - TikTok Shop","Barra Mansa","Vendas limitadas a encomendas e delivery local; dificuldade em escalar sem perder qualidade artesanal; depende de datas comemorativas; marketing boca a boca tem alcance limitado.","Food & Beverage cresce +42% no TikTok Shop. A Delícias da Nize tem 12 avaliacoes e ja e referencia. Imagine uma live onde a apresentadora mostra seus doces sendo feitos e o publico compra na hora - essa e a nova forma de vender.","Empresa: Delícias da Nize | Local: Barra Mansa | Nota Google: 4.8 (12 avaliacoes) | Categorias: Confeitaria | RANKING TIKTOK SHOP: Confeitaria e Doces Artesanais - Categoria #7 global (~7% do GMV) | POR QUE ESSE NEGOCIO: Food & Beverage cresce +42% no TikTok Shop. Videos de preparo de doces artesanais viralizam organicamente. Brigadeiros gourmet, bolos personalizados e chocolates artesanais tem margem alta. | PROPOSTA: Implementacao completa de TikTok Shop + apresentadora dedicada que vende os produtos em lives. O negocio so precisa fornecer os produtos - NUC cuida de toda a operacao digital."
"Renata Bombons","NUC TikTok Shop x Renata Bombons","+55 24 99815-9516","https://www.google.com/search?q=Renata+Bombons+Barra+Mansa+instagram","Alimentacao - Confeitaria","Prospeccao Ativa - TikTok Shop","Barra Mansa","Vendas limitadas a encomendas e delivery local; dificuldade em escalar sem perder qualidade artesanal; depende de datas comemorativas; marketing boca a boca tem alcance limitado.","Videos de confeitaria e doces artesanais viralizam organicamente no TikTok. A Renata Bombons pode ter uma apresentadora mostrando o preparo ao vivo e vendendo direto pelo TikTok Shop - brigadeiros, bolos, chocolates com link de compra na tela.","Empresa: Renata Bombons | Local: Barra Mansa | Nota Google: 5.0 (11 avaliacoes) | Categorias: Doceria | RANKING TIKTOK SHOP: Confeitaria e Doces Artesanais - Categoria #7 global (~7% do GMV) | POR QUE ESSE NEGOCIO: Food & Beverage cresce +42% no TikTok Shop. Videos de preparo de doces artesanais viralizam organicamente. Brigadeiros gourmet, bolos personalizados e chocolates artesanais tem margem alta. | PROPOSTA: Implementacao completa de TikTok Shop + apresentadora dedicada que vende os produtos em lives. O negocio so precisa fornecer os produtos - NUC cuida de toda a operacao digital."
"Lídia Doces Artesanais","NUC TikTok Shop x Lídia Doces Artesanais","+55 24 98120-2243","https://www.google.com/search?q=L%C3%ADdia+Doces+Artesanais+Barra+Mansa+instagram","Alimentacao - Confeitaria","Prospeccao Ativa - TikTok Shop","Barra Mansa","Vendas limitadas a encomendas e delivery local; dificuldade em escalar sem perder qualidade artesanal; depende de datas comemorativas; marketing boca a boca tem alcance limitado.","Food & Beverage cresce +42% no TikTok Shop. A Lídia Doces Artesanais tem 8 avaliacoes e ja e referencia. Imagine uma live onde a apresentadora mostra seus doces sendo feitos e o publico compra na hora - essa e a nova forma de vender.","Empresa: Lídia Doces Artesanais | Local: Barra Mansa | Nota Google: 5.0 (8 avaliacoes) | Categorias: Doceria, Loja de bolos, Confeitaria | RANKING TIKTOK SHOP: Confeitaria e Doces Artesanais - Categoria #7 global (~7% do GMV) | POR QUE ESSE NEGOCIO: Food & Beverage cresce +42% no TikTok Shop. Videos de preparo de doces artesanais viralizam organicamente. Brigadeiros gourmet, bolos personalizados e chocolates artesanais tem margem alta. | PROPOSTA: Implementacao completa de TikTok Shop + apresentadora dedicada que vende os produtos em lives. O negocio so precisa fornecer os produtos - NUC cuida de toda a operacao digital."
"Doces@marcellysilva- loja online","NUC TikTok Shop x Doces@marcellysilva- loja online","+55 24 99944-8765","https://www.google.com/search?q=Doces%40marcellysilva-+loja+online+Barra+Mansa+instagram","Alimentacao - Confeitaria","Prospeccao Ativa - TikTok Shop","Barra Mansa","Vendas limitadas a encomendas e delivery local; dificuldade em escalar sem perder qualidade artesanal; depende de datas comemorativas; marketing boca a boca tem alcance limitado.","Food & Beverage cresce +42% no TikTok Shop. A Doces@marcellysilva- loja online tem 7 avaliacoes e ja e referencia. Imagine uma live onde a apresentadora mostra seus doces sendo feitos e o publico compra na hora - essa e a nova forma de vender.","Empresa: Doces@marcellysilva- loja online | Local: Barra Mansa | Nota Google: 5.0 (7 avaliacoes) | Categorias: Doceria | RANKING TIKTOK SHOP: Confeitaria e Doces Artesanais - Categoria #7 global (~7% do GMV) | POR QUE ESSE NEGOCIO: Food & Beverage cresce +42% no TikTok Shop. Videos de preparo de doces artesanais viralizam organicamente. Brigadeiros gourmet, bolos personalizados e chocolates artesanais tem margem alta. | PROPOSTA: Implementacao completa de TikTok Shop + apresentadora dedicada que vende os produtos em lives. O negocio so precisa fornecer os produtos - NUC cuida de toda a operacao digital."
"Doceria do céu","NUC TikTok Shop x Doceria do céu","+55 24 98150-9030","https://www.google.com/search?q=Doceria+do+c%C3%A9u+Barra+Mansa+instagram","Alimentacao - Confeitaria","Prospeccao Ativa - TikTok Shop","Barra Mansa","Vendas limitadas a encomendas e delivery local; dificuldade em escalar sem perder qualidade artesanal; depende de datas comemorativas; marketing boca a boca tem alcance limitado.","Food & Beverage cresce +42% no TikTok Shop. A Doceria do céu tem 5 avaliacoes e ja e referencia. Imagine uma live onde a apresentadora mostra seus doces sendo feitos e o publico compra na hora - essa e a nova forma de vender.","Empresa: Doceria do céu | Local: Barra Mansa | Nota Google: 5.0 (5 avaliacoes) | Categorias: Confeitaria, Buffet de doces e sobremesas, Doceria | RANKING TIKTOK SHOP: Confeitaria e Doces Artesanais - Categoria #7 global (~7% do GMV) | POR QUE ESSE NEGOCIO: Food & Beverage cresce +42% no TikTok Shop. Videos de preparo de doces artesanais viralizam organicamente. Brigadeiros gourmet, bolos personalizados e chocolates artesanais tem margem alta. | PROPOSTA: Implementacao completa de TikTok Shop + apresentadora dedicada que vende os produtos em lives. O negocio so precisa fornecer os produtos - NUC cuida de toda a operacao digital."
"Bia Dolce","NUC TikTok Shop x Bia Dolce","+55 24 99869-5210","https://www.instagram.com/biadolce.oficial","Alimentacao - Confeitaria","Prospeccao Ativa - TikTok Shop","Barra Mansa","Vendas limitadas a encomendas e delivery local; dificuldade em escalar sem perder qualidade artesanal; depende de datas comemorativas; marketing boca a boca tem alcance limitado.","Food & Beverage cresce +42% no TikTok Shop. A Bia Dolce tem 5 avaliacoes e ja e referencia. Imagine uma live onde a apresentadora mostra seus doces sendo feitos e o publico compra na hora - essa e a nova forma de vender.","Empresa: Bia Dolce | Local: Barra Mansa | Nota Google: 4.2 (5 avaliacoes) | Categorias: Doceria | RANKING TIKTOK SHOP: Confeitaria e Doces Artesanais - Categoria #7 global (~7% do GMV) | POR QUE ESSE NEGOCIO: Food & Beverage cresce +42% no TikTok Shop. Videos de preparo de doces artesanais viralizam organicamente. Brigadeiros gourmet, bolos personalizados e chocolates artesanais tem margem alta. | PROPOSTA: Implementacao completa de TikTok Shop + apresentadora dedicada que vende os produtos em lives. O negocio so precisa fornecer os produtos - NUC cuida de toda a operacao digital."
"Brigadelírios Doceria","NUC TikTok Shop x Brigadelírios Doceria","+55 24 99945-2610","https://www.instagram.com/brigadelirios/","Alimentacao - Confeitaria","Prospeccao Ativa - TikTok Shop","Barra Mansa","Vendas limitadas a encomendas e delivery local; dificuldade em escalar sem perder qualidade artesanal; depende de datas comemorativas; marketing boca a boca tem alcance limitado.","Food & Beverage cresce +42% no TikTok Shop. A Brigadelírios Doceria tem 3 avaliacoes e ja e referencia. Imagine uma live onde a apresentadora mostra seus doces sendo feitos e o publico compra na hora - essa e a nova forma de vender.","Empresa: Brigadelírios Doceria | Local: Barra Mansa | Nota Google: 5.0 (3 avaliacoes) | Categorias: Doceria | RANKING TIKTOK SHOP: Confeitaria e Doces Artesanais - Categoria #7 global (~7% do GMV) | POR QUE ESSE NEGOCIO: Food & Beverage cresce +42% no TikTok Shop. Videos de preparo de doces artesanais viralizam organicamente. Brigadeiros gourmet, bolos personalizados e chocolates artesanais tem margem alta. | PROPOSTA: Implementacao completa de TikTok Shop + apresentadora dedicada que vende os produtos em lives. O negocio so precisa fornecer os produtos - NUC cuida de toda a operacao digital."
"Mercadão do Doce","NUC TikTok Shop x Mercadão do Doce","+55 24 98163-4989","https://www.google.com/search?q=Mercad%C3%A3o+do+Doce+Barra+Mansa+instagram","Alimentacao - Confeitaria","Prospeccao Ativa - TikTok Shop","Barra Mansa","Vendas limitadas a encomendas e delivery local; dificuldade em escalar sem perder qualidade artesanal; depende de datas comemorativas; marketing boca a boca tem alcance limitado.","Food & Beverage cresce +42% no TikTok Shop. A Mercadão do Doce tem 3 avaliacoes e ja e referencia. Imagine uma live onde a apresentadora mostra seus doces sendo feitos e o publico compra na hora - essa e a nova forma de vender.","Empresa: Mercadão do Doce | Local: Barra Mansa | Nota Google: 5.0 (3 avaliacoes) | Categorias: Doceria | RANKING TIKTOK SHOP: Confeitaria e Doces Artesanais - Categoria #7 global (~7% do GMV) | POR QUE ESSE NEGOCIO: Food & Beverage cresce +42% no TikTok Shop. Videos de preparo de doces artesanais viralizam organicamente. Brigadeiros gourmet, bolos personalizados e chocolates artesanais tem margem alta. | PROPOSTA: Implementacao completa de TikTok Shop + apresentadora dedicada que vende os produtos em lives. O negocio so precisa fornecer os produtos - NUC cuida de toda a operacao digital."
"Clara Doces confeitaria","NUC TikTok Shop x Clara Doces confeitaria","+55 24 99839-3798","https://www.google.com/search?q=Clara+Doces+confeitaria+Barra+Mansa+instagram","Alimentacao - Confeitaria","Prospeccao Ativa - TikTok Shop","Barra Mansa","Vendas limitadas a encomendas e delivery local; dificuldade em escalar sem perder qualidade artesanal; depende de datas comemorativas; marketing boca a boca tem alcance limitado.","Food & Beverage cresce +42% no TikTok Shop. A Clara Doces confeitaria tem 2 avaliacoes e ja e referencia. Imagine uma live onde a apresentadora mostra seus doces sendo feitos e o publico compra na hora - essa e a nova forma de vender.","Empresa: Clara Doces confeitaria | Local: Barra Mansa | Nota Google: 5.0 (2 avaliacoes) | Categorias: Confeitaria | RANKING TIKTOK SHOP: Confeitaria e Doces Artesanais - Categoria #7 global (~7% do GMV) | POR QUE ESSE NEGOCIO: Food & Beverage cresce +42% no TikTok Shop. Videos de preparo de doces artesanais viralizam organicamente. Brigadeiros gourmet, bolos personalizados e chocolates artesanais tem margem alta. | PROPOSTA: Implementacao completa de TikTok Shop + apresentadora dedicada que vende os produtos em lives. O negocio so precisa fornecer os produtos - NUC cuida de toda a operacao digital."
"sexshop sensualle Doce","NUC TikTok Shop x sexshop sensualle Doce","+55 24 98819-9697","https://www.google.com/search?q=sexshop+sensualle+Doce+Barra+Mansa+instagram","Alimentacao - Confeitaria","Prospeccao Ativa - TikTok Shop","Barra Mansa","Vendas limitadas a encomendas e delivery local; dificuldade em escalar sem perder qualidade artesanal; depende de datas comemorativas; marketing boca a boca tem alcance limitado.","Videos de confeitaria e doces artesanais viralizam organicamente no TikTok. A sexshop sensualle Doce pode ter uma apresentadora mostrando o preparo ao vivo e vendendo direto pelo TikTok Shop - brigadeiros, bolos, chocolates com link de compra na tela.","Empresa: sexshop sensualle Doce | Local: Barra Mansa | Nota Google: 5.0 (1 avaliacoes) | Categorias: Sex Shop | RANKING TIKTOK SHOP: Confeitaria e Doces Artesanais - Categoria #7 global (~7% do GMV) | POR QUE ESSE NEGOCIO: Food & Beverage cresce +42% no TikTok Shop. Videos de preparo de doces artesanais viralizam organicamente. Brigadeiros gourmet, bolos personalizados e chocolates artesanais tem margem alta. | PROPOSTA: Implementacao completa de TikTok Shop + apresentadora dedicada que vende os produtos em lives. O negocio so precisa fornecer os produtos - NUC cuida de toda a operacao digital."
"Dona Maria Doces","NUC TikTok Shop x Dona Maria Doces","+55 24 99294-0630","http://instagram.com/donamariadoces_","Alimentacao - Confeitaria","Prospeccao Ativa - TikTok Shop","Barra Mansa","Vendas limitadas a encomendas e delivery local; dificuldade em escalar sem perder qualidade artesanal; depende de datas comemorativas; marketing boca a boca tem alcance limitado.","Food & Beverage cresce +42% no TikTok Shop. A Dona Maria Doces tem 1 avaliacoes e ja e referencia. Imagine uma live onde a apresentadora mostra seus doces sendo feitos e o publico compra na hora - essa e a nova forma de vender.","Empresa: Dona Maria Doces | Local: Barra Mansa | Nota Google: 5.0 (1 avaliacoes) | Categorias: Doceria | RANKING TIKTOK SHOP: Confeitaria e Doces Artesanais - Categoria #7 global (~7% do GMV) | POR QUE ESSE NEGOCIO: Food & Beverage cresce +42% no TikTok Shop. Videos de preparo de doces artesanais viralizam organicamente. Brigadeiros gourmet, bolos personalizados e chocolates artesanais tem margem alta. | PROPOSTA: Implementacao completa de TikTok Shop + apresentadora dedicada que vende os produtos em lives. O negocio so precisa fornecer os produtos - NUC cuida de toda a operacao digital."
"Muy Bueno Chocolates","NUC TikTok Shop x Muy Bueno Chocolates","+55 24 99317-6857","https://www.google.com/search?q=Muy+Bueno+Chocolates+Barra+Mansa+instagram","Alimentacao - Confeitaria","Prospeccao Ativa - TikTok Shop","Barra Mansa","Vendas limitadas a encomendas e delivery local; dificuldade em escalar sem perder qualidade artesanal; depende de datas comemorativas; marketing boca a boca tem alcance limitado.","Food & Beverage cresce +42% no TikTok Shop. A Muy Bueno Chocolates tem 1 avaliacoes e ja e referencia. Imagine uma live onde a apresentadora mostra seus doces sendo feitos e o publico compra na hora - essa e a nova forma de vender.","Empresa: Muy Bueno Chocolates | Local: Barra Mansa | Nota Google: 5.0 (1 avaliacoes) | Categorias: Doceria | RANKING TIKTOK SHOP: Confeitaria e Doces Artesanais - Categoria #7 global (~7% do GMV) | POR QUE ESSE NEGOCIO: Food & Beverage cresce +42% no TikTok Shop. Videos de preparo de doces artesanais viralizam organicamente. Brigadeiros gourmet, bolos personalizados e chocolates artesanais tem margem alta. | PROPOSTA: Implementacao completa de TikTok Shop + apresentadora dedicada que vende os produtos em lives. O negocio so precisa fornecer os produtos - NUC cuida de toda a operacao digital."
"Larro doces","NUC TikTok Shop x Larro doces","+55 24 99217-6992","https://www.google.com/search?q=Larro+doces+Barra+Mansa+instagram","Alimentacao - Confeitaria","Prospeccao Ativa - TikTok Shop","Barra Mansa","Vendas limitadas a encomendas e delivery local; dificuldade em escalar sem perder qualidade artesanal; depende de datas comemorativas; marketing boca a boca tem alcance limitado.","Videos de confeitaria e doces artesanais viralizam organicamente no TikTok. A Larro doces pode ter uma apresentadora mostrando o preparo ao vivo e vendendo direto pelo TikTok Shop - brigadeiros, bolos, chocolates com link de compra na tela.","Empresa: Larro doces | Local: Barra Mansa | Categorias: Confeitaria | RANKING TIKTOK SHOP: Confeitaria e Doces Artesanais - Categoria #7 global (~7% do GMV) | POR QUE ESSE NEGOCIO: Food & Beverage cresce +42% no TikTok Shop. Videos de preparo de doces artesanais viralizam organicamente. Brigadeiros gourmet, bolos personalizados e chocolates artesanais tem margem alta. | PROPOSTA: Implementacao completa de TikTok Shop + apresentadora dedicada que vende os produtos em lives. O negocio so precisa fornecer os produtos - NUC cuida de toda a operacao digital."
"KiMania Presentes","NUC TikTok Shop x KiMania Presentes","+55 24 98836-5185","https://www.google.com/search?q=KiMania+Presentes+Barra+Mansa+instagram","Casa e Decoracao","Prospeccao Ativa - TikTok Shop","Barra Mansa","Vendas dependem do fluxo de loja; cliente nao visualiza o produto em uso antes de comprar; concorrencia com Shopee e marketplaces; dificuldade em criar desejo online.","Decoracao e organizacao viralizam no TikTok com 'before/after'. A KiMania Presentes pode ter uma apresentadora mostrando seus produtos em uso - velas, organizadores, difusores - com link de compra direto. Ticket medio de R$30-120 e compra por impulso.","Empresa: KiMania Presentes | Local: Barra Mansa | Nota Google: 4.8 (141 avaliacoes) | Categorias: Loja de presentes | RANKING TIKTOK SHOP: Casa, Decoracao e Aromas - Categoria #8 global (~8% do GMV) | POR QUE ESSE NEGOCIO: Before/after de organizacao e decoracao viraliza sistematicamente. Velas aromaticas, difusores e organizadores tem ticket medio bom (R$30-120) e alta margem. Presentes criativos vendem bem em lives. | PROPOSTA: Implementacao completa de TikTok Shop + apresentadora dedicada que vende os produtos em lives. O negocio so precisa fornecer os produtos - NUC cuida de toda a operacao digital."
"Casa Valim","NUC TikTok Shop x Casa Valim","+55 24 98824-6810","https://www.google.com/search?q=Casa+Valim+Barra+Mansa+instagram","Casa e Decoracao","Prospeccao Ativa - TikTok Shop","Barra Mansa","Vendas dependem do fluxo de loja; cliente nao visualiza o produto em uso antes de comprar; concorrencia com Shopee e marketplaces; dificuldade em criar desejo online.","Decoracao e organizacao viralizam no TikTok com 'before/after'. A Casa Valim pode ter uma apresentadora mostrando seus produtos em uso - velas, organizadores, difusores - com link de compra direto. Ticket medio de R$30-120 e compra por impulso.","Empresa: Casa Valim | Local: Barra Mansa | Nota Google: 4.7 (85 avaliacoes) | Categorias: Papelaria, Loja de Presentes | RANKING TIKTOK SHOP: Casa, Decoracao e Aromas - Categoria #8 global (~8% do GMV) | POR QUE ESSE NEGOCIO: Before/after de organizacao e decoracao viraliza sistematicamente. Velas aromaticas, difusores e organizadores tem ticket medio bom (R$30-120) e alta margem. Presentes criativos vendem bem em lives. | PROPOSTA: Implementacao completa de TikTok Shop + apresentadora dedicada que vende os produtos em lives. O negocio so precisa fornecer os produtos - NUC cuida de toda a operacao digital."
"Aline Presentes Personalizados","NUC TikTok Shop x Aline Presentes Personalizados","+55 24 98140-1566","https://www.google.com/search?q=Aline+Presentes+Personalizados+Barra+Mansa+instagram","Casa e Decoracao","Prospeccao Ativa - TikTok Shop","Barra Mansa","Vendas dependem do fluxo de loja; cliente nao visualiza o produto em uso antes de comprar; concorrencia com Shopee e marketplaces; dificuldade em criar desejo online.","Decoracao e organizacao viralizam no TikTok com 'before/after'. A Aline Presentes Personalizados pode ter uma apresentadora mostrando seus produtos em uso - velas, organizadores, difusores - com link de compra direto. Ticket medio de R$30-120 e compra por impulso.","Empresa: Aline Presentes Personalizados | Local: Barra Mansa | Nota Google: 4.5 (41 avaliacoes) | Categorias: Loja de presentes | RANKING TIKTOK SHOP: Casa, Decoracao e Aromas - Categoria #8 global (~8% do GMV) | POR QUE ESSE NEGOCIO: Before/after de organizacao e decoracao viraliza sistematicamente. Velas aromaticas, difusores e organizadores tem ticket medio bom (R$30-120) e alta margem. Presentes criativos vendem bem em lives. | PROPOSTA: Implementacao completa de TikTok Shop + apresentadora dedicada que vende os produtos em lives. O negocio so precisa fornecer os produtos - NUC cuida de toda a operacao digital."
"Oh, my God!","NUC TikTok Shop x Oh, my God!","+55 24 99836-9214","https://www.google.com/search?q=Oh%2C+my+God%21+Barra+Mansa+instagram","Casa e Decoracao","Prospeccao Ativa - TikTok Shop","Barra Mansa","Vendas dependem do fluxo de loja; cliente nao visualiza o produto em uso antes de comprar; concorrencia com Shopee e marketplaces; dificuldade em criar desejo online.","Decoracao e organizacao viralizam no TikTok com 'before/after'. A Oh, my God! pode ter uma apresentadora mostrando seus produtos em uso - velas, organizadores, difusores - com link de compra direto. Ticket medio de R$30-120 e compra por impulso.","Empresa: Oh, my God! | Local: Barra Mansa | Nota Google: 5.0 (40 avaliacoes) | Categorias: Loja de presentes | RANKING TIKTOK SHOP: Casa, Decoracao e Aromas - Categoria #8 global (~8% do GMV) | POR QUE ESSE NEGOCIO: Before/after de organizacao e decoracao viraliza sistematicamente. Velas aromaticas, difusores e organizadores tem ticket medio bom (R$30-120) e alta margem. Presentes criativos vendem bem em lives. | PROPOSTA: Implementacao completa de TikTok Shop + apresentadora dedicada que vende os produtos em lives. O negocio so precisa fornecer os produtos - NUC cuida de toda a operacao digital."
"Decorline Decorações","NUC TikTok Shop x Decorline Decorações","+55 24 3322-0070","https://www.google.com/search?q=Decorline+Decora%C3%A7%C3%B5es+Barra+Mansa+instagram","Casa e Decoracao","Prospeccao Ativa - TikTok Shop","Barra Mansa","Vendas dependem do fluxo de loja; cliente nao visualiza o produto em uso antes de comprar; concorrencia com Shopee e marketplaces; dificuldade em criar desejo online.","A Decorline Decorações vende produtos perfeitos pro TikTok Shop - casa e decoracao e uma das categorias que mais cresce. Uma apresentadora mostrando seus produtos em ambientes reais gera desejo e conversao imediata.","Empresa: Decorline Decorações | Local: Barra Mansa | Nota Google: 4.2 (25 avaliacoes) | Categorias: Loja de artigos domésticos, Loja de persianas, Loja de pisos, Loja de cortinas e persianas, Decorador de interiores, Loja de papel de parede | RANKING TIKTOK SHOP: Casa, Decoracao e Aromas - Categoria #8 global (~8% do GMV) | POR QUE ESSE NEGOCIO: Before/after de organizacao e decoracao viraliza sistematicamente. Velas aromaticas, difusores e organizadores tem ticket medio bom (R$30-120) e alta margem. Presentes criativos vendem bem em lives. | PROPOSTA: Implementacao completa de TikTok Shop + apresentadora dedicada que vende os produtos em lives. O negocio so precisa fornecer os produtos - NUC cuida de toda a operacao digital."
"Emoção","NUC TikTok Shop x Emoção","+55 24 3322-6119","https://www.google.com/search?q=Emo%C3%A7%C3%A3o+Barra+Mansa+instagram","Casa e Decoracao","Prospeccao Ativa - TikTok Shop","Barra Mansa","Vendas dependem do fluxo de loja; cliente nao visualiza o produto em uso antes de comprar; concorrencia com Shopee e marketplaces; dificuldade em criar desejo online.","A Emoção vende produtos perfeitos pro TikTok Shop - casa e decoracao e uma das categorias que mais cresce. Uma apresentadora mostrando seus produtos em ambientes reais gera desejo e conversao imediata.","Empresa: Emoção | Local: Barra Mansa | Nota Google: 4.8 (14 avaliacoes) | Categorias: Loja de artigos domésticos, Loja de Presentes | RANKING TIKTOK SHOP: Casa, Decoracao e Aromas - Categoria #8 global (~8% do GMV) | POR QUE ESSE NEGOCIO: Before/after de organizacao e decoracao viraliza sistematicamente. Velas aromaticas, difusores e organizadores tem ticket medio bom (R$30-120) e alta margem. Presentes criativos vendem bem em lives. | PROPOSTA: Implementacao completa de TikTok Shop + apresentadora dedicada que vende os produtos em lives. O negocio so precisa fornecer os produtos - NUC cuida de toda a operacao digital."
"Casaria Decor","NUC TikTok Shop x Casaria Decor","+55 24 99271-6447","https://www.google.com/search?q=Casaria+Decor+Barra+Mansa+instagram","Casa e Decoracao","Prospeccao Ativa - TikTok Shop","Barra Mansa","Vendas dependem do fluxo de loja; cliente nao visualiza o produto em uso antes de comprar; concorrencia com Shopee e marketplaces; dificuldade em criar desejo online.","A Casaria Decor vende produtos perfeitos pro TikTok Shop - casa e decoracao e uma das categorias que mais cresce. Uma apresentadora mostrando seus produtos em ambientes reais gera desejo e conversao imediata.","Empresa: Casaria Decor | Local: Barra Mansa | Nota Google: 4.9 (13 avaliacoes) | Categorias: Loja de artigos domésticos | RANKING TIKTOK SHOP: Casa, Decoracao e Aromas - Categoria #8 global (~8% do GMV) | POR QUE ESSE NEGOCIO: Before/after de organizacao e decoracao viraliza sistematicamente. Velas aromaticas, difusores e organizadores tem ticket medio bom (R$30-120) e alta margem. Presentes criativos vendem bem em lives. | PROPOSTA: Implementacao completa de TikTok Shop + apresentadora dedicada que vende os produtos em lives. O negocio so precisa fornecer os produtos - NUC cuida de toda a operacao digital."
"NOOVE","NUC TikTok Shop x NOOVE","+55 24 3323-3449","https://www.google.com/search?q=NOOVE+Barra+Mansa+instagram","Casa e Decoracao","Prospeccao Ativa - TikTok Shop","Barra Mansa","Vendas dependem do fluxo de loja; cliente nao visualiza o produto em uso antes de comprar; concorrencia com Shopee e marketplaces; dificuldade em criar desejo online.","Decoracao e organizacao viralizam no TikTok com 'before/after'. A NOOVE pode ter uma apresentadora mostrando seus produtos em uso - velas, organizadores, difusores - com link de compra direto. Ticket medio de R$30-120 e compra por impulso.","Empresa: NOOVE | Local: Barra Mansa | Nota Google: 4.4 (10 avaliacoes) | Categorias: Papelaria, Loja de presentes | RANKING TIKTOK SHOP: Casa, Decoracao e Aromas - Categoria #8 global (~8% do GMV) | POR QUE ESSE NEGOCIO: Before/after de organizacao e decoracao viraliza sistematicamente. Velas aromaticas, difusores e organizadores tem ticket medio bom (R$30-120) e alta margem. Presentes criativos vendem bem em lives. | PROPOSTA: Implementacao completa de TikTok Shop + apresentadora dedicada que vende os produtos em lives. O negocio so precisa fornecer os produtos - NUC cuida de toda a operacao digital."
"Mazel Presentes","NUC TikTok Shop x Mazel Presentes","+55 24 3323-1474","https://www.google.com/search?q=Mazel+Presentes+Barra+Mansa+instagram","Casa e Decoracao","Prospeccao Ativa - TikTok Shop","Barra Mansa","Vendas dependem do fluxo de loja; cliente nao visualiza o produto em uso antes de comprar; concorrencia com Shopee e marketplaces; dificuldade em criar desejo online.","Decoracao e organizacao viralizam no TikTok com 'before/after'. A Mazel Presentes pode ter uma apresentadora mostrando seus produtos em uso - velas, organizadores, difusores - com link de compra direto. Ticket medio de R$30-120 e compra por impulso.","Empresa: Mazel Presentes | Local: Barra Mansa | Nota Google: 4.0 (7 avaliacoes) | Categorias: Loja de Presentes | RANKING TIKTOK SHOP: Casa, Decoracao e Aromas - Categoria #8 global (~8% do GMV) | POR QUE ESSE NEGOCIO: Before/after de organizacao e decoracao viraliza sistematicamente. Velas aromaticas, difusores e organizadores tem ticket medio bom (R$30-120) e alta margem. Presentes criativos vendem bem em lives. | PROPOSTA: Implementacao completa de TikTok Shop + apresentadora dedicada que vende os produtos em lives. O negocio so precisa fornecer os produtos - NUC cuida de toda a operacao digital."
"Sofisti Casa & Presentes","NUC TikTok Shop x Sofisti Casa & Presentes","+55 24 3401-1077","https://www.google.com/search?q=Sofisti+Casa+%26+Presentes+Barra+Mansa+instagram","Casa e Decoracao","Prospeccao Ativa - TikTok Shop","Barra Mansa","Vendas dependem do fluxo de loja; cliente nao visualiza o produto em uso antes de comprar; concorrencia com Shopee e marketplaces; dificuldade em criar desejo online.","A Sofisti Casa & Presentes vende produtos perfeitos pro TikTok Shop - casa e decoracao e uma das categorias que mais cresce. Uma apresentadora mostrando seus produtos em ambientes reais gera desejo e conversao imediata.","Empresa: Sofisti Casa & Presentes | Local: Barra Mansa | Nota Google: 5.0 (6 avaliacoes) | Categorias: Loja de presentes | RANKING TIKTOK SHOP: Casa, Decoracao e Aromas - Categoria #8 global (~8% do GMV) | POR QUE ESSE NEGOCIO: Before/after de organizacao e decoracao viraliza sistematicamente. Velas aromaticas, difusores e organizadores tem ticket medio bom (R$30-120) e alta margem. Presentes criativos vendem bem em lives. | PROPOSTA: Implementacao completa de TikTok Shop + apresentadora dedicada que vende os produtos em lives. O negocio so precisa fornecer os produtos - NUC cuida de toda a operacao digital."
"Ki Mania papelaria e presentes em geral","NUC TikTok Shop x Ki Mania papelaria e presentes em geral","+55 24 98809-9309","https://www.google.com/search?q=Ki+Mania+papelaria+e+presentes+em+geral+Barra+Mansa+instagram","Casa e Decoracao","Prospeccao Ativa - TikTok Shop","Barra Mansa","Vendas dependem do fluxo de loja; cliente nao visualiza o produto em uso antes de comprar; concorrencia com Shopee e marketplaces; dificuldade em criar desejo online.","Decoracao e organizacao viralizam no TikTok com 'before/after'. A Ki Mania papelaria e presentes em geral pode ter uma apresentadora mostrando seus produtos em uso - velas, organizadores, difusores - com link de compra direto. Ticket medio de R$30-120 e compra por impulso.","Empresa: Ki Mania papelaria e presentes em geral | Local: Barra Mansa | Nota Google: 5.0 (6 avaliacoes) | Categorias: Papelaria | RANKING TIKTOK SHOP: Casa, Decoracao e Aromas - Categoria #8 global (~8% do GMV) | POR QUE ESSE NEGOCIO: Before/after de organizacao e decoracao viraliza sistematicamente. Velas aromaticas, difusores e organizadores tem ticket medio bom (R$30-120) e alta margem. Presentes criativos vendem bem em lives. | PROPOSTA: Implementacao completa de TikTok Shop + apresentadora dedicada que vende os produtos em lives. O negocio so precisa fornecer os produtos - NUC cuida de toda a operacao digital."
"Creativity Decorações","NUC TikTok Shop x Creativity Decorações","+55 24 3322-1583","https://www.google.com/search?q=Creativity+Decora%C3%A7%C3%B5es+Barra+Mansa+instagram","Casa e Decoracao","Prospeccao Ativa - TikTok Shop","Barra Mansa","Vendas dependem do fluxo de loja; cliente nao visualiza o produto em uso antes de comprar; concorrencia com Shopee e marketplaces; dificuldade em criar desejo online.","A Creativity Decorações vende produtos perfeitos pro TikTok Shop - casa e decoracao e uma das categorias que mais cresce. Uma apresentadora mostrando seus produtos em ambientes reais gera desejo e conversao imediata.","Empresa: Creativity Decorações | Local: Barra Mansa | Nota Google: 5.0 (5 avaliacoes) | Categorias: Loja de tecidos | RANKING TIKTOK SHOP: Casa, Decoracao e Aromas - Categoria #8 global (~8% do GMV) | POR QUE ESSE NEGOCIO: Before/after de organizacao e decoracao viraliza sistematicamente. Velas aromaticas, difusores e organizadores tem ticket medio bom (R$30-120) e alta margem. Presentes criativos vendem bem em lives. | PROPOSTA: Implementacao completa de TikTok Shop + apresentadora dedicada que vende os produtos em lives. O negocio so precisa fornecer os produtos - NUC cuida de toda a operacao digital."
"De Laju Presentes","NUC TikTok Shop x De Laju Presentes","+55 24 99932-0663","https://instagram.com/delajupresentes?igshid=1okd8awxpf079","Casa e Decoracao","Prospeccao Ativa - TikTok Shop","Barra Mansa","Vendas dependem do fluxo de loja; cliente nao visualiza o produto em uso antes de comprar; concorrencia com Shopee e marketplaces; dificuldade em criar desejo online.","A De Laju Presentes vende produtos perfeitos pro TikTok Shop - casa e decoracao e uma das categorias que mais cresce. Uma apresentadora mostrando seus produtos em ambientes reais gera desejo e conversao imediata.","Empresa: De Laju Presentes | Local: Barra Mansa | Nota Google: 5.0 (5 avaliacoes) | Categorias: Loja de presentes | RANKING TIKTOK SHOP: Casa, Decoracao e Aromas - Categoria #8 global (~8% do GMV) | POR QUE ESSE NEGOCIO: Before/after de organizacao e decoracao viraliza sistematicamente. Velas aromaticas, difusores e organizadores tem ticket medio bom (R$30-120) e alta margem. Presentes criativos vendem bem em lives. | PROPOSTA: Implementacao completa de TikTok Shop + apresentadora dedicada que vende os produtos em lives. O negocio so precisa fornecer os produtos - NUC cuida de toda a operacao digital."
"Star Presentes","NUC TikTok Shop x Star Presentes","+55 24 3322-3187","https://www.google.com/search?q=Star+Presentes+Barra+Mansa+instagram","Casa e Decoracao","Prospeccao Ativa - TikTok Shop","Barra Mansa","Vendas dependem do fluxo de loja; cliente nao visualiza o produto em uso antes de comprar; concorrencia com Shopee e marketplaces; dificuldade em criar desejo online.","Decoracao e organizacao viralizam no TikTok com 'before/after'. A Star Presentes pode ter uma apresentadora mostrando seus produtos em uso - velas, organizadores, difusores - com link de compra direto. Ticket medio de R$30-120 e compra por impulso.","Empresa: Star Presentes | Local: Barra Mansa | Nota Google: 5.0 (3 avaliacoes) | Categorias: Loja de Presentes | RANKING TIKTOK SHOP: Casa, Decoracao e Aromas - Categoria #8 global (~8% do GMV) | POR QUE ESSE NEGOCIO: Before/after de organizacao e decoracao viraliza sistematicamente. Velas aromaticas, difusores e organizadores tem ticket medio bom (R$30-120) e alta margem. Presentes criativos vendem bem em lives. | PROPOSTA: Implementacao completa de TikTok Shop + apresentadora dedicada que vende os produtos em lives. O negocio so precisa fornecer os produtos - NUC cuida de toda a operacao digital."
"União Decorações","NUC TikTok Shop x União Decorações","+55 24 98855-0386","https://www.google.com/search?q=Uni%C3%A3o+Decora%C3%A7%C3%B5es+Barra+Mansa+instagram","Casa e Decoracao","Prospeccao Ativa - TikTok Shop","Barra Mansa","Vendas dependem do fluxo de loja; cliente nao visualiza o produto em uso antes de comprar; concorrencia com Shopee e marketplaces; dificuldade em criar desejo online.","Decoracao e organizacao viralizam no TikTok com 'before/after'. A União Decorações pode ter uma apresentadora mostrando seus produtos em uso - velas, organizadores, difusores - com link de compra direto. Ticket medio de R$30-120 e compra por impulso.","Empresa: União Decorações | Local: Barra Mansa | Nota Google: 3.5 (2 avaliacoes) | Categorias: Loja de artigos domésticos | RANKING TIKTOK SHOP: Casa, Decoracao e Aromas - Categoria #8 global (~8% do GMV) | POR QUE ESSE NEGOCIO: Before/after de organizacao e decoracao viraliza sistematicamente. Velas aromaticas, difusores e organizadores tem ticket medio bom (R$30-120) e alta margem. Presentes criativos vendem bem em lives. | PROPOSTA: Implementacao completa de TikTok Shop + apresentadora dedicada que vende os produtos em lives. O negocio so precisa fornecer os produtos - NUC cuida de toda a operacao digital."
"Silvana Presentes","NUC TikTok Shop x Silvana Presentes","+55 24 3342-8909","https://www.google.com/search?q=Silvana+Presentes+Barra+Mansa+instagram","Casa e Decoracao","Prospeccao Ativa - TikTok Shop","Barra Mansa","Vendas dependem do fluxo de loja; cliente nao visualiza o produto em uso antes de comprar; concorrencia com Shopee e marketplaces; dificuldade em criar desejo online.","Decoracao e organizacao viralizam no TikTok com 'before/after'. A Silvana Presentes pode ter uma apresentadora mostrando seus produtos em uso - velas, organizadores, difusores - com link de compra direto. Ticket medio de R$30-120 e compra por impulso.","Empresa: Silvana Presentes | Local: Barra Mansa | Nota Google: 5.0 (2 avaliacoes) | Categorias: Loja de Presentes | RANKING TIKTOK SHOP: Casa, Decoracao e Aromas - Categoria #8 global (~8% do GMV) | POR QUE ESSE NEGOCIO: Before/after de organizacao e decoracao viraliza sistematicamente. Velas aromaticas, difusores e organizadores tem ticket medio bom (R$30-120) e alta margem. Presentes criativos vendem bem em lives. | PROPOSTA: Implementacao completa de TikTok Shop + apresentadora dedicada que vende os produtos em lives. O negocio so precisa fornecer os produtos - NUC cuida de toda a operacao digital."
"Hm Presentes","NUC TikTok Shop x Hm Presentes","+55 24 99995-9271","https://www.google.com/search?q=Hm+Presentes+Barra+Mansa+instagram","Casa e Decoracao","Prospeccao Ativa - TikTok Shop","Barra Mansa","Vendas dependem do fluxo de loja; cliente nao visualiza o produto em uso antes de comprar; concorrencia com Shopee e marketplaces; dificuldade em criar desejo online.","Decoracao e organizacao viralizam no TikTok com 'before/after'. A Hm Presentes pode ter uma apresentadora mostrando seus produtos em uso - velas, organizadores, difusores - com link de compra direto. Ticket medio de R$30-120 e compra por impulso.","Empresa: Hm Presentes | Local: Barra Mansa | Nota Google: 5.0 (2 avaliacoes) | Categorias: Loja de Presentes | RANKING TIKTOK SHOP: Casa, Decoracao e Aromas - Categoria #8 global (~8% do GMV) | POR QUE ESSE NEGOCIO: Before/after de organizacao e decoracao viraliza sistematicamente. Velas aromaticas, difusores e organizadores tem ticket medio bom (R$30-120) e alta margem. Presentes criativos vendem bem em lives. | PROPOSTA: Implementacao completa de TikTok Shop + apresentadora dedicada que vende os produtos em lives. O negocio so precisa fornecer os produtos - NUC cuida de toda a operacao digital."
"Velas Santa Edwiges","NUC TikTok Shop x Velas Santa Edwiges","+55 24 99244-5861","https://www.google.com/search?q=Velas+Santa+Edwiges+Barra+Mansa+instagram","Casa e Decoracao","Prospeccao Ativa - TikTok Shop","Barra Mansa","Vendas dependem do fluxo de loja; cliente nao visualiza o produto em uso antes de comprar; concorrencia com Shopee e marketplaces; dificuldade em criar desejo online.","Decoracao e organizacao viralizam no TikTok com 'before/after'. A Velas Santa Edwiges pode ter uma apresentadora mostrando seus produtos em uso - velas, organizadores, difusores - com link de compra direto. Ticket medio de R$30-120 e compra por impulso.","Empresa: Velas Santa Edwiges | Local: Barra Mansa | Nota Google: 5.0 (1 avaliacoes) | Categorias: Loja de velas | RANKING TIKTOK SHOP: Casa, Decoracao e Aromas - Categoria #8 global (~8% do GMV) | POR QUE ESSE NEGOCIO: Before/after de organizacao e decoracao viraliza sistematicamente. Velas aromaticas, difusores e organizadores tem ticket medio bom (R$30-120) e alta margem. Presentes criativos vendem bem em lives. | PROPOSTA: Implementacao completa de TikTok Shop + apresentadora dedicada que vende os produtos em lives. O negocio so precisa fornecer os produtos - NUC cuida de toda a operacao digital."
"Loja de Presente Ana & Jô","NUC TikTok Shop x Loja de Presente Ana & Jô","+55 24 3322-9872","https://www.google.com/search?q=Loja+de+Presente+Ana+%26+J%C3%B4+Barra+Mansa+instagram","Casa e Decoracao","Prospeccao Ativa - TikTok Shop","Barra Mansa","Vendas dependem do fluxo de loja; cliente nao visualiza o produto em uso antes de comprar; concorrencia com Shopee e marketplaces; dificuldade em criar desejo online.","A Loja de Presente Ana & Jô vende produtos perfeitos pro TikTok Shop - casa e decoracao e uma das categorias que mais cresce. Uma apresentadora mostrando seus produtos em ambientes reais gera desejo e conversao imediata.","Empresa: Loja de Presente Ana & Jô | Local: Barra Mansa | Nota Google: 5.0 (1 avaliacoes) | Categorias: Loja de Presentes | RANKING TIKTOK SHOP: Casa, Decoracao e Aromas - Categoria #8 global (~8% do GMV) | POR QUE ESSE NEGOCIO: Before/after de organizacao e decoracao viraliza sistematicamente. Velas aromaticas, difusores e organizadores tem ticket medio bom (R$30-120) e alta margem. Presentes criativos vendem bem em lives. | PROPOSTA: Implementacao completa de TikTok Shop + apresentadora dedicada que vende os produtos em lives. O negocio so precisa fornecer os produtos - NUC cuida de toda a operacao digital."
"Daiana Yara Presentes","NUC TikTok Shop x Daiana Yara Presentes","+55 24 98143-0586","https://www.google.com/search?q=Daiana+Yara+Presentes+Barra+Mansa+instagram","Casa e Decoracao","Prospeccao Ativa - TikTok Shop","Barra Mansa","Vendas dependem do fluxo de loja; cliente nao visualiza o produto em uso antes de comprar; concorrencia com Shopee e marketplaces; dificuldade em criar desejo online.","Decoracao e organizacao viralizam no TikTok com 'before/after'. A Daiana Yara Presentes pode ter uma apresentadora mostrando seus produtos em uso - velas, organizadores, difusores - com link de compra direto. Ticket medio de R$30-120 e compra por impulso.","Empresa: Daiana Yara Presentes | Local: Barra Mansa | Nota Google: 5.0 (1 avaliacoes) | Categorias: Loja de presentes | RANKING TIKTOK SHOP: Casa, Decoracao e Aromas - Categoria #8 global (~8% do GMV) | POR QUE ESSE NEGOCIO: Before/after de organizacao e decoracao viraliza sistematicamente. Velas aromaticas, difusores e organizadores tem ticket medio bom (R$30-120) e alta margem. Presentes criativos vendem bem em lives. | PROPOSTA: Implementacao completa de TikTok Shop + apresentadora dedicada que vende os produtos em lives. O negocio so precisa fornecer os produtos - NUC cuida de toda a operacao digital."
"Robson & Bruna Presentes","NUC TikTok Shop x Robson & Bruna Presentes","+55 24 98816-5723","https://www.google.com/search?q=Robson+%26+Bruna+Presentes+Barra+Mansa+instagram","Casa e Decoracao","Prospeccao Ativa - TikTok Shop","Barra Mansa","Vendas dependem do fluxo de loja; cliente nao visualiza o produto em uso antes de comprar; concorrencia com Shopee e marketplaces; dificuldade em criar desejo online.","Decoracao e organizacao viralizam no TikTok com 'before/after'. A Robson & Bruna Presentes pode ter uma apresentadora mostrando seus produtos em uso - velas, organizadores, difusores - com link de compra direto. Ticket medio de R$30-120 e compra por impulso.","Empresa: Robson & Bruna Presentes | Local: Barra Mansa | Nota Google: 5.0 (1 avaliacoes) | Categorias: Loja de presentes | RANKING TIKTOK SHOP: Casa, Decoracao e Aromas - Categoria #8 global (~8% do GMV) | POR QUE ESSE NEGOCIO: Before/after de organizacao e decoracao viraliza sistematicamente. Velas aromaticas, difusores e organizadores tem ticket medio bom (R$30-120) e alta margem. Presentes criativos vendem bem em lives. | PROPOSTA: Implementacao completa de TikTok Shop + apresentadora dedicada que vende os produtos em lives. O negocio so precisa fornecer os produtos - NUC cuida de toda a operacao digital."
"NC PRESENTES","NUC TikTok Shop x NC PRESENTES","Prospectar presencialmente","https://www.google.com/search?q=NC+PRESENTES+Barra+Mansa+instagram","Casa e Decoracao","Prospeccao Ativa - TikTok Shop","Barra Mansa","Vendas dependem do fluxo de loja; cliente nao visualiza o produto em uso antes de comprar; concorrencia com Shopee e marketplaces; dificuldade em criar desejo online.","Decoracao e organizacao viralizam no TikTok com 'before/after'. A NC PRESENTES pode ter uma apresentadora mostrando seus produtos em uso - velas, organizadores, difusores - com link de compra direto. Ticket medio de R$30-120 e compra por impulso.","Empresa: NC PRESENTES | Local: Barra Mansa | Nota Google: 5.0 (1 avaliacoes) | Categorias: Loja de Presentes | RANKING TIKTOK SHOP: Casa, Decoracao e Aromas - Categoria #8 global (~8% do GMV) | POR QUE ESSE NEGOCIO: Before/after de organizacao e decoracao viraliza sistematicamente. Velas aromaticas, difusores e organizadores tem ticket medio bom (R$30-120) e alta margem. Presentes criativos vendem bem em lives. | PROPOSTA: Implementacao completa de TikTok Shop + apresentadora dedicada que vende os produtos em lives. O negocio so precisa fornecer os produtos - NUC cuida de toda a operacao digital."
"Barra Decorações","NUC TikTok Shop x Barra Decorações","+55 24 3323-6930","https://www.google.com/search?q=Barra+Decora%C3%A7%C3%B5es+Barra+Mansa+instagram","Casa e Decoracao","Prospeccao Ativa - TikTok Shop","Barra Mansa","Vendas dependem do fluxo de loja; cliente nao visualiza o produto em uso antes de comprar; concorrencia com Shopee e marketplaces; dificuldade em criar desejo online.","A Barra Decorações vende produtos perfeitos pro TikTok Shop - casa e decoracao e uma das categorias que mais cresce. Uma apresentadora mostrando seus produtos em ambientes reais gera desejo e conversao imediata.","Empresa: Barra Decorações | Local: Barra Mansa | Categorias: Loja de artigos domésticos | RANKING TIKTOK SHOP: Casa, Decoracao e Aromas - Categoria #8 global (~8% do GMV) | POR QUE ESSE NEGOCIO: Before/after de organizacao e decoracao viraliza sistematicamente. Velas aromaticas, difusores e organizadores tem ticket medio bom (R$30-120) e alta margem. Presentes criativos vendem bem em lives. | PROPOSTA: Implementacao completa de TikTok Shop + apresentadora dedicada que vende os produtos em lives. O negocio so precisa fornecer os produtos - NUC cuida de toda a operacao digital."
"Only Toys - Sexy Shop","NUC TikTok Shop x Only Toys - Sexy Shop","+55 24 99930-8769","https://www.google.com/search?q=Only+Toys+-+Sexy+Shop+Barra+Mansa+instagram","Bem-Estar Intimo","Prospeccao Ativa - TikTok Shop","Barra Mansa","Estigma dificulta marketing tradicional; cliente tem vergonha de entrar na loja; presenca digital limitada; dificuldade em se posicionar como wellness moderno.","Wellness intimo e a categoria com MAIOR crescimento percentual no TikTok Shop (+70%). A Only Toys - Sexy Shop pode ter uma apresentadora abordando autocuidado e bem-estar de forma leve e moderna - o TikTok ta desestigmatizando esse mercado.","Empresa: Only Toys - Sexy Shop | Local: Barra Mansa | Nota Google: 5.0 (5 avaliacoes) | Categorias: Sex Shop | RANKING TIKTOK SHOP: Sex Shop e Bem-Estar Intimo - Categoria #9 global (~2% do GMV) | POR QUE ESSE NEGOCIO: Nicho ousado mas com MAIOR crescimento percentual. Wellness intimo esta sendo desestigmatizado no TikTok. Cosmeticos sensuais e autocuidado intimo tem margem altissima. | PROPOSTA: Implementacao completa de TikTok Shop + apresentadora dedicada que vende os produtos em lives. O negocio so precisa fornecer os produtos - NUC cuida de toda a operacao digital."
"Sex Shop Outras Intenções","NUC TikTok Shop x Sex Shop Outras Intenções","+55 24 99870-0729","https://www.google.com/search?q=Sex+Shop+Outras+Inten%C3%A7%C3%B5es+Barra+Mansa+instagram","Bem-Estar Intimo","Prospeccao Ativa - TikTok Shop","Barra Mansa","Estigma dificulta marketing tradicional; cliente tem vergonha de entrar na loja; presenca digital limitada; dificuldade em se posicionar como wellness moderno.","Wellness intimo e a categoria com MAIOR crescimento percentual no TikTok Shop (+70%). A Sex Shop Outras Intenções pode ter uma apresentadora abordando autocuidado e bem-estar de forma leve e moderna - o TikTok ta desestigmatizando esse mercado.","Empresa: Sex Shop Outras Intenções | Local: Barra Mansa | Nota Google: 5.0 (2 avaliacoes) | Categorias: Sex Shop | RANKING TIKTOK SHOP: Sex Shop e Bem-Estar Intimo - Categoria #9 global (~2% do GMV) | POR QUE ESSE NEGOCIO: Nicho ousado mas com MAIOR crescimento percentual. Wellness intimo esta sendo desestigmatizado no TikTok. Cosmeticos sensuais e autocuidado intimo tem margem altissima. | PROPOSTA: Implementacao completa de TikTok Shop + apresentadora dedicada que vende os produtos em lives. O negocio so precisa fornecer os produtos - NUC cuida de toda a operacao digital."
"Cherry Secrets Store SexShop sex shop em barra mansa","NUC TikTok Shop x Cherry Secrets Store SexShop sex shop em barra mansa","+55 24 99977-4667","https://www.google.com/search?q=Cherry+Secrets+Store+SexShop+sex+shop+em+barra+mansa+Barra+Mansa+instagram","Bem-Estar Intimo","Prospeccao Ativa - TikTok Shop","Barra Mansa","Estigma dificulta marketing tradicional; cliente tem vergonha de entrar na loja; presenca digital limitada; dificuldade em se posicionar como wellness moderno.","Wellness intimo e a categoria com MAIOR crescimento percentual no TikTok Shop (+70%). A Cherry Secrets Store SexShop sex shop em barra mansa pode ter uma apresentadora abordando autocuidado e bem-estar de forma leve e moderna - o TikTok ta desestigmatizando esse mercado.","Empresa: Cherry Secrets Store SexShop sex shop em barra mansa | Local: Barra Mansa | Categorias: Sex Shop | RANKING TIKTOK SHOP: Sex Shop e Bem-Estar Intimo - Categoria #9 global (~2% do GMV) | POR QUE ESSE NEGOCIO: Nicho ousado mas com MAIOR crescimento percentual. Wellness intimo esta sendo desestigmatizado no TikTok. Cosmeticos sensuais e autocuidado intimo tem margem altissima. | PROPOSTA: Implementacao completa de TikTok Shop + apresentadora dedicada que vende os produtos em lives. O negocio so precisa fornecer os produtos - NUC cuida de toda a operacao digital."
"Luciana Flores","NUC TikTok Shop x Luciana Flores","+55 24 3323-0792","https://www.google.com/search?q=Luciana+Flores+Barra+Mansa+instagram","Floricultura","Prospeccao Ativa - TikTok Shop","Barra Mansa","Vendas concentradas em datas comemorativas; baixo volume nos dias normais; concorrencia com delivery de flores online; dificuldade em mostrar arranjos antes do cliente pedir.","Arranjos florais sendo montados ao vivo geram engajamento altissimo no TikTok. A Luciana Flores pode ter uma apresentadora criando arranjos em live com vendas diretas pelo TikTok Shop - perfeito para datas comemorativas.","Empresa: Luciana Flores | Local: Barra Mansa | Nota Google: 4.8 (209 avaliacoes) | Categorias: Floricultura | RANKING TIKTOK SHOP: Floricultura - Categoria #10 global (~1% do GMV) | POR QUE ESSE NEGOCIO: Produto altamente visual e emocional - perfeito para TikTok. Arranjos sendo montados ao vivo geram engajamento alto. Datas comemorativas impulsionam vendas sazonais expressivas. | PROPOSTA: Implementacao completa de TikTok Shop + apresentadora dedicada que vende os produtos em lives. O negocio so precisa fornecer os produtos - NUC cuida de toda a operacao digital."
"Floricultura Casa Flor","NUC TikTok Shop x Floricultura Casa Flor","+55 24 99834-3560","https://www.google.com/search?q=Floricultura+Casa+Flor+Barra+Mansa+instagram","Floricultura","Prospeccao Ativa - TikTok Shop","Barra Mansa","Vendas concentradas em datas comemorativas; baixo volume nos dias normais; concorrencia com delivery de flores online; dificuldade em mostrar arranjos antes do cliente pedir.","Arranjos florais sendo montados ao vivo geram engajamento altissimo no TikTok. A Floricultura Casa Flor pode ter uma apresentadora criando arranjos em live com vendas diretas pelo TikTok Shop - perfeito para datas comemorativas.","Empresa: Floricultura Casa Flor | Local: Barra Mansa | Nota Google: 4.8 (189 avaliacoes) | Categorias: Floricultura, Entrega de flores, Designer de flores, Mercado de flores, Floricultura atacadista | RANKING TIKTOK SHOP: Floricultura - Categoria #10 global (~1% do GMV) | POR QUE ESSE NEGOCIO: Produto altamente visual e emocional - perfeito para TikTok. Arranjos sendo montados ao vivo geram engajamento alto. Datas comemorativas impulsionam vendas sazonais expressivas. | PROPOSTA: Implementacao completa de TikTok Shop + apresentadora dedicada que vende os produtos em lives. O negocio so precisa fornecer os produtos - NUC cuida de toda a operacao digital."
"Império das Plantas","NUC TikTok Shop x Império das Plantas","+55 24 99222-8170","https://www.google.com/search?q=Imp%C3%A9rio+das+Plantas+Barra+Mansa+instagram","Floricultura","Prospeccao Ativa - TikTok Shop","Barra Mansa","Vendas concentradas em datas comemorativas; baixo volume nos dias normais; concorrencia com delivery de flores online; dificuldade em mostrar arranjos antes do cliente pedir.","Arranjos florais sendo montados ao vivo geram engajamento altissimo no TikTok. A Império das Plantas pode ter uma apresentadora criando arranjos em live com vendas diretas pelo TikTok Shop - perfeito para datas comemorativas.","Empresa: Império das Plantas | Local: Barra Mansa | Nota Google: 4.2 (13 avaliacoes) | Categorias: Mercado de flores, Jardim | RANKING TIKTOK SHOP: Floricultura - Categoria #10 global (~1% do GMV) | POR QUE ESSE NEGOCIO: Produto altamente visual e emocional - perfeito para TikTok. Arranjos sendo montados ao vivo geram engajamento alto. Datas comemorativas impulsionam vendas sazonais expressivas. | PROPOSTA: Implementacao completa de TikTok Shop + apresentadora dedicada que vende os produtos em lives. O negocio so precisa fornecer os produtos - NUC cuida de toda a operacao digital."
"Lejardin Floricultura","NUC TikTok Shop x Lejardin Floricultura","+55 24 3323-2695","https://www.google.com/search?q=Lejardin+Floricultura+Barra+Mansa+instagram","Floricultura","Prospeccao Ativa - TikTok Shop","Barra Mansa","Vendas concentradas em datas comemorativas; baixo volume nos dias normais; concorrencia com delivery de flores online; dificuldade em mostrar arranjos antes do cliente pedir.","Arranjos florais sendo montados ao vivo geram engajamento altissimo no TikTok. A Lejardin Floricultura pode ter uma apresentadora criando arranjos em live com vendas diretas pelo TikTok Shop - perfeito para datas comemorativas.","Empresa: Lejardin Floricultura | Local: Barra Mansa | Nota Google: 3.8 (8 avaliacoes) | Categorias: Floricultura | RANKING TIKTOK SHOP: Floricultura - Categoria #10 global (~1% do GMV) | POR QUE ESSE NEGOCIO: Produto altamente visual e emocional - perfeito para TikTok. Arranjos sendo montados ao vivo geram engajamento alto. Datas comemorativas impulsionam vendas sazonais expressivas. | PROPOSTA: Implementacao completa de TikTok Shop + apresentadora dedicada que vende os produtos em lives. O negocio so precisa fornecer os produtos - NUC cuida de toda a operacao digital."
"Mais Verde Floricultura","NUC TikTok Shop x Mais Verde Floricultura","+55 24 99860-1654","https://instagram.com/maisverdepaisagismo?igshid=YmMyMTA2M2Y=","Floricultura","Prospeccao Ativa - TikTok Shop","Barra Mansa","Vendas concentradas em datas comemorativas; baixo volume nos dias normais; concorrencia com delivery de flores online; dificuldade em mostrar arranjos antes do cliente pedir.","Arranjos florais sendo montados ao vivo geram engajamento altissimo no TikTok. A Mais Verde Floricultura pode ter uma apresentadora criando arranjos em live com vendas diretas pelo TikTok Shop - perfeito para datas comemorativas.","Empresa: Mais Verde Floricultura | Local: Barra Mansa | Nota Google: 5.0 (3 avaliacoes) | Categorias: Floricultura, Loja de artigos para paisagismo | RANKING TIKTOK SHOP: Floricultura - Categoria #10 global (~1% do GMV) | POR QUE ESSE NEGOCIO: Produto altamente visual e emocional - perfeito para TikTok. Arranjos sendo montados ao vivo geram engajamento alto. Datas comemorativas impulsionam vendas sazonais expressivas. | PROPOSTA: Implementacao completa de TikTok Shop + apresentadora dedicada que vende os produtos em lives. O negocio so precisa fornecer os produtos - NUC cuida de toda a operacao digital."
"Floral","NUC TikTok Shop x Floral","Prospectar presencialmente","https://www.google.com/search?q=Floral+Barra+Mansa+instagram","Floricultura","Prospeccao Ativa - TikTok Shop","Barra Mansa","Vendas concentradas em datas comemorativas; baixo volume nos dias normais; concorrencia com delivery de flores online; dificuldade em mostrar arranjos antes do cliente pedir.","Arranjos florais sendo montados ao vivo geram engajamento altissimo no TikTok. A Floral pode ter uma apresentadora criando arranjos em live com vendas diretas pelo TikTok Shop - perfeito para datas comemorativas.","Empresa: Floral | Local: Barra Mansa | Nota Google: 1.0 (2 avaliacoes) | Categorias: Floricultura | RANKING TIKTOK SHOP: Floricultura - Categoria #10 global (~1% do GMV) | POR QUE ESSE NEGOCIO: Produto altamente visual e emocional - perfeito para TikTok. Arranjos sendo montados ao vivo geram engajamento alto. Datas comemorativas impulsionam vendas sazonais expressivas. | PROPOSTA: Implementacao completa de TikTok Shop + apresentadora dedicada que vende os produtos em lives. O negocio so precisa fornecer os produtos - NUC cuida de toda a operacao digital."
"Flora Sempre Verde","NUC TikTok Shop x Flora Sempre Verde","+55 24 3323-1190","https://www.google.com/search?q=Flora+Sempre+Verde+Barra+Mansa+instagram","Floricultura","Prospeccao Ativa - TikTok Shop","Barra Mansa","Vendas concentradas em datas comemorativas; baixo volume nos dias normais; concorrencia com delivery de flores online; dificuldade em mostrar arranjos antes do cliente pedir.","Arranjos florais sendo montados ao vivo geram engajamento altissimo no TikTok. A Flora Sempre Verde pode ter uma apresentadora criando arranjos em live com vendas diretas pelo TikTok Shop - perfeito para datas comemorativas.","Empresa: Flora Sempre Verde | Local: Barra Mansa | Categorias: Floricultura | RANKING TIKTOK SHOP: Floricultura - Categoria #10 global (~1% do GMV) | POR QUE ESSE NEGOCIO: Produto altamente visual e emocional - perfeito para TikTok. Arranjos sendo montados ao vivo geram engajamento alto. Datas comemorativas impulsionam vendas sazonais expressivas. | PROPOSTA: Implementacao completa de TikTok Shop + apresentadora dedicada que vende os produtos em lives. O negocio so precisa fornecer os produtos - NUC cuida de toda a operacao digital."
"Papelaria Principal","NUC TikTok Shop x Papelaria Principal","+55 24 3323-7284","https://www.google.com/search?q=Papelaria+Principal+Barra+Mansa+instagram","Papelaria","Prospeccao Ativa - TikTok Shop","Barra Mansa","Concorrencia com papelarias online e importados da Shopee; ticket medio baixo; vendas sazonais (volta as aulas); dificuldade em criar engajamento com produtos fisicos.","Papelaria criativa tem comunidade fiel no TikTok - planners, adesivos e material de estudo geram conteudo ASMR que viraliza. A Papelaria Principal pode vender seus produtos em lives com uma apresentadora que mostra cada detalhe.","Empresa: Papelaria Principal | Local: Barra Mansa | Nota Google: 4.6 (89 avaliacoes) | Categorias: Papelaria | RANKING TIKTOK SHOP: Papelaria Criativa - Categoria #11 global (~2% do GMV) | POR QUE ESSE NEGOCIO: Nicho de planejamento e stationery tem comunidade fiel no TikTok. Planners, adesivos e material de estudo geram conteudo ASMR que viraliza. Ticket acessivel incentiva compra por impulso. | PROPOSTA: Implementacao completa de TikTok Shop + apresentadora dedicada que vende os produtos em lives. O negocio so precisa fornecer os produtos - NUC cuida de toda a operacao digital."
"Papelaria Avenida","NUC TikTok Shop x Papelaria Avenida","+55 24 3323-4175","https://www.google.com/search?q=Papelaria+Avenida+Barra+Mansa+instagram","Papelaria","Prospeccao Ativa - TikTok Shop","Barra Mansa","Concorrencia com papelarias online e importados da Shopee; ticket medio baixo; vendas sazonais (volta as aulas); dificuldade em criar engajamento com produtos fisicos.","Papelaria criativa tem comunidade fiel no TikTok - planners, adesivos e material de estudo geram conteudo ASMR que viraliza. A Papelaria Avenida pode vender seus produtos em lives com uma apresentadora que mostra cada detalhe.","Empresa: Papelaria Avenida | Local: Barra Mansa | Nota Google: 3.3 (11 avaliacoes) | Categorias: Papelaria, Livraria, Loja de embalagens para presente, Fornecedor de material para escritório | RANKING TIKTOK SHOP: Papelaria Criativa - Categoria #11 global (~2% do GMV) | POR QUE ESSE NEGOCIO: Nicho de planejamento e stationery tem comunidade fiel no TikTok. Planners, adesivos e material de estudo geram conteudo ASMR que viraliza. Ticket acessivel incentiva compra por impulso. | PROPOSTA: Implementacao completa de TikTok Shop + apresentadora dedicada que vende os produtos em lives. O negocio so precisa fornecer os produtos - NUC cuida de toda a operacao digital."
"Papelaria da Dona Vilma","NUC TikTok Shop x Papelaria da Dona Vilma","+55 24 3322-5177","https://www.google.com/search?q=Papelaria+da+Dona+Vilma+Barra+Mansa+instagram","Papelaria","Prospeccao Ativa - TikTok Shop","Barra Mansa","Concorrencia com papelarias online e importados da Shopee; ticket medio baixo; vendas sazonais (volta as aulas); dificuldade em criar engajamento com produtos fisicos.","Papelaria criativa tem comunidade fiel no TikTok - planners, adesivos e material de estudo geram conteudo ASMR que viraliza. A Papelaria da Dona Vilma pode vender seus produtos em lives com uma apresentadora que mostra cada detalhe.","Empresa: Papelaria da Dona Vilma | Local: Barra Mansa | Nota Google: 5.0 (9 avaliacoes) | Categorias: Papelaria | RANKING TIKTOK SHOP: Papelaria Criativa - Categoria #11 global (~2% do GMV) | POR QUE ESSE NEGOCIO: Nicho de planejamento e stationery tem comunidade fiel no TikTok. Planners, adesivos e material de estudo geram conteudo ASMR que viraliza. Ticket acessivel incentiva compra por impulso. | PROPOSTA: Implementacao completa de TikTok Shop + apresentadora dedicada que vende os produtos em lives. O negocio so precisa fornecer os produtos - NUC cuida de toda a operacao digital."
"Cate Papelaria","NUC TikTok Shop x Cate Papelaria","+55 24 3322-1628","https://www.google.com/search?q=Cate+Papelaria+Barra+Mansa+instagram","Papelaria","Prospeccao Ativa - TikTok Shop","Barra Mansa","Concorrencia com papelarias online e importados da Shopee; ticket medio baixo; vendas sazonais (volta as aulas); dificuldade em criar engajamento com produtos fisicos.","Papelaria criativa tem comunidade fiel no TikTok - planners, adesivos e material de estudo geram conteudo ASMR que viraliza. A Cate Papelaria pode vender seus produtos em lives com uma apresentadora que mostra cada detalhe.","Empresa: Cate Papelaria | Local: Barra Mansa | Nota Google: 3.5 (8 avaliacoes) | Categorias: Papelaria | RANKING TIKTOK SHOP: Papelaria Criativa - Categoria #11 global (~2% do GMV) | POR QUE ESSE NEGOCIO: Nicho de planejamento e stationery tem comunidade fiel no TikTok. Planners, adesivos e material de estudo geram conteudo ASMR que viraliza. Ticket acessivel incentiva compra por impulso. | PROPOSTA: Implementacao completa de TikTok Shop + apresentadora dedicada que vende os produtos em lives. O negocio so precisa fornecer os produtos - NUC cuida de toda a operacao digital."
"Maria Papeleira","NUC TikTok Shop x Maria Papeleira","+55 24 3324-7331","https://www.google.com/search?q=Maria+Papeleira+Barra+Mansa+instagram","Papelaria","Prospeccao Ativa - TikTok Shop","Barra Mansa","Concorrencia com papelarias online e importados da Shopee; ticket medio baixo; vendas sazonais (volta as aulas); dificuldade em criar engajamento com produtos fisicos.","Papelaria criativa tem comunidade fiel no TikTok - planners, adesivos e material de estudo geram conteudo ASMR que viraliza. A Maria Papeleira pode vender seus produtos em lives com uma apresentadora que mostra cada detalhe.","Empresa: Maria Papeleira | Local: Barra Mansa | Nota Google: 4.3 (7 avaliacoes) | Categorias: Papelaria | RANKING TIKTOK SHOP: Papelaria Criativa - Categoria #11 global (~2% do GMV) | POR QUE ESSE NEGOCIO: Nicho de planejamento e stationery tem comunidade fiel no TikTok. Planners, adesivos e material de estudo geram conteudo ASMR que viraliza. Ticket acessivel incentiva compra por impulso. | PROPOSTA: Implementacao completa de TikTok Shop + apresentadora dedicada que vende os produtos em lives. O negocio so precisa fornecer os produtos - NUC cuida de toda a operacao digital."
"PUCA papelaria & artesanato","NUC TikTok Shop x PUCA papelaria & artesanato","+55 24 3322-8996","https://www.google.com/search?q=PUCA+papelaria+%26+artesanato+Barra+Mansa+instagram","Papelaria","Prospeccao Ativa - TikTok Shop","Barra Mansa","Concorrencia com papelarias online e importados da Shopee; ticket medio baixo; vendas sazonais (volta as aulas); dificuldade em criar engajamento com produtos fisicos.","Papelaria criativa tem comunidade fiel no TikTok - planners, adesivos e material de estudo geram conteudo ASMR que viraliza. A PUCA papelaria & artesanato pode vender seus produtos em lives com uma apresentadora que mostra cada detalhe.","Empresa: PUCA papelaria & artesanato | Local: Barra Mansa | Nota Google: 4.7 (7 avaliacoes) | Categorias: Papelaria, Artesanato | RANKING TIKTOK SHOP: Papelaria Criativa - Categoria #11 global (~2% do GMV) | POR QUE ESSE NEGOCIO: Nicho de planejamento e stationery tem comunidade fiel no TikTok. Planners, adesivos e material de estudo geram conteudo ASMR que viraliza. Ticket acessivel incentiva compra por impulso. | PROPOSTA: Implementacao completa de TikTok Shop + apresentadora dedicada que vende os produtos em lives. O negocio so precisa fornecer os produtos - NUC cuida de toda a operacao digital."
"Marya Arteira Personalizados","NUC TikTok Shop x Marya Arteira Personalizados","+55 24 99955-7820","https://www.google.com/search?q=Marya+Arteira+Personalizados+Barra+Mansa+instagram","Papelaria","Prospeccao Ativa - TikTok Shop","Barra Mansa","Concorrencia com papelarias online e importados da Shopee; ticket medio baixo; vendas sazonais (volta as aulas); dificuldade em criar engajamento com produtos fisicos.","Papelaria criativa tem comunidade fiel no TikTok - planners, adesivos e material de estudo geram conteudo ASMR que viraliza. A Marya Arteira Personalizados pode vender seus produtos em lives com uma apresentadora que mostra cada detalhe.","Empresa: Marya Arteira Personalizados | Local: Barra Mansa | Nota Google: 5.0 (7 avaliacoes) | Categorias: Papelaria, Fabricante de artigos de papelaria | RANKING TIKTOK SHOP: Papelaria Criativa - Categoria #11 global (~2% do GMV) | POR QUE ESSE NEGOCIO: Nicho de planejamento e stationery tem comunidade fiel no TikTok. Planners, adesivos e material de estudo geram conteudo ASMR que viraliza. Ticket acessivel incentiva compra por impulso. | PROPOSTA: Implementacao completa de TikTok Shop + apresentadora dedicada que vende os produtos em lives. O negocio so precisa fornecer os produtos - NUC cuida de toda a operacao digital."
"Papelaria Landim","NUC TikTok Shop x Papelaria Landim","+55 24 3323-4475","https://www.google.com/search?q=Papelaria+Landim+Barra+Mansa+instagram","Papelaria","Prospeccao Ativa - TikTok Shop","Barra Mansa","Concorrencia com papelarias online e importados da Shopee; ticket medio baixo; vendas sazonais (volta as aulas); dificuldade em criar engajamento com produtos fisicos.","Papelaria criativa tem comunidade fiel no TikTok - planners, adesivos e material de estudo geram conteudo ASMR que viraliza. A Papelaria Landim pode vender seus produtos em lives com uma apresentadora que mostra cada detalhe.","Empresa: Papelaria Landim | Local: Barra Mansa | Nota Google: 2.7 (3 avaliacoes) | Categorias: Papelaria | RANKING TIKTOK SHOP: Papelaria Criativa - Categoria #11 global (~2% do GMV) | POR QUE ESSE NEGOCIO: Nicho de planejamento e stationery tem comunidade fiel no TikTok. Planners, adesivos e material de estudo geram conteudo ASMR que viraliza. Ticket acessivel incentiva compra por impulso. | PROPOSTA: Implementacao completa de TikTok Shop + apresentadora dedicada que vende os produtos em lives. O negocio so precisa fornecer os produtos - NUC cuida de toda a operacao digital."
"Yara Papelaria e Armarinho","NUC TikTok Shop x Yara Papelaria e Armarinho","+55 24 3323-8778","https://www.google.com/search?q=Yara+Papelaria+e+Armarinho+Barra+Mansa+instagram","Papelaria","Prospeccao Ativa - TikTok Shop","Barra Mansa","Concorrencia com papelarias online e importados da Shopee; ticket medio baixo; vendas sazonais (volta as aulas); dificuldade em criar engajamento com produtos fisicos.","Papelaria criativa tem comunidade fiel no TikTok - planners, adesivos e material de estudo geram conteudo ASMR que viraliza. A Yara Papelaria e Armarinho pode vender seus produtos em lives com uma apresentadora que mostra cada detalhe.","Empresa: Yara Papelaria e Armarinho | Local: Barra Mansa | Nota Google: 5.0 (2 avaliacoes) | Categorias: Papelaria | RANKING TIKTOK SHOP: Papelaria Criativa - Categoria #11 global (~2% do GMV) | POR QUE ESSE NEGOCIO: Nicho de planejamento e stationery tem comunidade fiel no TikTok. Planners, adesivos e material de estudo geram conteudo ASMR que viraliza. Ticket acessivel incentiva compra por impulso. | PROPOSTA: Implementacao completa de TikTok Shop + apresentadora dedicada que vende os produtos em lives. O negocio so precisa fornecer os produtos - NUC cuida de toda a operacao digital."
"Kri Arte","NUC TikTok Shop x Kri Arte","+55 24 98123-0411","https://www.google.com/search?q=Kri+Arte+Barra+Mansa+instagram","Papelaria","Prospeccao Ativa - TikTok Shop","Barra Mansa","Concorrencia com papelarias online e importados da Shopee; ticket medio baixo; vendas sazonais (volta as aulas); dificuldade em criar engajamento com produtos fisicos.","Papelaria criativa tem comunidade fiel no TikTok - planners, adesivos e material de estudo geram conteudo ASMR que viraliza. A Kri Arte pode vender seus produtos em lives com uma apresentadora que mostra cada detalhe.","Empresa: Kri Arte | Local: Barra Mansa | Nota Google: 5.0 (2 avaliacoes) | Categorias: Papelaria | RANKING TIKTOK SHOP: Papelaria Criativa - Categoria #11 global (~2% do GMV) | POR QUE ESSE NEGOCIO: Nicho de planejamento e stationery tem comunidade fiel no TikTok. Planners, adesivos e material de estudo geram conteudo ASMR que viraliza. Ticket acessivel incentiva compra por impulso. | PROPOSTA: Implementacao completa de TikTok Shop + apresentadora dedicada que vende os produtos em lives. O negocio so precisa fornecer os produtos - NUC cuida de toda a operacao digital."
"Lali Paper","NUC TikTok Shop x Lali Paper","+55 24 99917-0904","https://www.google.com/search?q=Lali+Paper+Barra+Mansa+instagram","Papelaria","Prospeccao Ativa - TikTok Shop","Barra Mansa","Concorrencia com papelarias online e importados da Shopee; ticket medio baixo; vendas sazonais (volta as aulas); dificuldade em criar engajamento com produtos fisicos.","Papelaria criativa tem comunidade fiel no TikTok - planners, adesivos e material de estudo geram conteudo ASMR que viraliza. A Lali Paper pode vender seus produtos em lives com uma apresentadora que mostra cada detalhe.","Empresa: Lali Paper | Local: Barra Mansa | Nota Google: 5.0 (1 avaliacoes) | Categorias: Papelaria | RANKING TIKTOK SHOP: Papelaria Criativa - Categoria #11 global (~2% do GMV) | POR QUE ESSE NEGOCIO: Nicho de planejamento e stationery tem comunidade fiel no TikTok. Planners, adesivos e material de estudo geram conteudo ASMR que viraliza. Ticket acessivel incentiva compra por impulso. | PROPOSTA: Implementacao completa de TikTok Shop + apresentadora dedicada que vende os produtos em lives. O negocio so precisa fornecer os produtos - NUC cuida de toda a operacao digital."
