"Nome comercial","Nome da oportunidade","Telefone principal","Instagram","Segmento","Fonte","Tags","Dor provavel","Gancho - Abordagem","Observacoes"
"NAFIL Auto Peças","NUC x NAFIL Auto Peças","+55 24 3325-8787","https://www.google.com/search?q=NAFIL+Auto+Pe%C3%A7as+Barra+Mansa+instagram","Automotivo - Auto Pecas","Prospeccao Ativa","Barra Mansa","Vendas dependem do fluxo de balcao e indicacao de mecanicos; dificuldade em atrair clientes finais que compram online; concorrencia com marketplaces (Mercado Livre, Shopee); estoque de pecas especificas que nao giram.","Vi que a NAFIL Auto Peças e referencia em auto pecas em Barra Mansa com 875 avaliacoes. O mercado de reposicao automotiva cresce 12% ao ano e quem investe em presenca digital atrai oficinas e clientes finais da regiao toda. Quero mostrar como potencializar isso.","Empresa: NAFIL Auto Peças | Cidade: Barra Mansa | Tipo: Auto Pecas | Nota Google: 4.1 (875 avaliacoes) | Categorias: Loja de autopeças | Endereco: Rua Luis Ponce, 133 - Centro, Barra Mansa - RJ, 27310-400, Brasil | DICA SDR: Negocio local do setor automotivo. O dono costuma estar no balcao ou na oficina. Pergunte pelo proprietario ou gerente. Destaque que o mercado de reposicao automotiva cresce forte e quem se posiciona digitalmente agora atrai clientes da regiao toda - nao so do bairro."
"Ville Auto Center - Oficina Mecânica em Barra Mansa - Rj","NUC x Ville Auto Center - Oficina Mecânica em Barra Mansa - Rj","Sem telefone cadastrado","https://www.google.com/search?q=Ville+Auto+Center+-+Oficina+Mec%C3%A2nica+em+Barra+Mansa+-+Rj+Barra+Mansa+instagram","Automotivo - Auto Center","Prospeccao Ativa","Barra Mansa","Agenda com horarios ociosos; clientes so aparecem quando o carro quebra (nao tem preventivo agendado); dificuldade em mostrar diferenciais em relacao a concorrentes; depende de fluxo espontaneo.","A Ville Auto Center - Oficina Mecânica em Barra Mansa - Rj ja e referencia em Barra Mansa com 718 avaliacoes. Imagine atrair clientes de toda a regiao Sul Fluminense com uma estrategia digital que mostre seus diferenciais - quero apresentar como fazemos isso.","Empresa: Ville Auto Center - Oficina Mecânica em Barra Mansa - Rj | Cidade: Barra Mansa | Tipo: Auto Center | Nota Google: 4.9 (718 avaliacoes) | Categorias: Oficina mecânica, Serviço de ar condicionado automotivo, Mecânica para carros, Conversão para gás, Mecânico | Endereco: Ponto Referência: Em frente AutoZone - Av. Ver. Hamilton Reis Alves, 131 - Jardim Boa Vista, Barra Mansa - RJ, 27350-190, Brasil | DICA SDR: Negocio local do setor automotivo. O dono costuma estar no balcao ou na oficina. Pergunte pelo proprietario ou gerente. Destaque que o mercado de reposicao automotiva cresce forte e quem se posiciona digitalmente agora atrai clientes da regiao toda - nao so do bairro."
"Top Car Auto Peças","NUC x Top Car Auto Peças","+55 24 3323-7038","https://www.google.com/search?q=Top+Car+Auto+Pe%C3%A7as+Barra+Mansa+instagram","Automotivo - Auto Pecas","Prospeccao Ativa","Barra Mansa","Vendas dependem do fluxo de balcao e indicacao de mecanicos; dificuldade em atrair clientes finais que compram online; concorrencia com marketplaces (Mercado Livre, Shopee); estoque de pecas especificas que nao giram.","A Top Car Auto Peças tem nota 4.3 no Google - isso mostra confianca do cliente. Auto pecas que estruturam marketing digital conseguem atrair mecanicos, oficinas e consumidores finais alem do bairro. Quero apresentar como fazemos isso.","Empresa: Top Car Auto Peças | Cidade: Barra Mansa | Tipo: Auto Pecas | Nota Google: 4.3 (372 avaliacoes) | Categorias: Loja de autopeças | Endereco: Zap (24 - 93300.5995 - Centro, Barra Mansa - RJ, 27330-590, Brasil | DICA SDR: Negocio local do setor automotivo. O dono costuma estar no balcao ou na oficina. Pergunte pelo proprietario ou gerente. Destaque que o mercado de reposicao automotiva cresce forte e quem se posiciona digitalmente agora atrai clientes da regiao toda - nao so do bairro."
"Pc Car","NUC x Pc Car","+55 24 3019-0121","https://www.google.com/search?q=Pc+Car+Barra+Mansa+instagram","Automotivo - Auto Pecas","Prospeccao Ativa","Barra Mansa","Vendas dependem do fluxo de balcao e indicacao de mecanicos; dificuldade em atrair clientes finais que compram online; concorrencia com marketplaces (Mercado Livre, Shopee); estoque de pecas especificas que nao giram.","A Pc Car tem nota 4.2 no Google - isso mostra confianca do cliente. Auto pecas que estruturam marketing digital conseguem atrair mecanicos, oficinas e consumidores finais alem do bairro. Quero apresentar como fazemos isso.","Empresa: Pc Car | Cidade: Barra Mansa | Tipo: Auto Pecas | Nota Google: 4.2 (271 avaliacoes) | Categorias: Loja de autopeças, Loja de som para carros | Endereco: Rua José Melchiades, 2126 - Vila Nova, Barra Mansa - RJ, 27321-020, Brasil | DICA SDR: Negocio local do setor automotivo. O dono costuma estar no balcao ou na oficina. Pergunte pelo proprietario ou gerente. Destaque que o mercado de reposicao automotiva cresce forte e quem se posiciona digitalmente agora atrai clientes da regiao toda - nao so do bairro."
"E Moreira","NUC x E Moreira","+55 24 3323-6226","https://www.google.com/search?q=E+Moreira+Barra+Mansa+instagram","Automotivo - Auto Pecas","Prospeccao Ativa","Barra Mansa","Vendas dependem do fluxo de balcao e indicacao de mecanicos; dificuldade em atrair clientes finais que compram online; concorrencia com marketplaces (Mercado Livre, Shopee); estoque de pecas especificas que nao giram.","A E Moreira tem nota 4.4 no Google - isso mostra confianca do cliente. Auto pecas que estruturam marketing digital conseguem atrair mecanicos, oficinas e consumidores finais alem do bairro. Quero apresentar como fazemos isso.","Empresa: E Moreira | Cidade: Barra Mansa | Tipo: Auto Pecas | Nota Google: 4.4 (227 avaliacoes) | Categorias: Loja de autopeças, Mecânica para carros | Endereco: R. Expedicionário José Leite Serrão, 32 - Nova Esperança, Barra Mansa - RJ, 27331-200, Brasil | DICA SDR: Negocio local do setor automotivo. O dono costuma estar no balcao ou na oficina. Pergunte pelo proprietario ou gerente. Destaque que o mercado de reposicao automotiva cresce forte e quem se posiciona digitalmente agora atrai clientes da regiao toda - nao so do bairro."
"Pompeu Auto Center","NUC x Pompeu Auto Center","+55 24 3323-9638","https://instagram.com/pompeuautocenter?igshid=YmMyMTA2M2Y=","Automotivo - Auto Center","Prospeccao Ativa","Barra Mansa","Agenda com horarios ociosos; clientes so aparecem quando o carro quebra (nao tem preventivo agendado); dificuldade em mostrar diferenciais em relacao a concorrentes; depende de fluxo espontaneo.","A Pompeu Auto Center ja e referencia em Barra Mansa com 220 avaliacoes. Imagine atrair clientes de toda a regiao Sul Fluminense com uma estrategia digital que mostre seus diferenciais - quero apresentar como fazemos isso.","Empresa: Pompeu Auto Center | Cidade: Barra Mansa | Tipo: Auto Center | Nota Google: 4.8 (220 avaliacoes) | Categorias: Comércio de Pneu, Serviço de alinhamento e balanceamento | Endereco: Av. Domingos Mariano, 803 - Jardim Boa Vista, Barra Mansa - RJ, 27345-310, Brasil | DICA SDR: Negocio local do setor automotivo. O dono costuma estar no balcao ou na oficina. Pergunte pelo proprietario ou gerente. Destaque que o mercado de reposicao automotiva cresce forte e quem se posiciona digitalmente agora atrai clientes da regiao toda - nao so do bairro."
"MM Auto Peças","NUC x MM Auto Peças","+55 24 98823-5122","https://www.google.com/search?q=MM+Auto+Pe%C3%A7as+Barra+Mansa+instagram","Automotivo - Auto Pecas","Prospeccao Ativa","Barra Mansa","Vendas dependem do fluxo de balcao e indicacao de mecanicos; dificuldade em atrair clientes finais que compram online; concorrencia com marketplaces (Mercado Livre, Shopee); estoque de pecas especificas que nao giram.","Vi que a MM Auto Peças e referencia em auto pecas em Barra Mansa com 163 avaliacoes. O mercado de reposicao automotiva cresce 12% ao ano e quem investe em presenca digital atrai oficinas e clientes finais da regiao toda. Quero mostrar como potencializar isso.","Empresa: MM Auto Peças | Cidade: Barra Mansa | Tipo: Auto Pecas | Nota Google: 4.4 (163 avaliacoes) | Categorias: Loja de autopeças | Endereco: R. Aristides Ferreira, 208 - Vila Ursulino, Barra Mansa - RJ, 27351-040, Brasil | DICA SDR: Negocio local do setor automotivo. O dono costuma estar no balcao ou na oficina. Pergunte pelo proprietario ou gerente. Destaque que o mercado de reposicao automotiva cresce forte e quem se posiciona digitalmente agora atrai clientes da regiao toda - nao so do bairro."
"Pereira Auto Peças","NUC x Pereira Auto Peças","+55 24 3323-5124","https://www.google.com/search?q=Pereira+Auto+Pe%C3%A7as+Barra+Mansa+instagram","Automotivo - Auto Pecas","Prospeccao Ativa","Barra Mansa","Vendas dependem do fluxo de balcao e indicacao de mecanicos; dificuldade em atrair clientes finais que compram online; concorrencia com marketplaces (Mercado Livre, Shopee); estoque de pecas especificas que nao giram.","Pesquisando auto pecas em Barra Mansa, a Pereira Auto Peças se destacou. O consumidor de hoje pesquisa no Google antes de comprar peca - quem aparece primeiro vende mais. Quero mostrar como colocar voces nessa posicao.","Empresa: Pereira Auto Peças | Cidade: Barra Mansa | Tipo: Auto Pecas | Nota Google: 4.5 (146 avaliacoes) | Categorias: Loja de autopeças, Atacadista de acessórios automotivos, Loja de acessórios automotivos, Loja de baterias de carro | Endereco: R. José Caetano, 32 - Centro, Barra Mansa - RJ, 27345-170, Brasil | DICA SDR: Negocio local do setor automotivo. O dono costuma estar no balcao ou na oficina. Pergunte pelo proprietario ou gerente. Destaque que o mercado de reposicao automotiva cresce forte e quem se posiciona digitalmente agora atrai clientes da regiao toda - nao so do bairro."
"Rodal Auto Peças","NUC x Rodal Auto Peças","+55 24 3323-1037","https://www.google.com/search?q=Rodal+Auto+Pe%C3%A7as+Barra+Mansa+instagram","Automotivo - Auto Pecas","Prospeccao Ativa","Barra Mansa","Vendas dependem do fluxo de balcao e indicacao de mecanicos; dificuldade em atrair clientes finais que compram online; concorrencia com marketplaces (Mercado Livre, Shopee); estoque de pecas especificas que nao giram.","Vi que a Rodal Auto Peças e referencia em auto pecas em Barra Mansa com 139 avaliacoes. O mercado de reposicao automotiva cresce 12% ao ano e quem investe em presenca digital atrai oficinas e clientes finais da regiao toda. Quero mostrar como potencializar isso.","Empresa: Rodal Auto Peças | Cidade: Barra Mansa | Tipo: Auto Pecas | Nota Google: 4.4 (139 avaliacoes) | Categorias: Mecânica para carros | Endereco: Zap ( 24 - 97403-7203 - Vila Ursulino, Barra Mansa - RJ, 27351-060, Brasil | DICA SDR: Negocio local do setor automotivo. O dono costuma estar no balcao ou na oficina. Pergunte pelo proprietario ou gerente. Destaque que o mercado de reposicao automotiva cresce forte e quem se posiciona digitalmente agora atrai clientes da regiao toda - nao so do bairro."
"GLM Centro Automotivo","NUC x GLM Centro Automotivo","+55 24 97401-7691","https://www.google.com/search?q=GLM+Centro+Automotivo+Barra+Mansa+instagram","Automotivo - Auto Center","Prospeccao Ativa","Barra Mansa","Agenda com horarios ociosos; clientes so aparecem quando o carro quebra (nao tem preventivo agendado); dificuldade em mostrar diferenciais em relacao a concorrentes; depende de fluxo espontaneo.","A GLM Centro Automotivo ja e referencia em Barra Mansa com 122 avaliacoes. Imagine atrair clientes de toda a regiao Sul Fluminense com uma estrategia digital que mostre seus diferenciais - quero apresentar como fazemos isso.","Empresa: GLM Centro Automotivo | Cidade: Barra Mansa | Tipo: Auto Center | Nota Google: 4.3 (122 avaliacoes) | Categorias: Mecânica para carros | Endereco: Rua Luis Ponce, 18 - Centro, Barra Mansa - RJ, 27310-400, Brasil | DICA SDR: Negocio local do setor automotivo. O dono costuma estar no balcao ou na oficina. Pergunte pelo proprietario ou gerente. Destaque que o mercado de reposicao automotiva cresce forte e quem se posiciona digitalmente agora atrai clientes da regiao toda - nao so do bairro."
"Aro 20 Auto Car - Pneus em Barra Mansa","NUC x Aro 20 Auto Car - Pneus em Barra Mansa","+55 24 3328-3191","https://www.google.com/search?q=Aro+20+Auto+Car+-+Pneus+em+Barra+Mansa+Barra+Mansa+instagram","Automotivo - Pneus","Prospeccao Ativa","Barra Mansa","Cliente compra por preco e nao por confianca; concorrencia com grandes redes de pneus; vendas sazonais; dificuldade em fidelizar clientes para recapagem e manutencao.","A Aro 20 Auto Car - Pneus em Barra Mansa tem 104 avaliacoes em Barra Mansa. O segmento de pneus tem demanda constante e o cliente pesquisa preco e reputacao online antes de comprar. Quero mostrar como atrair mais clientes com presenca digital estrategica.","Empresa: Aro 20 Auto Car - Pneus em Barra Mansa | Cidade: Barra Mansa | Tipo: Pneus e Borracharia | Nota Google: 4.5 (104 avaliacoes) | Categorias: Comércio de Pneu, Serviço de alinhamento e balanceamento, Loja de rodas | Endereco: Rod. Pres. Getúlio Vargas, 2240 - Santa Clara, Barra Mansa - RJ, 27340-003, Brasil | DICA SDR: Negocio local do setor automotivo. O dono costuma estar no balcao ou na oficina. Pergunte pelo proprietario ou gerente. Destaque que o mercado de reposicao automotiva cresce forte e quem se posiciona digitalmente agora atrai clientes da regiao toda - nao so do bairro."
"MAIS QUE VENCEDORA MECÂNICA E PNEUS","NUC x MAIS QUE VENCEDORA MECÂNICA E PNEUS","+55 24 99832-2230","https://www.google.com/search?q=MAIS+QUE+VENCEDORA+MEC%C3%82NICA+E+PNEUS+Barra+Mansa+instagram","Automotivo - Auto Pecas","Prospeccao Ativa","Barra Mansa","Vendas dependem do fluxo de balcao e indicacao de mecanicos; dificuldade em atrair clientes finais que compram online; concorrencia com marketplaces (Mercado Livre, Shopee); estoque de pecas especificas que nao giram.","Vi que a MAIS QUE VENCEDORA MECÂNICA E PNEUS e referencia em auto pecas em Barra Mansa com 97 avaliacoes. O mercado de reposicao automotiva cresce 12% ao ano e quem investe em presenca digital atrai oficinas e clientes finais da regiao toda. Quero mostrar como potencializar isso.","Empresa: MAIS QUE VENCEDORA MECÂNICA E PNEUS | Cidade: Barra Mansa | Tipo: Auto Pecas | Nota Google: 4.8 (97 avaliacoes) | Categorias: Mecânica para carros, Loja de autopeças, Limpeza, Serviço de troca de óleo, Loja de peças para carros de corrida, Borracharia, Comércio de Pneu, Loja de peças automotivas usadas, Loja de pneus usados, Serviço de alinhamento e balanceamento | Endereco: Rod. Pres. Getúlio Vargas, 2476 - Santa Clara, Barra Mansa - RJ, 27340-002, Brasil | DICA SDR: Negocio local do setor automotivo. O dono costuma estar no balcao ou na oficina. Pergunte pelo proprietario ou gerente. Destaque que o mercado de reposicao automotiva cresce forte e quem se posiciona digitalmente agora atrai clientes da regiao toda - nao so do bairro."
"Diogo Maciel Auto Peças","NUC x Diogo Maciel Auto Peças","+55 24 3322-9546","https://www.google.com/search?q=Diogo+Maciel+Auto+Pe%C3%A7as+Barra+Mansa+instagram","Automotivo - Auto Pecas","Prospeccao Ativa","Barra Mansa","Vendas dependem do fluxo de balcao e indicacao de mecanicos; dificuldade em atrair clientes finais que compram online; concorrencia com marketplaces (Mercado Livre, Shopee); estoque de pecas especificas que nao giram.","A Diogo Maciel Auto Peças tem nota 4.0 no Google - isso mostra confianca do cliente. Auto pecas que estruturam marketing digital conseguem atrair mecanicos, oficinas e consumidores finais alem do bairro. Quero apresentar como fazemos isso.","Empresa: Diogo Maciel Auto Peças | Cidade: Barra Mansa | Tipo: Auto Pecas | Nota Google: 4.0 (67 avaliacoes) | Categorias: Loja de autopeças | Endereco: R. Osório Gomes de Brito, 17 - Vila Nova, Barra Mansa - RJ, 27321-580, Brasil | DICA SDR: Negocio local do setor automotivo. O dono costuma estar no balcao ou na oficina. Pergunte pelo proprietario ou gerente. Destaque que o mercado de reposicao automotiva cresce forte e quem se posiciona digitalmente agora atrai clientes da regiao toda - nao so do bairro."
"Stop Car Centro Automotivo","NUC x Stop Car Centro Automotivo","+55 24 3323-7394","https://www.google.com/search?q=Stop+Car+Centro+Automotivo+Barra+Mansa+instagram","Automotivo - Auto Center","Prospeccao Ativa","Barra Mansa","Agenda com horarios ociosos; clientes so aparecem quando o carro quebra (nao tem preventivo agendado); dificuldade em mostrar diferenciais em relacao a concorrentes; depende de fluxo espontaneo.","Vi que a Stop Car Centro Automotivo tem nota 4.2 em Barra Mansa. Auto centers com boa reputacao online multiplicam o fluxo quando investem em posicionamento digital - clientes buscam no Google antes de levar o carro. Quero mostrar como.","Empresa: Stop Car Centro Automotivo | Cidade: Barra Mansa | Tipo: Auto Center | Nota Google: 4.2 (66 avaliacoes) | Categorias: Oficina mecânica | Endereco: Zap (24 - 93300.5995 - Verbo Divino, Barra Mansa - RJ, 27345-330, Brasil | DICA SDR: Negocio local do setor automotivo. O dono costuma estar no balcao ou na oficina. Pergunte pelo proprietario ou gerente. Destaque que o mercado de reposicao automotiva cresce forte e quem se posiciona digitalmente agora atrai clientes da regiao toda - nao so do bairro."
"Dúcar Auto Center","NUC x Dúcar Auto Center","+55 24 97401-3828","https://www.google.com/search?q=D%C3%BAcar+Auto+Center+Barra+Mansa+instagram","Automotivo - Auto Center","Prospeccao Ativa","Barra Mansa","Agenda com horarios ociosos; clientes so aparecem quando o carro quebra (nao tem preventivo agendado); dificuldade em mostrar diferenciais em relacao a concorrentes; depende de fluxo espontaneo.","A Dúcar Auto Center e um auto center bem avaliado em Barra Mansa (55 avaliacoes). Auto centers que investem em marketing digital atraem clientes de cidades vizinhas e fidelizam com agendamento online. Quero apresentar como funciona.","Empresa: Dúcar Auto Center | Cidade: Barra Mansa | Tipo: Auto Center | Nota Google: 4.7 (55 avaliacoes) | Categorias: Mecânica para carros | Endereco: Zap (24 - 93300.5995 - Centro, Barra Mansa - RJ, 27310-020, Brasil | DICA SDR: Negocio local do setor automotivo. O dono costuma estar no balcao ou na oficina. Pergunte pelo proprietario ou gerente. Destaque que o mercado de reposicao automotiva cresce forte e quem se posiciona digitalmente agora atrai clientes da regiao toda - nao so do bairro."
"Pneus Center","NUC x Pneus Center","+55 24 3401-0275","https://www.google.com/search?q=Pneus+Center+Barra+Mansa+instagram","Automotivo - Pneus","Prospeccao Ativa","Barra Mansa","Cliente compra por preco e nao por confianca; concorrencia com grandes redes de pneus; vendas sazonais; dificuldade em fidelizar clientes para recapagem e manutencao.","A Pneus Center tem 52 avaliacoes em Barra Mansa. O segmento de pneus tem demanda constante e o cliente pesquisa preco e reputacao online antes de comprar. Quero mostrar como atrair mais clientes com presenca digital estrategica.","Empresa: Pneus Center | Cidade: Barra Mansa | Tipo: Pneus e Borracharia | Nota Google: 4.3 (52 avaliacoes) | Categorias: Serviço de alinhamento e balanceamento | Endereco: Av. Min. Amaral Peixoto, 135 - Jardim Boa Vista - Bocaininha, Barra Mansa - RJ, 27350-370, Brasil | DICA SDR: Negocio local do setor automotivo. O dono costuma estar no balcao ou na oficina. Pergunte pelo proprietario ou gerente. Destaque que o mercado de reposicao automotiva cresce forte e quem se posiciona digitalmente agora atrai clientes da regiao toda - nao so do bairro."
"Kefas Autopeças - Unidade do Centro","NUC x Kefas Autopeças - Unidade do Centro","+55 24 99321-7377","https://www.google.com/search?q=Kefas+Autope%C3%A7as+-+Unidade+do+Centro+Barra+Mansa+instagram","Automotivo - Auto Pecas","Prospeccao Ativa","Barra Mansa","Vendas dependem do fluxo de balcao e indicacao de mecanicos; dificuldade em atrair clientes finais que compram online; concorrencia com marketplaces (Mercado Livre, Shopee); estoque de pecas especificas que nao giram.","A Kefas Autopeças - Unidade do Centro tem nota 4.5 no Google - isso mostra confianca do cliente. Auto pecas que estruturam marketing digital conseguem atrair mecanicos, oficinas e consumidores finais alem do bairro. Quero apresentar como fazemos isso.","Empresa: Kefas Autopeças - Unidade do Centro | Cidade: Barra Mansa | Tipo: Auto Pecas | Nota Google: 4.5 (42 avaliacoes) | Categorias: Loja de autopeças, Atacadista de acessórios automotivos, Loja de acessórios automotivos, Loja de baterias de carro, Mecânica para carros | Endereco: Zap (24 - 93300.5995 - Centro, Barra Mansa - RJ, 27330-020, Brasil | DICA SDR: Negocio local do setor automotivo. O dono costuma estar no balcao ou na oficina. Pergunte pelo proprietario ou gerente. Destaque que o mercado de reposicao automotiva cresce forte e quem se posiciona digitalmente agora atrai clientes da regiao toda - nao so do bairro."
"Marcolan Auto Peças","NUC x Marcolan Auto Peças","+55 24 3324-7960","https://www.google.com/search?q=Marcolan+Auto+Pe%C3%A7as+Barra+Mansa+instagram","Automotivo - Auto Pecas","Prospeccao Ativa","Barra Mansa","Vendas dependem do fluxo de balcao e indicacao de mecanicos; dificuldade em atrair clientes finais que compram online; concorrencia com marketplaces (Mercado Livre, Shopee); estoque de pecas especificas que nao giram.","Vi que a Marcolan Auto Peças e referencia em auto pecas em Barra Mansa com 40 avaliacoes. O mercado de reposicao automotiva cresce 12% ao ano e quem investe em presenca digital atrai oficinas e clientes finais da regiao toda. Quero mostrar como potencializar isso.","Empresa: Marcolan Auto Peças | Cidade: Barra Mansa | Tipo: Auto Pecas | Nota Google: 4.0 (40 avaliacoes) | Categorias: Loja de autopeças | Endereco: RODOVIA RJ 155, Rod. Pres. Getúlio Vargas, 2405 - Santa Clara, Barra Mansa - RJ, 27340-003, Brasil | DICA SDR: Negocio local do setor automotivo. O dono costuma estar no balcao ou na oficina. Pergunte pelo proprietario ou gerente. Destaque que o mercado de reposicao automotiva cresce forte e quem se posiciona digitalmente agora atrai clientes da regiao toda - nao so do bairro."
"Auto Peças Azoberte","NUC x Auto Peças Azoberte","+55 24 99831-3680","https://www.google.com/search?q=Auto+Pe%C3%A7as+Azoberte+Barra+Mansa+instagram","Automotivo - Auto Pecas","Prospeccao Ativa","Barra Mansa","Vendas dependem do fluxo de balcao e indicacao de mecanicos; dificuldade em atrair clientes finais que compram online; concorrencia com marketplaces (Mercado Livre, Shopee); estoque de pecas especificas que nao giram.","A Auto Peças Azoberte tem nota 4.3 no Google - isso mostra confianca do cliente. Auto pecas que estruturam marketing digital conseguem atrair mecanicos, oficinas e consumidores finais alem do bairro. Quero apresentar como fazemos isso.","Empresa: Auto Peças Azoberte | Cidade: Barra Mansa | Tipo: Auto Pecas | Nota Google: 4.3 (37 avaliacoes) | Categorias: Loja de autopeças | Endereco: Av. Três de Outubro, 81 - Jardim Boa Vista, Barra Mansa - RJ, 27350-230, Brasil | DICA SDR: Negocio local do setor automotivo. O dono costuma estar no balcao ou na oficina. Pergunte pelo proprietario ou gerente. Destaque que o mercado de reposicao automotiva cresce forte e quem se posiciona digitalmente agora atrai clientes da regiao toda - nao so do bairro."
"J SOUZA AUTO CENTER","NUC x J SOUZA AUTO CENTER","+55 24 98813-6698","https://www.instagram.com/jsouzaautocenter_","Automotivo - Auto Center","Prospeccao Ativa","Barra Mansa","Agenda com horarios ociosos; clientes so aparecem quando o carro quebra (nao tem preventivo agendado); dificuldade em mostrar diferenciais em relacao a concorrentes; depende de fluxo espontaneo.","A J SOUZA AUTO CENTER ja e referencia em Barra Mansa com 36 avaliacoes. Imagine atrair clientes de toda a regiao Sul Fluminense com uma estrategia digital que mostre seus diferenciais - quero apresentar como fazemos isso.","Empresa: J SOUZA AUTO CENTER | Cidade: Barra Mansa | Tipo: Auto Center | Nota Google: 4.9 (36 avaliacoes) | Categorias: Oficina mecânica, Mecânica para carros, Mecânico, Serviço de troca de óleo, Serviço de alinhamento e balanceamento | Endereco: Zap (24 - 93300.5995 - Colonia Santo Antonio, Barra Mansa - RJ, 27353-000, Brasil | DICA SDR: Negocio local do setor automotivo. O dono costuma estar no balcao ou na oficina. Pergunte pelo proprietario ou gerente. Destaque que o mercado de reposicao automotiva cresce forte e quem se posiciona digitalmente agora atrai clientes da regiao toda - nao so do bairro."
"Vip Car Auto Center","NUC x Vip Car Auto Center","+55 24 3029-3988","https://instagram.com/vipcar_carros?igshid=tdtmudfxjnem","Automotivo - Auto Center","Prospeccao Ativa","Barra Mansa","Agenda com horarios ociosos; clientes so aparecem quando o carro quebra (nao tem preventivo agendado); dificuldade em mostrar diferenciais em relacao a concorrentes; depende de fluxo espontaneo.","A Vip Car Auto Center ja e referencia em Barra Mansa com 36 avaliacoes. Imagine atrair clientes de toda a regiao Sul Fluminense com uma estrategia digital que mostre seus diferenciais - quero apresentar como fazemos isso.","Empresa: Vip Car Auto Center | Cidade: Barra Mansa | Tipo: Auto Center | Nota Google: 4.9 (36 avaliacoes) | Categorias: Mecânica para carros | Endereco: R. Candido Teodoro de Souza, 520 - Monte Cristo, Barra Mansa - RJ, 27343-040, Brasil | DICA SDR: Negocio local do setor automotivo. O dono costuma estar no balcao ou na oficina. Pergunte pelo proprietario ou gerente. Destaque que o mercado de reposicao automotiva cresce forte e quem se posiciona digitalmente agora atrai clientes da regiao toda - nao so do bairro."
"Centro Automotivo Bela Vista - Direção Hidráulica","NUC x Centro Automotivo Bela Vista - Direção Hidráulica","+55 24 99217-3035","https://www.google.com/search?q=Centro+Automotivo+Bela+Vista+-+Dire%C3%A7%C3%A3o+Hidr%C3%A1ulica+Barra+Mansa+instagram","Automotivo - Auto Center","Prospeccao Ativa","Barra Mansa","Agenda com horarios ociosos; clientes so aparecem quando o carro quebra (nao tem preventivo agendado); dificuldade em mostrar diferenciais em relacao a concorrentes; depende de fluxo espontaneo.","A Centro Automotivo Bela Vista - Direção Hidráulica e um auto center bem avaliado em Barra Mansa (34 avaliacoes). Auto centers que investem em marketing digital atraem clientes de cidades vizinhas e fidelizam com agendamento online. Quero apresentar como funciona.","Empresa: Centro Automotivo Bela Vista - Direção Hidráulica | Cidade: Barra Mansa | Tipo: Auto Center | Nota Google: 4.8 (34 avaliacoes) | Categorias: Oficina mecânica, Mecânica para carros, Serviço de reparos hidráulicos | Endereco: Zap (24 - 93300.5995 - Jardim Boa Vista, Barra Mansa - RJ, 27350-230, Brasil | DICA SDR: Negocio local do setor automotivo. O dono costuma estar no balcao ou na oficina. Pergunte pelo proprietario ou gerente. Destaque que o mercado de reposicao automotiva cresce forte e quem se posiciona digitalmente agora atrai clientes da regiao toda - nao so do bairro."
"Francis Auto Peças","NUC x Francis Auto Peças","+55 24 3323-8498","https://www.google.com/search?q=Francis+Auto+Pe%C3%A7as+Barra+Mansa+instagram","Automotivo - Auto Pecas","Prospeccao Ativa","Barra Mansa","Vendas dependem do fluxo de balcao e indicacao de mecanicos; dificuldade em atrair clientes finais que compram online; concorrencia com marketplaces (Mercado Livre, Shopee); estoque de pecas especificas que nao giram.","A Francis Auto Peças tem nota 3.1 no Google - isso mostra confianca do cliente. Auto pecas que estruturam marketing digital conseguem atrair mecanicos, oficinas e consumidores finais alem do bairro. Quero apresentar como fazemos isso.","Empresa: Francis Auto Peças | Cidade: Barra Mansa | Tipo: Auto Pecas | Nota Google: 3.1 (27 avaliacoes) | Categorias: Loja de autopeças | Endereco: Zap (24 - 93300.5995 - Jardim Boa Vista, Barra Mansa - RJ, 27350-190, Brasil | DICA SDR: Negocio local do setor automotivo. O dono costuma estar no balcao ou na oficina. Pergunte pelo proprietario ou gerente. Destaque que o mercado de reposicao automotiva cresce forte e quem se posiciona digitalmente agora atrai clientes da regiao toda - nao so do bairro."
"Kefas Autopeças - Unidade da Vila Nova","NUC x Kefas Autopeças - Unidade da Vila Nova","+55 24 99316-3549","https://www.google.com/search?q=Kefas+Autope%C3%A7as+-+Unidade+da+Vila+Nova+Barra+Mansa+instagram","Automotivo - Auto Pecas","Prospeccao Ativa","Barra Mansa","Vendas dependem do fluxo de balcao e indicacao de mecanicos; dificuldade em atrair clientes finais que compram online; concorrencia com marketplaces (Mercado Livre, Shopee); estoque de pecas especificas que nao giram.","A Kefas Autopeças - Unidade da Vila Nova tem nota 4.7 no Google - isso mostra confianca do cliente. Auto pecas que estruturam marketing digital conseguem atrair mecanicos, oficinas e consumidores finais alem do bairro. Quero apresentar como fazemos isso.","Empresa: Kefas Autopeças - Unidade da Vila Nova | Cidade: Barra Mansa | Tipo: Auto Pecas | Nota Google: 4.7 (24 avaliacoes) | Categorias: Loja | Endereco: R. Josias Cirilo Maciel, 50 - Vila Nova, Barra Mansa - RJ, 27321-200, Brasil | DICA SDR: Negocio local do setor automotivo. O dono costuma estar no balcao ou na oficina. Pergunte pelo proprietario ou gerente. Destaque que o mercado de reposicao automotiva cresce forte e quem se posiciona digitalmente agora atrai clientes da regiao toda - nao so do bairro."
"Aliança Centro Automotivo","NUC x Aliança Centro Automotivo","+55 24 99919-5169","https://www.google.com/search?q=Alian%C3%A7a+Centro+Automotivo+Barra+Mansa+instagram","Automotivo - Auto Center","Prospeccao Ativa","Barra Mansa","Agenda com horarios ociosos; clientes so aparecem quando o carro quebra (nao tem preventivo agendado); dificuldade em mostrar diferenciais em relacao a concorrentes; depende de fluxo espontaneo.","Vi que a Aliança Centro Automotivo tem nota 4.9 em Barra Mansa. Auto centers com boa reputacao online multiplicam o fluxo quando investem em posicionamento digital - clientes buscam no Google antes de levar o carro. Quero mostrar como.","Empresa: Aliança Centro Automotivo | Cidade: Barra Mansa | Tipo: Auto Center | Nota Google: 4.9 (19 avaliacoes) | Categorias: Oficina mecânica | Endereco: Av. Presidente Kennedy, 1155 - Ano Bom, Barra Mansa - RJ, 27323-641, Brasil | DICA SDR: Negocio local do setor automotivo. O dono costuma estar no balcao ou na oficina. Pergunte pelo proprietario ou gerente. Destaque que o mercado de reposicao automotiva cresce forte e quem se posiciona digitalmente agora atrai clientes da regiao toda - nao so do bairro."
"PEREIRA AUTO CENTER - OFICINA MECANICA","NUC x PEREIRA AUTO CENTER - OFICINA MECANICA","+55 24 3028-6407","https://www.google.com/search?q=PEREIRA+AUTO+CENTER+-+OFICINA+MECANICA+Barra+Mansa+instagram","Automotivo - Auto Center","Prospeccao Ativa","Barra Mansa","Agenda com horarios ociosos; clientes so aparecem quando o carro quebra (nao tem preventivo agendado); dificuldade em mostrar diferenciais em relacao a concorrentes; depende de fluxo espontaneo.","A PEREIRA AUTO CENTER - OFICINA MECANICA ja e referencia em Barra Mansa com 17 avaliacoes. Imagine atrair clientes de toda a regiao Sul Fluminense com uma estrategia digital que mostre seus diferenciais - quero apresentar como fazemos isso.","Empresa: PEREIRA AUTO CENTER - OFICINA MECANICA | Cidade: Barra Mansa | Tipo: Auto Center | Nota Google: 5.0 (17 avaliacoes) | Categorias: Oficina mecânica | Endereco: R. José Marcelino de Camargo, 489 - Centro - Centro, Barra Mansa - RJ, 27345-370, Brasil | DICA SDR: Negocio local do setor automotivo. O dono costuma estar no balcao ou na oficina. Pergunte pelo proprietario ou gerente. Destaque que o mercado de reposicao automotiva cresce forte e quem se posiciona digitalmente agora atrai clientes da regiao toda - nao so do bairro."
"UR CAR Centro Automotivo","NUC x UR CAR Centro Automotivo","+55 24 99857-5674","https://www.instagram.com/urcarcentroautomotivo/","Automotivo - Auto Center","Prospeccao Ativa","Barra Mansa","Agenda com horarios ociosos; clientes so aparecem quando o carro quebra (nao tem preventivo agendado); dificuldade em mostrar diferenciais em relacao a concorrentes; depende de fluxo espontaneo.","A UR CAR Centro Automotivo e um auto center bem avaliado em Barra Mansa (16 avaliacoes). Auto centers que investem em marketing digital atraem clientes de cidades vizinhas e fidelizam com agendamento online. Quero apresentar como funciona.","Empresa: UR CAR Centro Automotivo | Cidade: Barra Mansa | Tipo: Auto Center | Nota Google: 4.9 (16 avaliacoes) | Categorias: Oficina mecânica | Endereco: próximo ao Cresci e Perdi - Avenida Argemiro de Paula Coutinho, 150 Beira Rio - Centro, Barra Mansa - RJ, 27310-020, Brasil | DICA SDR: Negocio local do setor automotivo. O dono costuma estar no balcao ou na oficina. Pergunte pelo proprietario ou gerente. Destaque que o mercado de reposicao automotiva cresce forte e quem se posiciona digitalmente agora atrai clientes da regiao toda - nao so do bairro."
"Daniel Auto Peças","NUC x Daniel Auto Peças","+55 24 98856-6603","https://www.google.com/search?q=Daniel+Auto+Pe%C3%A7as+Barra+Mansa+instagram","Automotivo - Auto Pecas","Prospeccao Ativa","Barra Mansa","Vendas dependem do fluxo de balcao e indicacao de mecanicos; dificuldade em atrair clientes finais que compram online; concorrencia com marketplaces (Mercado Livre, Shopee); estoque de pecas especificas que nao giram.","Pesquisando auto pecas em Barra Mansa, a Daniel Auto Peças se destacou. O consumidor de hoje pesquisa no Google antes de comprar peca - quem aparece primeiro vende mais. Quero mostrar como colocar voces nessa posicao.","Empresa: Daniel Auto Peças | Cidade: Barra Mansa | Tipo: Auto Pecas | Nota Google: 4.0 (14 avaliacoes) | Categorias: Loja de autopeças | Endereco: Av. Presidente Kennedy, 1188 - Ano Bom, Barra Mansa - RJ, 27323-641, Brasil | DICA SDR: Negocio local do setor automotivo. O dono costuma estar no balcao ou na oficina. Pergunte pelo proprietario ou gerente. Destaque que o mercado de reposicao automotiva cresce forte e quem se posiciona digitalmente agora atrai clientes da regiao toda - nao so do bairro."
"Auto Center Boa Vista","NUC x Auto Center Boa Vista","+55 24 99842-8635","https://www.google.com/search?q=Auto+Center+Boa+Vista+Barra+Mansa+instagram","Automotivo - Auto Center","Prospeccao Ativa","Barra Mansa","Agenda com horarios ociosos; clientes so aparecem quando o carro quebra (nao tem preventivo agendado); dificuldade em mostrar diferenciais em relacao a concorrentes; depende de fluxo espontaneo.","Vi que a Auto Center Boa Vista tem nota 4.8 em Barra Mansa. Auto centers com boa reputacao online multiplicam o fluxo quando investem em posicionamento digital - clientes buscam no Google antes de levar o carro. Quero mostrar como.","Empresa: Auto Center Boa Vista | Cidade: Barra Mansa | Tipo: Auto Center | Nota Google: 4.8 (13 avaliacoes) | Categorias: Oficina mecânica | Endereco: R. P, 42 - Boa Vista II, Barra Mansa - RJ, 27336-410, Brasil | DICA SDR: Negocio local do setor automotivo. O dono costuma estar no balcao ou na oficina. Pergunte pelo proprietario ou gerente. Destaque que o mercado de reposicao automotiva cresce forte e quem se posiciona digitalmente agora atrai clientes da regiao toda - nao so do bairro."
"Fernando Auto Center","NUC x Fernando Auto Center","+55 24 99841-6188","https://www.google.com/search?q=Fernando+Auto+Center+Barra+Mansa+instagram","Automotivo - Auto Center","Prospeccao Ativa","Barra Mansa","Agenda com horarios ociosos; clientes so aparecem quando o carro quebra (nao tem preventivo agendado); dificuldade em mostrar diferenciais em relacao a concorrentes; depende de fluxo espontaneo.","A Fernando Auto Center e um auto center bem avaliado em Barra Mansa (11 avaliacoes). Auto centers que investem em marketing digital atraem clientes de cidades vizinhas e fidelizam com agendamento online. Quero apresentar como funciona.","Empresa: Fernando Auto Center | Cidade: Barra Mansa | Tipo: Auto Center | Nota Google: 5.0 (11 avaliacoes) | Categorias: Mecânica para carros | Endereco: Av. Cristiano dos Reis Meireles Filho - Vista Alegre, Barra Mansa - RJ, 27320-011, Brasil | DICA SDR: Negocio local do setor automotivo. O dono costuma estar no balcao ou na oficina. Pergunte pelo proprietario ou gerente. Destaque que o mercado de reposicao automotiva cresce forte e quem se posiciona digitalmente agora atrai clientes da regiao toda - nao so do bairro."
"Auto Center Monte Cristo","NUC x Auto Center Monte Cristo","+55 24 98161-6160","https://www.google.com/search?q=Auto+Center+Monte+Cristo+Barra+Mansa+instagram","Automotivo - Auto Center","Prospeccao Ativa","Barra Mansa","Agenda com horarios ociosos; clientes so aparecem quando o carro quebra (nao tem preventivo agendado); dificuldade em mostrar diferenciais em relacao a concorrentes; depende de fluxo espontaneo.","A Auto Center Monte Cristo ja e referencia em Barra Mansa com 8 avaliacoes. Imagine atrair clientes de toda a regiao Sul Fluminense com uma estrategia digital que mostre seus diferenciais - quero apresentar como fazemos isso.","Empresa: Auto Center Monte Cristo | Cidade: Barra Mansa | Tipo: Auto Center | Nota Google: 4.5 (8 avaliacoes) | Categorias: Mecânica para carros | Endereco: R. Recife, 93 - Monte Cristo, Barra Mansa - RJ, 27343-090, Brasil | DICA SDR: Negocio local do setor automotivo. O dono costuma estar no balcao ou na oficina. Pergunte pelo proprietario ou gerente. Destaque que o mercado de reposicao automotiva cresce forte e quem se posiciona digitalmente agora atrai clientes da regiao toda - nao so do bairro."
"369 Importados Auto Peças","NUC x 369 Importados Auto Peças","+55 24 99855-5788","https://www.google.com/search?q=369+Importados+Auto+Pe%C3%A7as+Barra+Mansa+instagram","Automotivo - Auto Pecas","Prospeccao Ativa","Barra Mansa","Vendas dependem do fluxo de balcao e indicacao de mecanicos; dificuldade em atrair clientes finais que compram online; concorrencia com marketplaces (Mercado Livre, Shopee); estoque de pecas especificas que nao giram.","Pesquisando auto pecas em Barra Mansa, a 369 Importados Auto Peças se destacou. O consumidor de hoje pesquisa no Google antes de comprar peca - quem aparece primeiro vende mais. Quero mostrar como colocar voces nessa posicao.","Empresa: 369 Importados Auto Peças | Cidade: Barra Mansa | Tipo: Auto Pecas | Nota Google: 5.0 (8 avaliacoes) | Categorias: Loja de autopeças | Endereco: R. Gen. Barcelos - Saudade, Barra Mansa - RJ, 27313-120, Brasil | DICA SDR: Negocio local do setor automotivo. O dono costuma estar no balcao ou na oficina. Pergunte pelo proprietario ou gerente. Destaque que o mercado de reposicao automotiva cresce forte e quem se posiciona digitalmente agora atrai clientes da regiao toda - nao so do bairro."
"Auto Car Service centro automotivo","NUC x Auto Car Service centro automotivo","+55 24 99859-6774","https://www.google.com/search?q=Auto+Car+Service+centro+automotivo+Barra+Mansa+instagram","Automotivo - Auto Center","Prospeccao Ativa","Barra Mansa","Agenda com horarios ociosos; clientes so aparecem quando o carro quebra (nao tem preventivo agendado); dificuldade em mostrar diferenciais em relacao a concorrentes; depende de fluxo espontaneo.","Vi que a Auto Car Service centro automotivo tem nota 3.9 em Barra Mansa. Auto centers com boa reputacao online multiplicam o fluxo quando investem em posicionamento digital - clientes buscam no Google antes de levar o carro. Quero mostrar como.","Empresa: Auto Car Service centro automotivo | Cidade: Barra Mansa | Tipo: Auto Center | Nota Google: 3.9 (7 avaliacoes) | Categorias: Oficina mecânica | Endereco: Av. Presidente Kennedy, 1819 - Ano Bom, Barra Mansa - RJ, 27325-190, Brasil | DICA SDR: Negocio local do setor automotivo. O dono costuma estar no balcao ou na oficina. Pergunte pelo proprietario ou gerente. Destaque que o mercado de reposicao automotiva cresce forte e quem se posiciona digitalmente agora atrai clientes da regiao toda - nao so do bairro."
"Auto Peças Bocaininha","NUC x Auto Peças Bocaininha","+55 24 7811-6067","https://www.google.com/search?q=Auto+Pe%C3%A7as+Bocaininha+Barra+Mansa+instagram","Automotivo - Auto Pecas","Prospeccao Ativa","Barra Mansa","Vendas dependem do fluxo de balcao e indicacao de mecanicos; dificuldade em atrair clientes finais que compram online; concorrencia com marketplaces (Mercado Livre, Shopee); estoque de pecas especificas que nao giram.","Pesquisando auto pecas em Barra Mansa, a Auto Peças Bocaininha se destacou. O consumidor de hoje pesquisa no Google antes de comprar peca - quem aparece primeiro vende mais. Quero mostrar como colocar voces nessa posicao.","Empresa: Auto Peças Bocaininha | Cidade: Barra Mansa | Tipo: Auto Pecas | Nota Google: 5.0 (5 avaliacoes) | Categorias: Loja de autopeças | Endereco: Av. Min. Amaral Peixoto, 665 - Jardim Boa Vista, Barra Mansa - RJ, 27350-370, Brasil | DICA SDR: Negocio local do setor automotivo. O dono costuma estar no balcao ou na oficina. Pergunte pelo proprietario ou gerente. Destaque que o mercado de reposicao automotiva cresce forte e quem se posiciona digitalmente agora atrai clientes da regiao toda - nao so do bairro."
"Antunes Auto Peças","NUC x Antunes Auto Peças","+55 24 99267-7418","https://www.google.com/search?q=Antunes+Auto+Pe%C3%A7as+Barra+Mansa+instagram","Automotivo - Auto Pecas","Prospeccao Ativa","Barra Mansa","Vendas dependem do fluxo de balcao e indicacao de mecanicos; dificuldade em atrair clientes finais que compram online; concorrencia com marketplaces (Mercado Livre, Shopee); estoque de pecas especificas que nao giram.","Pesquisando auto pecas em Barra Mansa, a Antunes Auto Peças se destacou. O consumidor de hoje pesquisa no Google antes de comprar peca - quem aparece primeiro vende mais. Quero mostrar como colocar voces nessa posicao.","Empresa: Antunes Auto Peças | Cidade: Barra Mansa | Tipo: Auto Pecas | Nota Google: 5.0 (4 avaliacoes) | Categorias: Loja de autopeças | Endereco: Av. Dr. Francisco Vilela de Andrade Neto, 123 - Centro, Barra Mansa - RJ, 27330-590, Brasil | DICA SDR: Negocio local do setor automotivo. O dono costuma estar no balcao ou na oficina. Pergunte pelo proprietario ou gerente. Destaque que o mercado de reposicao automotiva cresce forte e quem se posiciona digitalmente agora atrai clientes da regiao toda - nao so do bairro."
"Prinvile Auto Peças","NUC x Prinvile Auto Peças","+55 24 98171-2549","https://www.google.com/search?q=Prinvile+Auto+Pe%C3%A7as+Barra+Mansa+instagram","Automotivo - Auto Pecas","Prospeccao Ativa","Barra Mansa","Vendas dependem do fluxo de balcao e indicacao de mecanicos; dificuldade em atrair clientes finais que compram online; concorrencia com marketplaces (Mercado Livre, Shopee); estoque de pecas especificas que nao giram.","Vi que a Prinvile Auto Peças e referencia em auto pecas em Barra Mansa com 4 avaliacoes. O mercado de reposicao automotiva cresce 12% ao ano e quem investe em presenca digital atrai oficinas e clientes finais da regiao toda. Quero mostrar como potencializar isso.","Empresa: Prinvile Auto Peças | Cidade: Barra Mansa | Tipo: Auto Pecas | Nota Google: 5.0 (4 avaliacoes) | Categorias: Loja de autopeças, Loja de acessórios automotivos | Endereco: Zap (24 - 93300.5995 - Goiabal, Barra Mansa - RJ, 27340-140, Brasil | DICA SDR: Negocio local do setor automotivo. O dono costuma estar no balcao ou na oficina. Pergunte pelo proprietario ou gerente. Destaque que o mercado de reposicao automotiva cresce forte e quem se posiciona digitalmente agora atrai clientes da regiao toda - nao so do bairro."
"L e P auto center","NUC x L e P auto center","+55 24 97403-3638","https://www.google.com/search?q=L+e+P+auto+center+Barra+Mansa+instagram","Automotivo - Auto Center","Prospeccao Ativa","Barra Mansa","Agenda com horarios ociosos; clientes so aparecem quando o carro quebra (nao tem preventivo agendado); dificuldade em mostrar diferenciais em relacao a concorrentes; depende de fluxo espontaneo.","A L e P auto center ja e referencia em Barra Mansa com 4 avaliacoes. Imagine atrair clientes de toda a regiao Sul Fluminense com uma estrategia digital que mostre seus diferenciais - quero apresentar como fazemos isso.","Empresa: L e P auto center | Cidade: Barra Mansa | Tipo: Auto Center | Nota Google: 4.8 (4 avaliacoes) | Categorias: Mecânica para carros | Endereco: R. Dr. José Alves, 244b - Centro, Barra Mansa - RJ, Brasil | DICA SDR: Negocio local do setor automotivo. O dono costuma estar no balcao ou na oficina. Pergunte pelo proprietario ou gerente. Destaque que o mercado de reposicao automotiva cresce forte e quem se posiciona digitalmente agora atrai clientes da regiao toda - nao so do bairro."
"Magrão AUTO CENTER","NUC x Magrão AUTO CENTER","Sem telefone cadastrado","https://www.google.com/search?q=Magr%C3%A3o+AUTO+CENTER+Barra+Mansa+instagram","Automotivo - Auto Center","Prospeccao Ativa","Barra Mansa","Agenda com horarios ociosos; clientes so aparecem quando o carro quebra (nao tem preventivo agendado); dificuldade em mostrar diferenciais em relacao a concorrentes; depende de fluxo espontaneo.","Vi que a Magrão AUTO CENTER tem nota 5.0 em Barra Mansa. Auto centers com boa reputacao online multiplicam o fluxo quando investem em posicionamento digital - clientes buscam no Google antes de levar o carro. Quero mostrar como.","Empresa: Magrão AUTO CENTER | Cidade: Barra Mansa | Tipo: Auto Center | Nota Google: 5.0 (4 avaliacoes) | Categorias: Mecânica para carros | Endereco: Av. Homero Leite, 1712 - Saudade, Barra Mansa - RJ, 27313-191, Brasil | DICA SDR: Negocio local do setor automotivo. O dono costuma estar no balcao ou na oficina. Pergunte pelo proprietario ou gerente. Destaque que o mercado de reposicao automotiva cresce forte e quem se posiciona digitalmente agora atrai clientes da regiao toda - nao so do bairro."
"Auto Parts Peças e Acessórios Automotivos","NUC x Auto Parts Peças e Acessórios Automotivos","+55 24 99968-8513","https://www.google.com/search?q=Auto+Parts+Pe%C3%A7as+e+Acess%C3%B3rios+Automotivos+Barra+Mansa+instagram","Automotivo - Auto Pecas","Prospeccao Ativa","Barra Mansa","Vendas dependem do fluxo de balcao e indicacao de mecanicos; dificuldade em atrair clientes finais que compram online; concorrencia com marketplaces (Mercado Livre, Shopee); estoque de pecas especificas que nao giram.","Pesquisando auto pecas em Barra Mansa, a Auto Parts Peças e Acessórios Automotivos se destacou. O consumidor de hoje pesquisa no Google antes de comprar peca - quem aparece primeiro vende mais. Quero mostrar como colocar voces nessa posicao.","Empresa: Auto Parts Peças e Acessórios Automotivos | Cidade: Barra Mansa | Tipo: Auto Pecas | Nota Google: 5.0 (3 avaliacoes) | Categorias: Loja de autopeças | Endereco: Av. Domingos Mariano, 512 - Centro, Barra Mansa - RJ, 27345-310, Brasil | DICA SDR: Negocio local do setor automotivo. O dono costuma estar no balcao ou na oficina. Pergunte pelo proprietario ou gerente. Destaque que o mercado de reposicao automotiva cresce forte e quem se posiciona digitalmente agora atrai clientes da regiao toda - nao so do bairro."
"AUTO PEÇAS BARRACAR","NUC x AUTO PEÇAS BARRACAR","+55 24 99864-7260","https://www.google.com/search?q=AUTO+PE%C3%87AS+BARRACAR+Barra+Mansa+instagram","Automotivo - Auto Pecas","Prospeccao Ativa","Barra Mansa","Vendas dependem do fluxo de balcao e indicacao de mecanicos; dificuldade em atrair clientes finais que compram online; concorrencia com marketplaces (Mercado Livre, Shopee); estoque de pecas especificas que nao giram.","Vi que a AUTO PEÇAS BARRACAR e referencia em auto pecas em Barra Mansa com 3 avaliacoes. O mercado de reposicao automotiva cresce 12% ao ano e quem investe em presenca digital atrai oficinas e clientes finais da regiao toda. Quero mostrar como potencializar isso.","Empresa: AUTO PEÇAS BARRACAR | Cidade: Barra Mansa | Tipo: Auto Pecas | Nota Google: 4.7 (3 avaliacoes) | Categorias: Loja de autopeças | Endereco: Zap (24 - 99825.7062 - Boa Vista I, Barra Mansa - RJ, 27336-410, Brasil | DICA SDR: Negocio local do setor automotivo. O dono costuma estar no balcao ou na oficina. Pergunte pelo proprietario ou gerente. Destaque que o mercado de reposicao automotiva cresce forte e quem se posiciona digitalmente agora atrai clientes da regiao toda - nao so do bairro."
"Zeus Auto Center","NUC x Zeus Auto Center","+55 24 99918-0813","https://www.google.com/search?q=Zeus+Auto+Center+Barra+Mansa+instagram","Automotivo - Auto Center","Prospeccao Ativa","Barra Mansa","Agenda com horarios ociosos; clientes so aparecem quando o carro quebra (nao tem preventivo agendado); dificuldade em mostrar diferenciais em relacao a concorrentes; depende de fluxo espontaneo.","Vi que a Zeus Auto Center tem nota 5.0 em Barra Mansa. Auto centers com boa reputacao online multiplicam o fluxo quando investem em posicionamento digital - clientes buscam no Google antes de levar o carro. Quero mostrar como.","Empresa: Zeus Auto Center | Cidade: Barra Mansa | Tipo: Auto Center | Nota Google: 5.0 (1 avaliacoes) | Categorias: Oficina mecânica | Endereco: R. José Fernandes da Silva - Vista Alegre, Barra Mansa - RJ, 27320-370, Brasil | DICA SDR: Negocio local do setor automotivo. O dono costuma estar no balcao ou na oficina. Pergunte pelo proprietario ou gerente. Destaque que o mercado de reposicao automotiva cresce forte e quem se posiciona digitalmente agora atrai clientes da regiao toda - nao so do bairro."
"Auto Center Beira Rio","NUC x Auto Center Beira Rio","+55 24 99945-5926","https://www.google.com/search?q=Auto+Center+Beira+Rio+Barra+Mansa+instagram","Automotivo - Auto Center","Prospeccao Ativa","Barra Mansa","Agenda com horarios ociosos; clientes so aparecem quando o carro quebra (nao tem preventivo agendado); dificuldade em mostrar diferenciais em relacao a concorrentes; depende de fluxo espontaneo.","Vi que a Auto Center Beira Rio tem nota 0.0 em Barra Mansa. Auto centers com boa reputacao online multiplicam o fluxo quando investem em posicionamento digital - clientes buscam no Google antes de levar o carro. Quero mostrar como.","Empresa: Auto Center Beira Rio | Cidade: Barra Mansa | Tipo: Auto Center | Categorias: Oficina mecânica, Serviço de ar condicionado automotivo, Autoelétrico, Mecânica para carros, Mecânico, Serviço de troca de óleo, Serviço de alinhamento e balanceamento | Endereco: Av. Presidente Vargas, 35 - Centro, Barra Mansa - RJ, 27330-630, Brasil | DICA SDR: Negocio local do setor automotivo. O dono costuma estar no balcao ou na oficina. Pergunte pelo proprietario ou gerente. Destaque que o mercado de reposicao automotiva cresce forte e quem se posiciona digitalmente agora atrai clientes da regiao toda - nao so do bairro."
"Mazinho Auto Center","NUC x Mazinho Auto Center","+55 24 99988-3850","https://www.google.com/search?q=Mazinho+Auto+Center+Barra+Mansa+instagram","Automotivo - Auto Center","Prospeccao Ativa","Barra Mansa","Agenda com horarios ociosos; clientes so aparecem quando o carro quebra (nao tem preventivo agendado); dificuldade em mostrar diferenciais em relacao a concorrentes; depende de fluxo espontaneo.","A Mazinho Auto Center ja e referencia em Barra Mansa com 0 avaliacoes. Imagine atrair clientes de toda a regiao Sul Fluminense com uma estrategia digital que mostre seus diferenciais - quero apresentar como fazemos isso.","Empresa: Mazinho Auto Center | Cidade: Barra Mansa | Tipo: Auto Center | Categorias: Oficina mecânica | Endereco: R. Quatro, 27 - Vila Natal, Barra Mansa - RJ, 27332-000, Brasil | DICA SDR: Negocio local do setor automotivo. O dono costuma estar no balcao ou na oficina. Pergunte pelo proprietario ou gerente. Destaque que o mercado de reposicao automotiva cresce forte e quem se posiciona digitalmente agora atrai clientes da regiao toda - nao so do bairro."
"Mazinho Auto Center","NUC x Mazinho Auto Center","+55 24 99988-3850","https://www.google.com/search?q=Mazinho+Auto+Center+Barra+Mansa+instagram","Automotivo - Auto Center","Prospeccao Ativa","Barra Mansa","Agenda com horarios ociosos; clientes so aparecem quando o carro quebra (nao tem preventivo agendado); dificuldade em mostrar diferenciais em relacao a concorrentes; depende de fluxo espontaneo.","A Mazinho Auto Center ja e referencia em Barra Mansa com 0 avaliacoes. Imagine atrair clientes de toda a regiao Sul Fluminense com uma estrategia digital que mostre seus diferenciais - quero apresentar como fazemos isso.","Empresa: Mazinho Auto Center | Cidade: Barra Mansa | Tipo: Auto Center | Categorias: Oficina mecânica | Endereco: R. Quatro, 16 - Vila Natal, Barra Mansa - RJ, 27332-000, Brasil | DICA SDR: Negocio local do setor automotivo. O dono costuma estar no balcao ou na oficina. Pergunte pelo proprietario ou gerente. Destaque que o mercado de reposicao automotiva cresce forte e quem se posiciona digitalmente agora atrai clientes da regiao toda - nao so do bairro."
"Centersul A Loja Do Atila Na California","NUC x Centersul A Loja Do Atila Na California","+55 24 3338-7247","https://www.google.com/search?q=Centersul+A+Loja+Do+Atila+Na+California+Barra+do+Pirai+instagram","Automotivo - Auto Pecas","Prospeccao Ativa","Barra do Pirai","Vendas dependem do fluxo de balcao e indicacao de mecanicos; dificuldade em atrair clientes finais que compram online; concorrencia com marketplaces (Mercado Livre, Shopee); estoque de pecas especificas que nao giram.","Pesquisando auto pecas em Barra do Pirai, a Centersul A Loja Do Atila Na California se destacou. O consumidor de hoje pesquisa no Google antes de comprar peca - quem aparece primeiro vende mais. Quero mostrar como colocar voces nessa posicao.","Empresa: Centersul A Loja Do Atila Na California | Cidade: Barra do Pirai | Tipo: Auto Pecas | Nota Google: 4.9 (843 avaliacoes) | Categorias: Loja de acessórios automotivos | Endereco: Proximo Supermercado Tres Irmaos - R. Francisco Teixeira Neto, 951 - Fátima, Barra do Piraí - RJ, 27143-138, Brasil | DICA SDR: Negocio local do setor automotivo. O dono costuma estar no balcao ou na oficina. Pergunte pelo proprietario ou gerente. Destaque que o mercado de reposicao automotiva cresce forte e quem se posiciona digitalmente agora atrai clientes da regiao toda - nao so do bairro."
"NAFIL Auto Peças","NUC x NAFIL Auto Peças","+55 24 2442-1122","https://www.google.com/search?q=NAFIL+Auto+Pe%C3%A7as+Barra+do+Pirai+instagram","Automotivo - Auto Pecas","Prospeccao Ativa","Barra do Pirai","Vendas dependem do fluxo de balcao e indicacao de mecanicos; dificuldade em atrair clientes finais que compram online; concorrencia com marketplaces (Mercado Livre, Shopee); estoque de pecas especificas que nao giram.","Vi que a NAFIL Auto Peças e referencia em auto pecas em Barra do Pirai com 647 avaliacoes. O mercado de reposicao automotiva cresce 12% ao ano e quem investe em presenca digital atrai oficinas e clientes finais da regiao toda. Quero mostrar como potencializar isso.","Empresa: NAFIL Auto Peças | Cidade: Barra do Pirai | Tipo: Auto Pecas | Nota Google: 4.2 (647 avaliacoes) | Categorias: Loja de autopeças | Endereco: Rua Major Eduardo Nogueira de Oliveira, 281 - Muqueca, Barra do Piraí - RJ, 27140-250, Brasil | DICA SDR: Negocio local do setor automotivo. O dono costuma estar no balcao ou na oficina. Pergunte pelo proprietario ou gerente. Destaque que o mercado de reposicao automotiva cresce forte e quem se posiciona digitalmente agora atrai clientes da regiao toda - nao so do bairro."
"AM Pneus Barra Do Piraí | Promoção de Pneus","NUC x AM Pneus Barra Do Piraí | Promoção de Pneus","+55 24 2443-1130","https://www.google.com/search?q=AM+Pneus+Barra+Do+Pira%C3%AD+%7C+Promo%C3%A7%C3%A3o+de+Pneus+Barra+do+Pirai+instagram","Automotivo - Pneus","Prospeccao Ativa","Barra do Pirai","Cliente compra por preco e nao por confianca; concorrencia com grandes redes de pneus; vendas sazonais; dificuldade em fidelizar clientes para recapagem e manutencao.","A AM Pneus Barra Do Piraí | Promoção de Pneus tem 492 avaliacoes em Barra do Pirai. O segmento de pneus tem demanda constante e o cliente pesquisa preco e reputacao online antes de comprar. Quero mostrar como atrair mais clientes com presenca digital estrategica.","Empresa: AM Pneus Barra Do Piraí | Promoção de Pneus | Cidade: Barra do Pirai | Tipo: Pneus e Borracharia | Nota Google: 4.6 (492 avaliacoes) | Categorias: Comércio de Pneu | Endereco: R. Luís Barbosa, 358 - Matadouro, Barra do Piraí - RJ, 27115-000, Brasil | DICA SDR: Negocio local do setor automotivo. O dono costuma estar no balcao ou na oficina. Pergunte pelo proprietario ou gerente. Destaque que o mercado de reposicao automotiva cresce forte e quem se posiciona digitalmente agora atrai clientes da regiao toda - nao so do bairro."
"Pompeu Auto Center","NUC x Pompeu Auto Center","+55 24 2443-1020","https://instagram.com/pompeuautocenter?igshid=YmMyMTA2M2Y=","Automotivo - Auto Center","Prospeccao Ativa","Barra do Pirai","Agenda com horarios ociosos; clientes so aparecem quando o carro quebra (nao tem preventivo agendado); dificuldade em mostrar diferenciais em relacao a concorrentes; depende de fluxo espontaneo.","A Pompeu Auto Center ja e referencia em Barra do Pirai com 490 avaliacoes. Imagine atrair clientes de toda a regiao Sul Fluminense com uma estrategia digital que mostre seus diferenciais - quero apresentar como fazemos isso.","Empresa: Pompeu Auto Center | Cidade: Barra do Pirai | Tipo: Auto Center | Nota Google: 4.9 (490 avaliacoes) | Categorias: Comércio de Pneu | Endereco: R. Luís Barbosa - Matadouro, Barra do Piraí - RJ, 27115-000, Brasil | DICA SDR: Negocio local do setor automotivo. O dono costuma estar no balcao ou na oficina. Pergunte pelo proprietario ou gerente. Destaque que o mercado de reposicao automotiva cresce forte e quem se posiciona digitalmente agora atrai clientes da regiao toda - nao so do bairro."
"Tadeu Auto Peças","NUC x Tadeu Auto Peças","+55 24 3512-5600","https://www.google.com/search?q=Tadeu+Auto+Pe%C3%A7as+Barra+do+Pirai+instagram","Automotivo - Auto Pecas","Prospeccao Ativa","Barra do Pirai","Vendas dependem do fluxo de balcao e indicacao de mecanicos; dificuldade em atrair clientes finais que compram online; concorrencia com marketplaces (Mercado Livre, Shopee); estoque de pecas especificas que nao giram.","Pesquisando auto pecas em Barra do Pirai, a Tadeu Auto Peças se destacou. O consumidor de hoje pesquisa no Google antes de comprar peca - quem aparece primeiro vende mais. Quero mostrar como colocar voces nessa posicao.","Empresa: Tadeu Auto Peças | Cidade: Barra do Pirai | Tipo: Auto Pecas | Nota Google: 4.2 (391 avaliacoes) | Categorias: Loja de autopeças, Mecânica para carros | Endereco: R. Barão do Rio Bonito, 175 - Santana, Barra do Piraí - RJ, 27113-360, Brasil | DICA SDR: Negocio local do setor automotivo. O dono costuma estar no balcao ou na oficina. Pergunte pelo proprietario ou gerente. Destaque que o mercado de reposicao automotiva cresce forte e quem se posiciona digitalmente agora atrai clientes da regiao toda - nao so do bairro."
"BP Moto Peças","NUC x BP Moto Peças","+55 24 2443-0707","https://www.google.com/search?q=BP+Moto+Pe%C3%A7as+Barra+do+Pirai+instagram","Automotivo - Auto Pecas","Prospeccao Ativa","Barra do Pirai","Vendas dependem do fluxo de balcao e indicacao de mecanicos; dificuldade em atrair clientes finais que compram online; concorrencia com marketplaces (Mercado Livre, Shopee); estoque de pecas especificas que nao giram.","A BP Moto Peças tem nota 4.4 no Google - isso mostra confianca do cliente. Auto pecas que estruturam marketing digital conseguem atrair mecanicos, oficinas e consumidores finais alem do bairro. Quero apresentar como fazemos isso.","Empresa: BP Moto Peças | Cidade: Barra do Pirai | Tipo: Auto Pecas | Nota Google: 4.4 (139 avaliacoes) | Categorias: Loja de peças para motocicletas, Loja | Endereco: Zap ( 28 - R. Maj. Mario Salgueiro, 768 - 99964.4465 - Belvedere, Barra do Piraí - RJ, 27113-070, Brasil | DICA SDR: Negocio local do setor automotivo. O dono costuma estar no balcao ou na oficina. Pergunte pelo proprietario ou gerente. Destaque que o mercado de reposicao automotiva cresce forte e quem se posiciona digitalmente agora atrai clientes da regiao toda - nao so do bairro."
"Lucas Pneus Auto Center","NUC x Lucas Pneus Auto Center","+55 24 2443-1422","https://instagram.com/lucaspneus_barradopirai?igshid=MDM4ZDc5MmU=","Automotivo - Auto Center","Prospeccao Ativa","Barra do Pirai","Agenda com horarios ociosos; clientes so aparecem quando o carro quebra (nao tem preventivo agendado); dificuldade em mostrar diferenciais em relacao a concorrentes; depende de fluxo espontaneo.","A Lucas Pneus Auto Center e um auto center bem avaliado em Barra do Pirai (74 avaliacoes). Auto centers que investem em marketing digital atraem clientes de cidades vizinhas e fidelizam com agendamento online. Quero apresentar como funciona.","Empresa: Lucas Pneus Auto Center | Cidade: Barra do Pirai | Tipo: Auto Center | Nota Google: 4.0 (74 avaliacoes) | Categorias: Comércio de Pneu | Endereco: Av. Pref. Artur da Costa, 1474 - Muqueca, Barra do Piraí - RJ, 27140-054, Brasil | DICA SDR: Negocio local do setor automotivo. O dono costuma estar no balcao ou na oficina. Pergunte pelo proprietario ou gerente. Destaque que o mercado de reposicao automotiva cresce forte e quem se posiciona digitalmente agora atrai clientes da regiao toda - nao so do bairro."
"Geotech Centro Automotivo","NUC x Geotech Centro Automotivo","+55 24 98117-4836","https://www.google.com/search?q=Geotech+Centro+Automotivo+Barra+do+Pirai+instagram","Automotivo - Auto Center","Prospeccao Ativa","Barra do Pirai","Agenda com horarios ociosos; clientes so aparecem quando o carro quebra (nao tem preventivo agendado); dificuldade em mostrar diferenciais em relacao a concorrentes; depende de fluxo espontaneo.","Vi que a Geotech Centro Automotivo tem nota 4.7 em Barra do Pirai. Auto centers com boa reputacao online multiplicam o fluxo quando investem em posicionamento digital - clientes buscam no Google antes de levar o carro. Quero mostrar como.","Empresa: Geotech Centro Automotivo | Cidade: Barra do Pirai | Tipo: Auto Center | Nota Google: 4.7 (65 avaliacoes) | Categorias: Oficina mecânica, Serviço de ar condicionado automotivo, Loja de suspensões de automóveis, Loja de freios, Serviço de troca de óleo, Serviço de conserto de radiadores, Serviço de alinhamento e balanceamento | Endereco: R. João Batista, 257 - Oficina Velha, Barra do Piraí - RJ, 27110-420, Brasil | DICA SDR: Negocio local do setor automotivo. O dono costuma estar no balcao ou na oficina. Pergunte pelo proprietario ou gerente. Destaque que o mercado de reposicao automotiva cresce forte e quem se posiciona digitalmente agora atrai clientes da regiao toda - nao so do bairro."
"Atual Diesel Auto Peças e Serv Mecânico","NUC x Atual Diesel Auto Peças e Serv Mecânico","+55 24 2444-2405","https://www.google.com/search?q=Atual+Diesel+Auto+Pe%C3%A7as+e+Serv+Mec%C3%A2nico+Barra+do+Pirai+instagram","Automotivo - Auto Pecas","Prospeccao Ativa","Barra do Pirai","Vendas dependem do fluxo de balcao e indicacao de mecanicos; dificuldade em atrair clientes finais que compram online; concorrencia com marketplaces (Mercado Livre, Shopee); estoque de pecas especificas que nao giram.","Vi que a Atual Diesel Auto Peças e Serv Mecânico e referencia em auto pecas em Barra do Pirai com 54 avaliacoes. O mercado de reposicao automotiva cresce 12% ao ano e quem investe em presenca digital atrai oficinas e clientes finais da regiao toda. Quero mostrar como potencializar isso.","Empresa: Atual Diesel Auto Peças e Serv Mecânico | Cidade: Barra do Pirai | Tipo: Auto Pecas | Nota Google: 4.1 (54 avaliacoes) | Categorias: Mecânica para carros | Endereco: Zap ( 24 - 99888.2535 - Belvedere, Barra do Piraí - RJ, 27113-260, Brasil | DICA SDR: Negocio local do setor automotivo. O dono costuma estar no balcao ou na oficina. Pergunte pelo proprietario ou gerente. Destaque que o mercado de reposicao automotiva cresce forte e quem se posiciona digitalmente agora atrai clientes da regiao toda - nao so do bairro."
"Autobarra Peças Automotivas Ltda","NUC x Autobarra Peças Automotivas Ltda","+55 24 97404-4630","https://www.google.com/search?q=Autobarra+Pe%C3%A7as+Automotivas+Ltda+Barra+do+Pirai+instagram","Automotivo - Auto Pecas","Prospeccao Ativa","Barra do Pirai","Vendas dependem do fluxo de balcao e indicacao de mecanicos; dificuldade em atrair clientes finais que compram online; concorrencia com marketplaces (Mercado Livre, Shopee); estoque de pecas especificas que nao giram.","Pesquisando auto pecas em Barra do Pirai, a Autobarra Peças Automotivas Ltda se destacou. O consumidor de hoje pesquisa no Google antes de comprar peca - quem aparece primeiro vende mais. Quero mostrar como colocar voces nessa posicao.","Empresa: Autobarra Peças Automotivas Ltda | Cidade: Barra do Pirai | Tipo: Auto Pecas | Nota Google: 4.4 (50 avaliacoes) | Categorias: Oficina mecânica | Endereco: R. Ramiro Jaime da Fonseca, 158 - Centro, Barra do Piraí - RJ, 27120-270, Brasil | DICA SDR: Negocio local do setor automotivo. O dono costuma estar no balcao ou na oficina. Pergunte pelo proprietario ou gerente. Destaque que o mercado de reposicao automotiva cresce forte e quem se posiciona digitalmente agora atrai clientes da regiao toda - nao so do bairro."
"AcPneus","NUC x AcPneus","+55 24 99234-1174","https://www.google.com/search?q=AcPneus+Barra+do+Pirai+instagram","Automotivo - Pneus","Prospeccao Ativa","Barra do Pirai","Cliente compra por preco e nao por confianca; concorrencia com grandes redes de pneus; vendas sazonais; dificuldade em fidelizar clientes para recapagem e manutencao.","A AcPneus tem 49 avaliacoes em Barra do Pirai. O segmento de pneus tem demanda constante e o cliente pesquisa preco e reputacao online antes de comprar. Quero mostrar como atrair mais clientes com presenca digital estrategica.","Empresa: AcPneus | Cidade: Barra do Pirai | Tipo: Pneus e Borracharia | Nota Google: 4.6 (49 avaliacoes) | Categorias: Comércio de Pneu | Endereco: Zap ( 35 - 99776.5245 - Belvedere, Barra do Piraí - RJ, 27113-070, Brasil | DICA SDR: Negocio local do setor automotivo. O dono costuma estar no balcao ou na oficina. Pergunte pelo proprietario ou gerente. Destaque que o mercado de reposicao automotiva cresce forte e quem se posiciona digitalmente agora atrai clientes da regiao toda - nao so do bairro."
"MURILO AUTO CENTER","NUC x MURILO AUTO CENTER","+55 24 2443-7453","https://www.google.com/search?q=MURILO+AUTO+CENTER+Barra+do+Pirai+instagram","Automotivo - Auto Center","Prospeccao Ativa","Barra do Pirai","Agenda com horarios ociosos; clientes so aparecem quando o carro quebra (nao tem preventivo agendado); dificuldade em mostrar diferenciais em relacao a concorrentes; depende de fluxo espontaneo.","A MURILO AUTO CENTER ja e referencia em Barra do Pirai com 46 avaliacoes. Imagine atrair clientes de toda a regiao Sul Fluminense com uma estrategia digital que mostre seus diferenciais - quero apresentar como fazemos isso.","Empresa: MURILO AUTO CENTER | Cidade: Barra do Pirai | Tipo: Auto Center | Nota Google: 4.8 (46 avaliacoes) | Categorias: Oficina mecânica | Endereco: Av. Miguel Couto Filho, 2494 - Pte. Vermelha, Barra do Piraí - RJ, 27143-030, Brasil | DICA SDR: Negocio local do setor automotivo. O dono costuma estar no balcao ou na oficina. Pergunte pelo proprietario ou gerente. Destaque que o mercado de reposicao automotiva cresce forte e quem se posiciona digitalmente agora atrai clientes da regiao toda - nao so do bairro."
"MP Auto Peças - Linha Pesada","NUC x MP Auto Peças - Linha Pesada","+55 24 99957-7906","https://www.google.com/search?q=MP+Auto+Pe%C3%A7as+-+Linha+Pesada+Barra+do+Pirai+instagram","Automotivo - Auto Pecas","Prospeccao Ativa","Barra do Pirai","Vendas dependem do fluxo de balcao e indicacao de mecanicos; dificuldade em atrair clientes finais que compram online; concorrencia com marketplaces (Mercado Livre, Shopee); estoque de pecas especificas que nao giram.","Pesquisando auto pecas em Barra do Pirai, a MP Auto Peças - Linha Pesada se destacou. O consumidor de hoje pesquisa no Google antes de comprar peca - quem aparece primeiro vende mais. Quero mostrar como colocar voces nessa posicao.","Empresa: MP Auto Peças - Linha Pesada | Cidade: Barra do Pirai | Tipo: Auto Pecas | Nota Google: 4.9 (42 avaliacoes) | Categorias: Loja de autopeças | Endereco: Zap ( 28 - 99964.4465 - Cerâmica União, Barra do Piraí - RJ, 27165-000, Brasil | DICA SDR: Negocio local do setor automotivo. O dono costuma estar no balcao ou na oficina. Pergunte pelo proprietario ou gerente. Destaque que o mercado de reposicao automotiva cresce forte e quem se posiciona digitalmente agora atrai clientes da regiao toda - nao so do bairro."
"Ti Neves Auto Pecas","NUC x Ti Neves Auto Pecas","+55 24 2443-1787","https://www.google.com/search?q=Ti+Neves+Auto+Pecas+Barra+do+Pirai+instagram","Automotivo - Auto Pecas","Prospeccao Ativa","Barra do Pirai","Vendas dependem do fluxo de balcao e indicacao de mecanicos; dificuldade em atrair clientes finais que compram online; concorrencia com marketplaces (Mercado Livre, Shopee); estoque de pecas especificas que nao giram.","Vi que a Ti Neves Auto Pecas e referencia em auto pecas em Barra do Pirai com 38 avaliacoes. O mercado de reposicao automotiva cresce 12% ao ano e quem investe em presenca digital atrai oficinas e clientes finais da regiao toda. Quero mostrar como potencializar isso.","Empresa: Ti Neves Auto Pecas | Cidade: Barra do Pirai | Tipo: Auto Pecas | Nota Google: 4.4 (38 avaliacoes) | Categorias: Loja de autopeças | Endereco: Zap ( 28 - 99964.4465 - Matadouro, Barra do Piraí - RJ, 27115-010, Brasil | DICA SDR: Negocio local do setor automotivo. O dono costuma estar no balcao ou na oficina. Pergunte pelo proprietario ou gerente. Destaque que o mercado de reposicao automotiva cresce forte e quem se posiciona digitalmente agora atrai clientes da regiao toda - nao so do bairro."
"Rediscap","NUC x Rediscap","+55 24 2442-6912","https://www.google.com/search?q=Rediscap+Barra+do+Pirai+instagram","Automotivo - Pneus","Prospeccao Ativa","Barra do Pirai","Cliente compra por preco e nao por confianca; concorrencia com grandes redes de pneus; vendas sazonais; dificuldade em fidelizar clientes para recapagem e manutencao.","A Rediscap tem 36 avaliacoes em Barra do Pirai. O segmento de pneus tem demanda constante e o cliente pesquisa preco e reputacao online antes de comprar. Quero mostrar como atrair mais clientes com presenca digital estrategica.","Empresa: Rediscap | Cidade: Barra do Pirai | Tipo: Pneus e Borracharia | Nota Google: 4.2 (36 avaliacoes) | Categorias: Comércio de Pneu | Endereco: Av. Pref. Artur da Costa, 1422 - Muqueca, Barra do Piraí - RJ, 27140-051, Brasil | DICA SDR: Negocio local do setor automotivo. O dono costuma estar no balcao ou na oficina. Pergunte pelo proprietario ou gerente. Destaque que o mercado de reposicao automotiva cresce forte e quem se posiciona digitalmente agora atrai clientes da regiao toda - nao so do bairro."
"Auto Center Sales","NUC x Auto Center Sales","+55 24 99938-6333","https://www.google.com/search?q=Auto+Center+Sales+Barra+do+Pirai+instagram","Automotivo - Auto Center","Prospeccao Ativa","Barra do Pirai","Agenda com horarios ociosos; clientes so aparecem quando o carro quebra (nao tem preventivo agendado); dificuldade em mostrar diferenciais em relacao a concorrentes; depende de fluxo espontaneo.","A Auto Center Sales e um auto center bem avaliado em Barra do Pirai (21 avaliacoes). Auto centers que investem em marketing digital atraem clientes de cidades vizinhas e fidelizam com agendamento online. Quero apresentar como funciona.","Empresa: Auto Center Sales | Cidade: Barra do Pirai | Tipo: Auto Center | Nota Google: 5.0 (21 avaliacoes) | Categorias: Oficina mecânica | Endereco: R. Rodrigo Emerick Marins, 318 - Califórnia, Barra do Piraí - RJ, 27163-000, Brasil | DICA SDR: Negocio local do setor automotivo. O dono costuma estar no balcao ou na oficina. Pergunte pelo proprietario ou gerente. Destaque que o mercado de reposicao automotiva cresce forte e quem se posiciona digitalmente agora atrai clientes da regiao toda - nao so do bairro."
"M & J Auto Center","NUC x M & J Auto Center","+55 24 2442-6594","https://www.google.com/search?q=M+%26+J+Auto+Center+Barra+do+Pirai+instagram","Automotivo - Auto Center","Prospeccao Ativa","Barra do Pirai","Agenda com horarios ociosos; clientes so aparecem quando o carro quebra (nao tem preventivo agendado); dificuldade em mostrar diferenciais em relacao a concorrentes; depende de fluxo espontaneo.","Vi que a M & J Auto Center tem nota 4.7 em Barra do Pirai. Auto centers com boa reputacao online multiplicam o fluxo quando investem em posicionamento digital - clientes buscam no Google antes de levar o carro. Quero mostrar como.","Empresa: M & J Auto Center | Cidade: Barra do Pirai | Tipo: Auto Center | Nota Google: 4.7 (20 avaliacoes) | Categorias: Oficina mecânica | Endereco: Muqueca, Barra do Piraí - RJ, 27140-250, Brasil | DICA SDR: Negocio local do setor automotivo. O dono costuma estar no balcao ou na oficina. Pergunte pelo proprietario ou gerente. Destaque que o mercado de reposicao automotiva cresce forte e quem se posiciona digitalmente agora atrai clientes da regiao toda - nao so do bairro."
"Ti Neves Diesel","NUC x Ti Neves Diesel","+55 24 2444-7602","https://www.google.com/search?q=Ti+Neves+Diesel+Barra+do+Pirai+instagram","Automotivo - Auto Pecas","Prospeccao Ativa","Barra do Pirai","Vendas dependem do fluxo de balcao e indicacao de mecanicos; dificuldade em atrair clientes finais que compram online; concorrencia com marketplaces (Mercado Livre, Shopee); estoque de pecas especificas que nao giram.","Pesquisando auto pecas em Barra do Pirai, a Ti Neves Diesel se destacou. O consumidor de hoje pesquisa no Google antes de comprar peca - quem aparece primeiro vende mais. Quero mostrar como colocar voces nessa posicao.","Empresa: Ti Neves Diesel | Cidade: Barra do Pirai | Tipo: Auto Pecas | Nota Google: 4.7 (19 avaliacoes) | Categorias: Loja de autopeças | Endereco: Zap ( 28 - 99964.4465 - Belvedere, Barra do Piraí - RJ, 27113-260, Brasil | DICA SDR: Negocio local do setor automotivo. O dono costuma estar no balcao ou na oficina. Pergunte pelo proprietario ou gerente. Destaque que o mercado de reposicao automotiva cresce forte e quem se posiciona digitalmente agora atrai clientes da regiao toda - nao so do bairro."
"NadaCaro Barra do Piraí Peças Automotivas","NUC x NadaCaro Barra do Piraí Peças Automotivas","+55 24 3201-0818","https://www.google.com/search?q=NadaCaro+Barra+do+Pira%C3%AD+Pe%C3%A7as+Automotivas+Barra+do+Pirai+instagram","Automotivo - Auto Pecas","Prospeccao Ativa","Barra do Pirai","Vendas dependem do fluxo de balcao e indicacao de mecanicos; dificuldade em atrair clientes finais que compram online; concorrencia com marketplaces (Mercado Livre, Shopee); estoque de pecas especificas que nao giram.","A NadaCaro Barra do Piraí Peças Automotivas tem nota 4.6 no Google - isso mostra confianca do cliente. Auto pecas que estruturam marketing digital conseguem atrair mecanicos, oficinas e consumidores finais alem do bairro. Quero apresentar como fazemos isso.","Empresa: NadaCaro Barra do Piraí Peças Automotivas | Cidade: Barra do Pirai | Tipo: Auto Pecas | Nota Google: 4.6 (16 avaliacoes) | Categorias: Loja de autopeças | Endereco: Av. Pref. Artur da Costa, 988 - Muqueca, Barra do Piraí - RJ, 27140-055, Brasil | DICA SDR: Negocio local do setor automotivo. O dono costuma estar no balcao ou na oficina. Pergunte pelo proprietario ou gerente. Destaque que o mercado de reposicao automotiva cresce forte e quem se posiciona digitalmente agora atrai clientes da regiao toda - nao so do bairro."
"AutoCenter Líder","NUC x AutoCenter Líder","+55 24 99214-4832","https://www.google.com/search?q=AutoCenter+L%C3%ADder+Barra+do+Pirai+instagram","Automotivo - Auto Center","Prospeccao Ativa","Barra do Pirai","Agenda com horarios ociosos; clientes so aparecem quando o carro quebra (nao tem preventivo agendado); dificuldade em mostrar diferenciais em relacao a concorrentes; depende de fluxo espontaneo.","A AutoCenter Líder ja e referencia em Barra do Pirai com 10 avaliacoes. Imagine atrair clientes de toda a regiao Sul Fluminense com uma estrategia digital que mostre seus diferenciais - quero apresentar como fazemos isso.","Empresa: AutoCenter Líder | Cidade: Barra do Pirai | Tipo: Auto Center | Nota Google: 4.7 (10 avaliacoes) | Categorias: Mecânica para carros | Endereco: R. Pref. Iago José de Castro Valério, 483 - Oficina Velha, Barra do Piraí - RJ, 27110-470, Brasil | DICA SDR: Negocio local do setor automotivo. O dono costuma estar no balcao ou na oficina. Pergunte pelo proprietario ou gerente. Destaque que o mercado de reposicao automotiva cresce forte e quem se posiciona digitalmente agora atrai clientes da regiao toda - nao so do bairro."
"INVICTOS AUTO CENTER","NUC x INVICTOS AUTO CENTER","+55 24 2443-6391","https://www.google.com/search?q=INVICTOS+AUTO+CENTER+Barra+do+Pirai+instagram","Automotivo - Auto Center","Prospeccao Ativa","Barra do Pirai","Agenda com horarios ociosos; clientes so aparecem quando o carro quebra (nao tem preventivo agendado); dificuldade em mostrar diferenciais em relacao a concorrentes; depende de fluxo espontaneo.","Vi que a INVICTOS AUTO CENTER tem nota 5.0 em Barra do Pirai. Auto centers com boa reputacao online multiplicam o fluxo quando investem em posicionamento digital - clientes buscam no Google antes de levar o carro. Quero mostrar como.","Empresa: INVICTOS AUTO CENTER | Cidade: Barra do Pirai | Tipo: Auto Center | Nota Google: 5.0 (10 avaliacoes) | Categorias: Mecânica para carros, Funilaria, Pintura automotiva | Endereco: Av. Pref. Artur da Costa - Muqueca, Barra do Piraí - RJ, 27140-055, Brasil | DICA SDR: Negocio local do setor automotivo. O dono costuma estar no balcao ou na oficina. Pergunte pelo proprietario ou gerente. Destaque que o mercado de reposicao automotiva cresce forte e quem se posiciona digitalmente agora atrai clientes da regiao toda - nao so do bairro."
"LEANDRO AUTO PEÇAS","NUC x LEANDRO AUTO PEÇAS","+55 24 99230-3900","https://www.google.com/search?q=LEANDRO+AUTO+PE%C3%87AS+Barra+do+Pirai+instagram","Automotivo - Auto Pecas","Prospeccao Ativa","Barra do Pirai","Vendas dependem do fluxo de balcao e indicacao de mecanicos; dificuldade em atrair clientes finais que compram online; concorrencia com marketplaces (Mercado Livre, Shopee); estoque de pecas especificas que nao giram.","A LEANDRO AUTO PEÇAS tem nota 4.8 no Google - isso mostra confianca do cliente. Auto pecas que estruturam marketing digital conseguem atrair mecanicos, oficinas e consumidores finais alem do bairro. Quero apresentar como fazemos isso.","Empresa: LEANDRO AUTO PEÇAS | Cidade: Barra do Pirai | Tipo: Auto Pecas | Nota Google: 4.8 (6 avaliacoes) | Categorias: Loja de peças para carros de corrida | Endereco: Trevo do matadouro, R. Belmar Pereira Gomes - Coimbra, Barra do Piraí - RJ, 27115-140, Brasil | DICA SDR: Negocio local do setor automotivo. O dono costuma estar no balcao ou na oficina. Pergunte pelo proprietario ou gerente. Destaque que o mercado de reposicao automotiva cresce forte e quem se posiciona digitalmente agora atrai clientes da regiao toda - nao so do bairro."
"Lacerda Auto Center","NUC x Lacerda Auto Center","Sem telefone cadastrado","https://www.google.com/search?q=Lacerda+Auto+Center+Barra+do+Pirai+instagram","Automotivo - Auto Center","Prospeccao Ativa","Barra do Pirai","Agenda com horarios ociosos; clientes so aparecem quando o carro quebra (nao tem preventivo agendado); dificuldade em mostrar diferenciais em relacao a concorrentes; depende de fluxo espontaneo.","Vi que a Lacerda Auto Center tem nota 4.8 em Barra do Pirai. Auto centers com boa reputacao online multiplicam o fluxo quando investem em posicionamento digital - clientes buscam no Google antes de levar o carro. Quero mostrar como.","Empresa: Lacerda Auto Center | Cidade: Barra do Pirai | Tipo: Auto Center | Nota Google: 4.8 (4 avaliacoes) | Categorias: Oficina mecânica | Endereco: R. Franklin de Moraes, 913 - Centro, Barra do Piraí - RJ, 27135-000, Brasil | DICA SDR: Negocio local do setor automotivo. O dono costuma estar no balcao ou na oficina. Pergunte pelo proprietario ou gerente. Destaque que o mercado de reposicao automotiva cresce forte e quem se posiciona digitalmente agora atrai clientes da regiao toda - nao so do bairro."
"Auto Center J Barbosa","NUC x Auto Center J Barbosa","+55 24 99207-3747","https://www.google.com/search?q=Auto+Center+J+Barbosa+Barra+do+Pirai+instagram","Automotivo - Auto Center","Prospeccao Ativa","Barra do Pirai","Agenda com horarios ociosos; clientes so aparecem quando o carro quebra (nao tem preventivo agendado); dificuldade em mostrar diferenciais em relacao a concorrentes; depende de fluxo espontaneo.","Vi que a Auto Center J Barbosa tem nota 5.0 em Barra do Pirai. Auto centers com boa reputacao online multiplicam o fluxo quando investem em posicionamento digital - clientes buscam no Google antes de levar o carro. Quero mostrar como.","Empresa: Auto Center J Barbosa | Cidade: Barra do Pirai | Tipo: Auto Center | Nota Google: 5.0 (2 avaliacoes) | Categorias: Loja de acessórios automotivos | Endereco: R. Pres. Costa e Silva, 496 - Califórnia, Barra do Piraí - RJ, Brasil | DICA SDR: Negocio local do setor automotivo. O dono costuma estar no balcao ou na oficina. Pergunte pelo proprietario ou gerente. Destaque que o mercado de reposicao automotiva cresce forte e quem se posiciona digitalmente agora atrai clientes da regiao toda - nao so do bairro."
"Estilo Auto Center","NUC x Estilo Auto Center","+55 24 2443-1609","https://www.google.com/search?q=Estilo+Auto+Center+Barra+do+Pirai+instagram","Automotivo - Auto Center","Prospeccao Ativa","Barra do Pirai","Agenda com horarios ociosos; clientes so aparecem quando o carro quebra (nao tem preventivo agendado); dificuldade em mostrar diferenciais em relacao a concorrentes; depende de fluxo espontaneo.","A Estilo Auto Center e um auto center bem avaliado em Barra do Pirai (2 avaliacoes). Auto centers que investem em marketing digital atraem clientes de cidades vizinhas e fidelizam com agendamento online. Quero apresentar como funciona.","Empresa: Estilo Auto Center | Cidade: Barra do Pirai | Tipo: Auto Center | Nota Google: 4.5 (2 avaliacoes) | Categorias: Mecânica para carros | Endereco: R. Fiscal José Figueira, 152 - Santo Antônio, Barra do Piraí - RJ, 27115-120, Brasil | DICA SDR: Negocio local do setor automotivo. O dono costuma estar no balcao ou na oficina. Pergunte pelo proprietario ou gerente. Destaque que o mercado de reposicao automotiva cresce forte e quem se posiciona digitalmente agora atrai clientes da regiao toda - nao so do bairro."
"V8 Auto Center","NUC x V8 Auto Center","Sem telefone cadastrado","https://www.google.com/search?q=V8+Auto+Center+Barra+do+Pirai+instagram","Automotivo - Auto Center","Prospeccao Ativa","Barra do Pirai","Agenda com horarios ociosos; clientes so aparecem quando o carro quebra (nao tem preventivo agendado); dificuldade em mostrar diferenciais em relacao a concorrentes; depende de fluxo espontaneo.","A V8 Auto Center ja e referencia em Barra do Pirai com 2 avaliacoes. Imagine atrair clientes de toda a regiao Sul Fluminense com uma estrategia digital que mostre seus diferenciais - quero apresentar como fazemos isso.","Empresa: V8 Auto Center | Cidade: Barra do Pirai | Tipo: Auto Center | Nota Google: 5.0 (2 avaliacoes) | Endereco: R. José Alves Pimenta, 1344 - Matadouro, Barra do Piraí - RJ, 27115-010, Brasil | DICA SDR: Negocio local do setor automotivo. O dono costuma estar no balcao ou na oficina. Pergunte pelo proprietario ou gerente. Destaque que o mercado de reposicao automotiva cresce forte e quem se posiciona digitalmente agora atrai clientes da regiao toda - nao so do bairro."
"Santan´Ana Peças e Acessórios Automotivos","NUC x Santan´Ana Peças e Acessórios Automotivos","+55 24 99295-7146","https://www.google.com/search?q=Santan%C2%B4Ana+Pe%C3%A7as+e+Acess%C3%B3rios+Automotivos+Barra+do+Pirai+instagram","Automotivo - Auto Pecas","Prospeccao Ativa","Barra do Pirai","Vendas dependem do fluxo de balcao e indicacao de mecanicos; dificuldade em atrair clientes finais que compram online; concorrencia com marketplaces (Mercado Livre, Shopee); estoque de pecas especificas que nao giram.","Pesquisando auto pecas em Barra do Pirai, a Santan´Ana Peças e Acessórios Automotivos se destacou. O consumidor de hoje pesquisa no Google antes de comprar peca - quem aparece primeiro vende mais. Quero mostrar como colocar voces nessa posicao.","Empresa: Santan´Ana Peças e Acessórios Automotivos | Cidade: Barra do Pirai | Tipo: Auto Pecas | Nota Google: 5.0 (1 avaliacoes) | Categorias: Loja de autopeças | Endereco: R. Dr. Ovídio Mello, N° 1 - Nossa Sra. de Santana, Barra do Piraí - RJ, 27113-050, Brasil | DICA SDR: Negocio local do setor automotivo. O dono costuma estar no balcao ou na oficina. Pergunte pelo proprietario ou gerente. Destaque que o mercado de reposicao automotiva cresce forte e quem se posiciona digitalmente agora atrai clientes da regiao toda - nao so do bairro."
"Divisa Auto Peças","NUC x Divisa Auto Peças","+55 24 99872-5739","https://www.google.com/search?q=Divisa+Auto+Pe%C3%A7as+Barra+do+Pirai+instagram","Automotivo - Auto Pecas","Prospeccao Ativa","Barra do Pirai","Vendas dependem do fluxo de balcao e indicacao de mecanicos; dificuldade em atrair clientes finais que compram online; concorrencia com marketplaces (Mercado Livre, Shopee); estoque de pecas especificas que nao giram.","Vi que a Divisa Auto Peças e referencia em auto pecas em Barra do Pirai com 1 avaliacoes. O mercado de reposicao automotiva cresce 12% ao ano e quem investe em presenca digital atrai oficinas e clientes finais da regiao toda. Quero mostrar como potencializar isso.","Empresa: Divisa Auto Peças | Cidade: Barra do Pirai | Tipo: Auto Pecas | Nota Google: 5.0 (1 avaliacoes) | Categorias: Loja de autopeças | Endereco: Rua Tancredo de A. Neves - Fátima, Barra do Piraí - RJ, 27163-000, Brasil | DICA SDR: Negocio local do setor automotivo. O dono costuma estar no balcao ou na oficina. Pergunte pelo proprietario ou gerente. Destaque que o mercado de reposicao automotiva cresce forte e quem se posiciona digitalmente agora atrai clientes da regiao toda - nao so do bairro."
"Impacto Auto Center","NUC x Impacto Auto Center","+55 24 99963-1339","https://www.google.com/search?q=Impacto+Auto+Center+Barra+do+Pirai+instagram","Automotivo - Auto Center","Prospeccao Ativa","Barra do Pirai","Agenda com horarios ociosos; clientes so aparecem quando o carro quebra (nao tem preventivo agendado); dificuldade em mostrar diferenciais em relacao a concorrentes; depende de fluxo espontaneo.","A Impacto Auto Center ja e referencia em Barra do Pirai com 1 avaliacoes. Imagine atrair clientes de toda a regiao Sul Fluminense com uma estrategia digital que mostre seus diferenciais - quero apresentar como fazemos isso.","Empresa: Impacto Auto Center | Cidade: Barra do Pirai | Tipo: Auto Center | Nota Google: 5.0 (1 avaliacoes) | Categorias: Oficina mecânica | Endereco: R. João Pessoa, 257 - Centro, Barra do Piraí - RJ, 27120-170, Brasil | DICA SDR: Negocio local do setor automotivo. O dono costuma estar no balcao ou na oficina. Pergunte pelo proprietario ou gerente. Destaque que o mercado de reposicao automotiva cresce forte e quem se posiciona digitalmente agora atrai clientes da regiao toda - nao so do bairro."
"Julio auto center kar - Mercado Livre","NUC x Julio auto center kar - Mercado Livre","+55 24 99295-7146","https://www.google.com/search?q=Julio+auto+center+kar+-+Mercado+Livre+Barra+do+Pirai+instagram","Automotivo - Auto Center","Prospeccao Ativa","Barra do Pirai","Agenda com horarios ociosos; clientes so aparecem quando o carro quebra (nao tem preventivo agendado); dificuldade em mostrar diferenciais em relacao a concorrentes; depende de fluxo espontaneo.","A Julio auto center kar - Mercado Livre e um auto center bem avaliado em Barra do Pirai (0 avaliacoes). Auto centers que investem em marketing digital atraem clientes de cidades vizinhas e fidelizam com agendamento online. Quero apresentar como funciona.","Empresa: Julio auto center kar - Mercado Livre | Cidade: Barra do Pirai | Tipo: Auto Center | Categorias: Loja de autopeças | Endereco: R. Dr. Ovídio Mello, 1 - Nossa Sra. de Santana, Barra do Piraí - RJ, 27113-050, Brasil | DICA SDR: Negocio local do setor automotivo. O dono costuma estar no balcao ou na oficina. Pergunte pelo proprietario ou gerente. Destaque que o mercado de reposicao automotiva cresce forte e quem se posiciona digitalmente agora atrai clientes da regiao toda - nao so do bairro."
"Auto Peças Itatiaia | Troca de óleo | Baterias","NUC x Auto Peças Itatiaia | Troca de óleo | Baterias","+55 24 99309-9190","https://www.google.com/search?q=%F0%9F%9A%97+Auto+Pe%C3%A7as+Itatiaia+%7C+Troca+de+%C3%B3leo+%7C+Baterias+Itatiaia+instagram","Automotivo - Auto Pecas","Prospeccao Ativa","Itatiaia","Vendas dependem do fluxo de balcao e indicacao de mecanicos; dificuldade em atrair clientes finais que compram online; concorrencia com marketplaces (Mercado Livre, Shopee); estoque de pecas especificas que nao giram.","A Auto Peças Itatiaia | Troca de óleo | Baterias tem nota 4.9 no Google - isso mostra confianca do cliente. Auto pecas que estruturam marketing digital conseguem atrair mecanicos, oficinas e consumidores finais alem do bairro. Quero apresentar como fazemos isso.","Empresa: Auto Peças Itatiaia | Troca de óleo | Baterias | Cidade: Itatiaia | Tipo: Auto Pecas | Nota Google: 4.9 (85 avaliacoes) | Categorias: Loja de autopeças, Loja de baterias de carro, Serviço de troca de óleo | Endereco: Av. dos Expedicionários, 275 - Lj 5 - Centro, Itatiaia - RJ, 27580-216, Brasil | DICA SDR: Negocio local do setor automotivo. O dono costuma estar no balcao ou na oficina. Pergunte pelo proprietario ou gerente. Destaque que o mercado de reposicao automotiva cresce forte e quem se posiciona digitalmente agora atrai clientes da regiao toda - nao so do bairro."
"AUTO PEÇAS ITATIAIA","NUC x AUTO PEÇAS ITATIAIA","+55 21 3658-2678","https://www.google.com/search?q=AUTO+PE%C3%87AS+ITATIAIA+Itatiaia+instagram","Automotivo - Auto Pecas","Prospeccao Ativa","Itatiaia","Vendas dependem do fluxo de balcao e indicacao de mecanicos; dificuldade em atrair clientes finais que compram online; concorrencia com marketplaces (Mercado Livre, Shopee); estoque de pecas especificas que nao giram.","Vi que a AUTO PEÇAS ITATIAIA e referencia em auto pecas em Itatiaia com 47 avaliacoes. O mercado de reposicao automotiva cresce 12% ao ano e quem investe em presenca digital atrai oficinas e clientes finais da regiao toda. Quero mostrar como potencializar isso.","Empresa: AUTO PEÇAS ITATIAIA | Cidade: Itatiaia | Tipo: Auto Pecas | Nota Google: 4.0 (47 avaliacoes) | Categorias: Loja de autopeças | Endereco: Av. Pres. Tancredo Neves, 47 - Itatiaia, Duque de Caxias - RJ, 25070-096, Brasil | DICA SDR: Negocio local do setor automotivo. O dono costuma estar no balcao ou na oficina. Pergunte pelo proprietario ou gerente. Destaque que o mercado de reposicao automotiva cresce forte e quem se posiciona digitalmente agora atrai clientes da regiao toda - nao so do bairro."
"Rafael Auto Elétrica","NUC x Rafael Auto Elétrica","Sem telefone cadastrado","https://www.google.com/search?q=Rafael+Auto+El%C3%A9trica+Itatiaia+instagram","Automotivo - Auto Eletrica","Prospeccao Ativa","Itatiaia","Servico tecnico que o cliente nao entende; dificuldade em explicar valor online; depende de indicacao; concorrencia com auto centers que oferecem o servico junto.","Vi que a Rafael Auto Elétrica e referencia em auto pecas em Itatiaia com 47 avaliacoes. O mercado de reposicao automotiva cresce 12% ao ano e quem investe em presenca digital atrai oficinas e clientes finais da regiao toda. Quero mostrar como potencializar isso.","Empresa: Rafael Auto Elétrica | Cidade: Itatiaia | Tipo: Auto Eletrica | Nota Google: 4.8 (47 avaliacoes) | Categorias: Oficina mecânica | Endereco: Av. Itatiaia Country Club, 356-424 - Campo Alegre, Itatiaia - RJ, 27580-000, Brasil | DICA SDR: Negocio local do setor automotivo. O dono costuma estar no balcao ou na oficina. Pergunte pelo proprietario ou gerente. Destaque que o mercado de reposicao automotiva cresce forte e quem se posiciona digitalmente agora atrai clientes da regiao toda - nao so do bairro."
"EMISA - AUTO PEÇAS","NUC x EMISA - AUTO PEÇAS","+55 24 99816-7513","https://www.google.com/search?q=EMISA+-+AUTO+PE%C3%87AS+Itatiaia+instagram","Automotivo - Auto Pecas","Prospeccao Ativa","Itatiaia","Vendas dependem do fluxo de balcao e indicacao de mecanicos; dificuldade em atrair clientes finais que compram online; concorrencia com marketplaces (Mercado Livre, Shopee); estoque de pecas especificas que nao giram.","Vi que a EMISA - AUTO PEÇAS e referencia em auto pecas em Itatiaia com 38 avaliacoes. O mercado de reposicao automotiva cresce 12% ao ano e quem investe em presenca digital atrai oficinas e clientes finais da regiao toda. Quero mostrar como potencializar isso.","Empresa: EMISA - AUTO PEÇAS | Cidade: Itatiaia | Tipo: Auto Pecas | Nota Google: 4.3 (38 avaliacoes) | Categorias: Loja de autopeças | Endereco: Av. dos Expedicionários, 404 - Cidade Jardim Itatiaia, Itatiaia - RJ, 27580-000, Brasil | DICA SDR: Negocio local do setor automotivo. O dono costuma estar no balcao ou na oficina. Pergunte pelo proprietario ou gerente. Destaque que o mercado de reposicao automotiva cresce forte e quem se posiciona digitalmente agora atrai clientes da regiao toda - nao so do bairro."
"NILDO AUTO Center Pneus","NUC x NILDO AUTO Center Pneus","+55 24 3352-6696","https://www.google.com/search?q=NILDO+AUTO+Center+Pneus+Itatiaia+instagram","Automotivo - Auto Center","Prospeccao Ativa","Itatiaia","Agenda com horarios ociosos; clientes so aparecem quando o carro quebra (nao tem preventivo agendado); dificuldade em mostrar diferenciais em relacao a concorrentes; depende de fluxo espontaneo.","A NILDO AUTO Center Pneus e um auto center bem avaliado em Itatiaia (27 avaliacoes). Auto centers que investem em marketing digital atraem clientes de cidades vizinhas e fidelizam com agendamento online. Quero apresentar como funciona.","Empresa: NILDO AUTO Center Pneus | Cidade: Itatiaia | Tipo: Auto Center | Nota Google: 3.9 (27 avaliacoes) | Categorias: Mecânica para carros | Endereco: Av. dos Expedicionários - Centro, Itatiaia - RJ, 27580-000, Brasil | DICA SDR: Negocio local do setor automotivo. O dono costuma estar no balcao ou na oficina. Pergunte pelo proprietario ou gerente. Destaque que o mercado de reposicao automotiva cresce forte e quem se posiciona digitalmente agora atrai clientes da regiao toda - nao so do bairro."
"JL AUTO CENTER PNEUS E PEÇAS","NUC x JL AUTO CENTER PNEUS E PEÇAS","+55 24 99902-0438","https://www.google.com/search?q=JL+AUTO+CENTER+PNEUS+E+PE%C3%87AS+Itatiaia+instagram","Automotivo - Auto Center","Prospeccao Ativa","Itatiaia","Agenda com horarios ociosos; clientes so aparecem quando o carro quebra (nao tem preventivo agendado); dificuldade em mostrar diferenciais em relacao a concorrentes; depende de fluxo espontaneo.","A JL AUTO CENTER PNEUS E PEÇAS e um auto center bem avaliado em Itatiaia (17 avaliacoes). Auto centers que investem em marketing digital atraem clientes de cidades vizinhas e fidelizam com agendamento online. Quero apresentar como funciona.","Empresa: JL AUTO CENTER PNEUS E PEÇAS | Cidade: Itatiaia | Tipo: Auto Center | Nota Google: 4.4 (17 avaliacoes) | Categorias: Oficina mecânica, Loja de autopeças, Loja de peças para carros de corrida, Serviço de reboque | Endereco: Av. dos Expedicionários, 75 - Centro, Itatiaia - RJ, 27580-000, Brasil | DICA SDR: Negocio local do setor automotivo. O dono costuma estar no balcao ou na oficina. Pergunte pelo proprietario ou gerente. Destaque que o mercado de reposicao automotiva cresce forte e quem se posiciona digitalmente agora atrai clientes da regiao toda - nao so do bairro."
"J Auto Pneus E Peças","NUC x J Auto Pneus E Peças","Sem telefone cadastrado","https://www.google.com/search?q=J+Auto+Pneus+E+Pe%C3%A7as+Itatiaia+instagram","Automotivo - Auto Pecas","Prospeccao Ativa","Itatiaia","Vendas dependem do fluxo de balcao e indicacao de mecanicos; dificuldade em atrair clientes finais que compram online; concorrencia com marketplaces (Mercado Livre, Shopee); estoque de pecas especificas que nao giram.","Vi que a J Auto Pneus E Peças e referencia em auto pecas em Itatiaia com 17 avaliacoes. O mercado de reposicao automotiva cresce 12% ao ano e quem investe em presenca digital atrai oficinas e clientes finais da regiao toda. Quero mostrar como potencializar isso.","Empresa: J Auto Pneus E Peças | Cidade: Itatiaia | Tipo: Auto Pecas | Nota Google: 4.4 (17 avaliacoes) | Categorias: Oficina mecânica | Endereco: Zap ( 24 - 99888.2535 - Centro, Itatiaia - RJ, 27580-000, Brasil | DICA SDR: Negocio local do setor automotivo. O dono costuma estar no balcao ou na oficina. Pergunte pelo proprietario ou gerente. Destaque que o mercado de reposicao automotiva cresce forte e quem se posiciona digitalmente agora atrai clientes da regiao toda - nao so do bairro."
"Tigauto oficina mecânica e auto center","NUC x Tigauto oficina mecânica e auto center","+55 24 98148-5594","https://www.google.com/search?q=Tigauto+oficina+mec%C3%A2nica+e+auto+center+Itatiaia+instagram","Automotivo - Auto Center","Prospeccao Ativa","Itatiaia","Agenda com horarios ociosos; clientes so aparecem quando o carro quebra (nao tem preventivo agendado); dificuldade em mostrar diferenciais em relacao a concorrentes; depende de fluxo espontaneo.","Vi que a Tigauto oficina mecânica e auto center tem nota 5.0 em Itatiaia. Auto centers com boa reputacao online multiplicam o fluxo quando investem em posicionamento digital - clientes buscam no Google antes de levar o carro. Quero mostrar como.","Empresa: Tigauto oficina mecânica e auto center | Cidade: Itatiaia | Tipo: Auto Center | Nota Google: 5.0 (4 avaliacoes) | Categorias: Oficina mecânica | Endereco: Rua Wanderbilt Duarte de Barros, 1685 - Vila Pinheiro, Itatiaia - RJ, 27585-740, Brasil | DICA SDR: Negocio local do setor automotivo. O dono costuma estar no balcao ou na oficina. Pergunte pelo proprietario ou gerente. Destaque que o mercado de reposicao automotiva cresce forte e quem se posiciona digitalmente agora atrai clientes da regiao toda - nao so do bairro."
"Felipe auto elétrica","NUC x Felipe auto elétrica","+55 24 98157-9144","https://www.google.com/search?q=Felipe+auto+el%C3%A9trica+Itatiaia+instagram","Automotivo - Auto Eletrica","Prospeccao Ativa","Itatiaia","Servico tecnico que o cliente nao entende; dificuldade em explicar valor online; depende de indicacao; concorrencia com auto centers que oferecem o servico junto.","Vi que a Felipe auto elétrica e referencia em auto pecas em Itatiaia com 3 avaliacoes. O mercado de reposicao automotiva cresce 12% ao ano e quem investe em presenca digital atrai oficinas e clientes finais da regiao toda. Quero mostrar como potencializar isso.","Empresa: Felipe auto elétrica | Cidade: Itatiaia | Tipo: Auto Eletrica | Nota Google: 4.7 (3 avaliacoes) | Categorias: Mecânico | Endereco: R. Gomes Leite, 21 - Campo Alegre, Itatiaia - RJ, 27580-000, Brasil | DICA SDR: Negocio local do setor automotivo. O dono costuma estar no balcao ou na oficina. Pergunte pelo proprietario ou gerente. Destaque que o mercado de reposicao automotiva cresce forte e quem se posiciona digitalmente agora atrai clientes da regiao toda - nao so do bairro."
"Tigauto","NUC x Tigauto","+55 24 99299-6504","https://www.google.com/search?q=Tigauto+Itatiaia+instagram","Automotivo - Auto Pecas","Prospeccao Ativa","Itatiaia","Vendas dependem do fluxo de balcao e indicacao de mecanicos; dificuldade em atrair clientes finais que compram online; concorrencia com marketplaces (Mercado Livre, Shopee); estoque de pecas especificas que nao giram.","Vi que a Tigauto e referencia em auto pecas em Itatiaia com 1 avaliacoes. O mercado de reposicao automotiva cresce 12% ao ano e quem investe em presenca digital atrai oficinas e clientes finais da regiao toda. Quero mostrar como potencializar isso.","Empresa: Tigauto | Cidade: Itatiaia | Tipo: Auto Pecas | Nota Google: 1.0 (1 avaliacoes) | Categorias: Loja de autopeças | Endereco: Av. dos Expedicionários, 404 - Centro, Itatiaia - RJ, 27580-214, Brasil | DICA SDR: Negocio local do setor automotivo. O dono costuma estar no balcao ou na oficina. Pergunte pelo proprietario ou gerente. Destaque que o mercado de reposicao automotiva cresce forte e quem se posiciona digitalmente agora atrai clientes da regiao toda - nao so do bairro."
"Auto center Penedo","NUC x Auto center Penedo","+55 21 99903-3005","https://www.google.com/search?q=Auto+center+Penedo+Itatiaia+instagram","Automotivo - Auto Center","Prospeccao Ativa","Itatiaia","Agenda com horarios ociosos; clientes so aparecem quando o carro quebra (nao tem preventivo agendado); dificuldade em mostrar diferenciais em relacao a concorrentes; depende de fluxo espontaneo.","A Auto center Penedo ja e referencia em Itatiaia com 1 avaliacoes. Imagine atrair clientes de toda a regiao Sul Fluminense com uma estrategia digital que mostre seus diferenciais - quero apresentar como fazemos isso.","Empresa: Auto center Penedo | Cidade: Itatiaia | Tipo: Auto Center | Nota Google: 5.0 (1 avaliacoes) | Categorias: Mecânica para carros | Endereco: R. das Laranjeiras, 334 - Penedo, Itatiaia - RJ, 27598-000, Brasil | DICA SDR: Negocio local do setor automotivo. O dono costuma estar no balcao ou na oficina. Pergunte pelo proprietario ou gerente. Destaque que o mercado de reposicao automotiva cresce forte e quem se posiciona digitalmente agora atrai clientes da regiao toda - nao so do bairro."
"JR Autocenter Pinheiral","NUC x JR Autocenter Pinheiral","+55 24 97401-8654","https://www.google.com/search?q=JR+Autocenter+Pinheiral+Pinheiral+instagram","Automotivo - Auto Center","Prospeccao Ativa","Pinheiral","Agenda com horarios ociosos; clientes so aparecem quando o carro quebra (nao tem preventivo agendado); dificuldade em mostrar diferenciais em relacao a concorrentes; depende de fluxo espontaneo.","A JR Autocenter Pinheiral e um auto center bem avaliado em Pinheiral (30 avaliacoes). Auto centers que investem em marketing digital atraem clientes de cidades vizinhas e fidelizam com agendamento online. Quero apresentar como funciona.","Empresa: JR Autocenter Pinheiral | Cidade: Pinheiral | Tipo: Auto Center | Nota Google: 4.8 (30 avaliacoes) | Categorias: Oficina mecânica | Endereco: R. Nini Cambraia, 119 - Centro, Pinheiral - RJ, 27197-000, Brasil | DICA SDR: Negocio local do setor automotivo. O dono costuma estar no balcao ou na oficina. Pergunte pelo proprietario ou gerente. Destaque que o mercado de reposicao automotiva cresce forte e quem se posiciona digitalmente agora atrai clientes da regiao toda - nao so do bairro."
"Pinheiral autopeças","NUC x Pinheiral autopeças","+55 24 3356-4263","https://www.google.com/search?q=Pinheiral+autope%C3%A7as+Pinheiral+instagram","Automotivo - Auto Pecas","Prospeccao Ativa","Pinheiral","Vendas dependem do fluxo de balcao e indicacao de mecanicos; dificuldade em atrair clientes finais que compram online; concorrencia com marketplaces (Mercado Livre, Shopee); estoque de pecas especificas que nao giram.","Vi que a Pinheiral autopeças e referencia em auto pecas em Pinheiral com 10 avaliacoes. O mercado de reposicao automotiva cresce 12% ao ano e quem investe em presenca digital atrai oficinas e clientes finais da regiao toda. Quero mostrar como potencializar isso.","Empresa: Pinheiral autopeças | Cidade: Pinheiral | Tipo: Auto Pecas | Nota Google: 4.8 (10 avaliacoes) | Categorias: Loja de peças automotivas usadas | Endereco: Av. Nilton Pena Botelho, 738 - Parque Maíra, Pinheiral - RJ, 27197-000, Brasil | DICA SDR: Negocio local do setor automotivo. O dono costuma estar no balcao ou na oficina. Pergunte pelo proprietario ou gerente. Destaque que o mercado de reposicao automotiva cresce forte e quem se posiciona digitalmente agora atrai clientes da regiao toda - nao so do bairro."
"Rota 116 Sul Auto Peças Ltda","NUC x Rota 116 Sul Auto Peças Ltda","+55 24 3356-6541","https://www.google.com/search?q=Rota+116+Sul+Auto+Pe%C3%A7as+Ltda+Pinheiral+instagram","Automotivo - Auto Pecas","Prospeccao Ativa","Pinheiral","Vendas dependem do fluxo de balcao e indicacao de mecanicos; dificuldade em atrair clientes finais que compram online; concorrencia com marketplaces (Mercado Livre, Shopee); estoque de pecas especificas que nao giram.","Pesquisando auto pecas em Pinheiral, a Rota 116 Sul Auto Peças Ltda se destacou. O consumidor de hoje pesquisa no Google antes de comprar peca - quem aparece primeiro vende mais. Quero mostrar como colocar voces nessa posicao.","Empresa: Rota 116 Sul Auto Peças Ltda | Cidade: Pinheiral | Tipo: Auto Pecas | Categorias: Loja de autopeças, Oficina de carroceria | Endereco: R. Bahia, 51 - Loja 01 - São Jorge, Pinheiral - RJ, 27197-000, Brasil | DICA SDR: Negocio local do setor automotivo. O dono costuma estar no balcao ou na oficina. Pergunte pelo proprietario ou gerente. Destaque que o mercado de reposicao automotiva cresce forte e quem se posiciona digitalmente agora atrai clientes da regiao toda - nao so do bairro."
"Auto Center","NUC x Auto Center","Sem telefone cadastrado","https://www.google.com/search?q=Auto+Center+Pinheiral+instagram","Automotivo - Auto Center","Prospeccao Ativa","Pinheiral","Agenda com horarios ociosos; clientes so aparecem quando o carro quebra (nao tem preventivo agendado); dificuldade em mostrar diferenciais em relacao a concorrentes; depende de fluxo espontaneo.","A Auto Center e um auto center bem avaliado em Pinheiral (0 avaliacoes). Auto centers que investem em marketing digital atraem clientes de cidades vizinhas e fidelizam com agendamento online. Quero apresentar como funciona.","Empresa: Auto Center | Cidade: Pinheiral | Tipo: Auto Center | Categorias: Mecânica para carros | Endereco: Av. Nilton Pena Botelho, 702 - Parque Maíra, Pinheiral - RJ, 27197-000, Brasil | DICA SDR: Negocio local do setor automotivo. O dono costuma estar no balcao ou na oficina. Pergunte pelo proprietario ou gerente. Destaque que o mercado de reposicao automotiva cresce forte e quem se posiciona digitalmente agora atrai clientes da regiao toda - nao so do bairro."
"J.J Auto Elétrica","NUC x J.J Auto Elétrica","Sem telefone cadastrado","https://www.google.com/search?q=J.J+Auto+El%C3%A9trica+Porto+Real+instagram","Automotivo - Auto Eletrica","Prospeccao Ativa","Porto Real","Servico tecnico que o cliente nao entende; dificuldade em explicar valor online; depende de indicacao; concorrencia com auto centers que oferecem o servico junto.","Pesquisando auto pecas em Porto Real, a J.J Auto Elétrica se destacou. O consumidor de hoje pesquisa no Google antes de comprar peca - quem aparece primeiro vende mais. Quero mostrar como colocar voces nessa posicao.","Empresa: J.J Auto Elétrica | Cidade: Porto Real | Tipo: Auto Eletrica | Nota Google: 4.8 (56 avaliacoes) | Categorias: Autoelétrico | Endereco: Av. Dom Pedro II - Village, Porto Real - RJ, 27570-000, Brasil | DICA SDR: Negocio local do setor automotivo. O dono costuma estar no balcao ou na oficina. Pergunte pelo proprietario ou gerente. Destaque que o mercado de reposicao automotiva cresce forte e quem se posiciona digitalmente agora atrai clientes da regiao toda - nao so do bairro."
"Stock Car Auto Center","NUC x Stock Car Auto Center","+55 24 3353-4245","https://www.google.com/search?q=Stock+Car+Auto+Center+Porto+Real+instagram","Automotivo - Auto Center","Prospeccao Ativa","Porto Real","Agenda com horarios ociosos; clientes so aparecem quando o carro quebra (nao tem preventivo agendado); dificuldade em mostrar diferenciais em relacao a concorrentes; depende de fluxo espontaneo.","A Stock Car Auto Center e um auto center bem avaliado em Porto Real (52 avaliacoes). Auto centers que investem em marketing digital atraem clientes de cidades vizinhas e fidelizam com agendamento online. Quero apresentar como funciona.","Empresa: Stock Car Auto Center | Cidade: Porto Real | Tipo: Auto Center | Nota Google: 4.6 (52 avaliacoes) | Categorias: Oficina mecânica | Endereco: Zap ( 28 - 99964.4465 - Jardim Real, Porto Real - RJ, 27570-000, Brasil | DICA SDR: Negocio local do setor automotivo. O dono costuma estar no balcao ou na oficina. Pergunte pelo proprietario ou gerente. Destaque que o mercado de reposicao automotiva cresce forte e quem se posiciona digitalmente agora atrai clientes da regiao toda - nao so do bairro."
"Real Center Centro Automotivo","NUC x Real Center Centro Automotivo","+55 24 99982-5515","https://www.google.com/search?q=Real+Center+Centro+Automotivo+Porto+Real+instagram","Automotivo - Auto Center","Prospeccao Ativa","Porto Real","Agenda com horarios ociosos; clientes so aparecem quando o carro quebra (nao tem preventivo agendado); dificuldade em mostrar diferenciais em relacao a concorrentes; depende de fluxo espontaneo.","Vi que a Real Center Centro Automotivo tem nota 4.1 em Porto Real. Auto centers com boa reputacao online multiplicam o fluxo quando investem em posicionamento digital - clientes buscam no Google antes de levar o carro. Quero mostrar como.","Empresa: Real Center Centro Automotivo | Cidade: Porto Real | Tipo: Auto Center | Nota Google: 4.1 (46 avaliacoes) | Categorias: Oficina mecânica | Endereco: Zap ( 28 - 99964.4465 - Centro, Porto Real - RJ, 27570-000, Brasil | DICA SDR: Negocio local do setor automotivo. O dono costuma estar no balcao ou na oficina. Pergunte pelo proprietario ou gerente. Destaque que o mercado de reposicao automotiva cresce forte e quem se posiciona digitalmente agora atrai clientes da regiao toda - nao so do bairro."
"Auto Center real Leonardo","NUC x Auto Center real Leonardo","+55 24 99819-7737","https://www.google.com/search?q=Auto+Center+real+Leonardo+Porto+Real+instagram","Automotivo - Auto Center","Prospeccao Ativa","Porto Real","Agenda com horarios ociosos; clientes so aparecem quando o carro quebra (nao tem preventivo agendado); dificuldade em mostrar diferenciais em relacao a concorrentes; depende de fluxo espontaneo.","A Auto Center real Leonardo ja e referencia em Porto Real com 40 avaliacoes. Imagine atrair clientes de toda a regiao Sul Fluminense com uma estrategia digital que mostre seus diferenciais - quero apresentar como fazemos isso.","Empresa: Auto Center real Leonardo | Cidade: Porto Real | Tipo: Auto Center | Nota Google: 4.5 (40 avaliacoes) | Categorias: Centro de instalação de GNV para automóveis, Serviço de ar condicionado automotivo, Mecânica para carros | Endereco: AVENIDA DOM PEDRO, N° 961 - Centro, Porto Real - RJ, 27570-000, Brasil | DICA SDR: Negocio local do setor automotivo. O dono costuma estar no balcao ou na oficina. Pergunte pelo proprietario ou gerente. Destaque que o mercado de reposicao automotiva cresce forte e quem se posiciona digitalmente agora atrai clientes da regiao toda - nao so do bairro."
"Voltaço Auto Peças","NUC x Voltaço Auto Peças","+55 24 99216-7691","https://www.google.com/search?q=Volta%C3%A7o+Auto+Pe%C3%A7as+Porto+Real+instagram","Automotivo - Auto Pecas","Prospeccao Ativa","Porto Real","Vendas dependem do fluxo de balcao e indicacao de mecanicos; dificuldade em atrair clientes finais que compram online; concorrencia com marketplaces (Mercado Livre, Shopee); estoque de pecas especificas que nao giram.","Vi que a Voltaço Auto Peças e referencia em auto pecas em Porto Real com 36 avaliacoes. O mercado de reposicao automotiva cresce 12% ao ano e quem investe em presenca digital atrai oficinas e clientes finais da regiao toda. Quero mostrar como potencializar isso.","Empresa: Voltaço Auto Peças | Cidade: Porto Real | Tipo: Auto Pecas | Nota Google: 3.9 (36 avaliacoes) | Categorias: Loja de autopeças | Endereco: Centro, Porto Real - RJ, 27570-000, Brasil | DICA SDR: Negocio local do setor automotivo. O dono costuma estar no balcao ou na oficina. Pergunte pelo proprietario ou gerente. Destaque que o mercado de reposicao automotiva cresce forte e quem se posiciona digitalmente agora atrai clientes da regiao toda - nao so do bairro."
"RMF Auto Center","NUC x RMF Auto Center","+55 24 99278-1858","https://instagram.com/rmfautocenter?utm_medium=copy_link","Automotivo - Auto Center","Prospeccao Ativa","Porto Real","Agenda com horarios ociosos; clientes so aparecem quando o carro quebra (nao tem preventivo agendado); dificuldade em mostrar diferenciais em relacao a concorrentes; depende de fluxo espontaneo.","A RMF Auto Center ja e referencia em Porto Real com 30 avaliacoes. Imagine atrair clientes de toda a regiao Sul Fluminense com uma estrategia digital que mostre seus diferenciais - quero apresentar como fazemos isso.","Empresa: RMF Auto Center | Cidade: Porto Real | Tipo: Auto Center | Nota Google: 4.8 (30 avaliacoes) | Categorias: Oficina mecânica | Endereco: Av. B, s/n - Freitas Soares, Porto Real - RJ, 27570-000, Brasil | DICA SDR: Negocio local do setor automotivo. O dono costuma estar no balcao ou na oficina. Pergunte pelo proprietario ou gerente. Destaque que o mercado de reposicao automotiva cresce forte e quem se posiciona digitalmente agora atrai clientes da regiao toda - nao so do bairro."
